nohup: ignoring input
Train: torch.Size([14031, 5, 64, 32]), Valid: torch.Size([4677, 5, 64, 32]), Test: torch.Size([4678, 5, 64, 32])
Input shape: (C=5, H=144, W=72)
Epoch: 0, Con Train Loss 1: 4.18, Con Train Loss 2: 4.17, Train Loss: 8.35, Con Valid Loss 1: 4.07, Con Valid Loss 2: 4.08, Validation Loss: 8.14, Learning Rate: 0.0001
Epoch: 1, Con Train Loss 1: 3.34, Con Train Loss 2: 3.35, Train Loss: 6.69, Con Valid Loss 1: 3.82, Con Valid Loss 2: 3.83, Validation Loss: 7.65, Learning Rate: 0.0001
Epoch: 2, Con Train Loss 1: 3.15, Con Train Loss 2: 3.15, Train Loss: 6.30, Con Valid Loss 1: 3.73, Con Valid Loss 2: 3.73, Validation Loss: 7.46, Learning Rate: 0.0001
Epoch: 3, Con Train Loss 1: 3.04, Con Train Loss 2: 3.05, Train Loss: 6.09, Con Valid Loss 1: 3.66, Con Valid Loss 2: 3.67, Validation Loss: 7.33, Learning Rate: 0.0001
Epoch: 4, Con Train Loss 1: 2.98, Con Train Loss 2: 2.99, Train Loss: 5.97, Con Valid Loss 1: 3.65, Con Valid Loss 2: 3.64, Validation Loss: 7.29, Learning Rate: 0.0001
Epoch: 5, Con Train Loss 1: 2.94, Con Train Loss 2: 2.95, Train Loss: 5.89, Con Valid Loss 1: 3.63, Con Valid Loss 2: 3.63, Validation Loss: 7.25, Learning Rate: 0.0001
Epoch: 6, Con Train Loss 1: 2.91, Con Train Loss 2: 2.91, Train Loss: 5.82, Con Valid Loss 1: 3.62, Con Valid Loss 2: 3.61, Validation Loss: 7.23, Learning Rate: 0.0001
Epoch: 7, Con Train Loss 1: 2.88, Con Train Loss 2: 2.89, Train Loss: 5.77, Con Valid Loss 1: 3.64, Con Valid Loss 2: 3.64, Validation Loss: 7.28, Learning Rate: 0.0001
Epoch: 8, Con Train Loss 1: 2.86, Con Train Loss 2: 2.86, Train Loss: 5.72, Con Valid Loss 1: 3.63, Con Valid Loss 2: 3.61, Validation Loss: 7.25, Learning Rate: 0.0001
Epoch: 9, Con Train Loss 1: 2.83, Con Train Loss 2: 2.83, Train Loss: 5.67, Con Valid Loss 1: 3.64, Con Valid Loss 2: 3.62, Validation Loss: 7.26, Learning Rate: 0.0001
Epoch: 10, Con Train Loss 1: 2.81, Con Train Loss 2: 2.81, Train Loss: 5.61, Con Valid Loss 1: 3.65, Con Valid Loss 2: 3.63, Validation Loss: 7.28, Learning Rate: 0.0001
Epoch: 11, Con Train Loss 1: 2.78, Con Train Loss 2: 2.78, Train Loss: 5.57, Con Valid Loss 1: 3.66, Con Valid Loss 2: 3.64, Validation Loss: 7.30, Learning Rate: 0.0001
Epoch: 12, Con Train Loss 1: 2.76, Con Train Loss 2: 2.77, Train Loss: 5.53, Con Valid Loss 1: 3.65, Con Valid Loss 2: 3.63, Validation Loss: 7.27, Learning Rate: 0.0001
Epoch: 13, Con Train Loss 1: 2.74, Con Train Loss 2: 2.74, Train Loss: 5.48, Con Valid Loss 1: 3.68, Con Valid Loss 2: 3.66, Validation Loss: 7.34, Learning Rate: 0.0001
Epoch: 14, Con Train Loss 1: 2.72, Con Train Loss 2: 2.72, Train Loss: 5.44, Con Valid Loss 1: 3.65, Con Valid Loss 2: 3.64, Validation Loss: 7.29, Learning Rate: 0.0001
Epoch: 15, Con Train Loss 1: 2.70, Con Train Loss 2: 2.70, Train Loss: 5.41, Con Valid Loss 1: 3.67, Con Valid Loss 2: 3.65, Validation Loss: 7.32, Learning Rate: 0.0001
Epoch: 16, Con Train Loss 1: 2.69, Con Train Loss 2: 2.69, Train Loss: 5.38, Con Valid Loss 1: 3.69, Con Valid Loss 2: 3.66, Validation Loss: 7.35, Learning Rate: 0.0001
Epoch: 17, Con Train Loss 1: 2.67, Con Train Loss 2: 2.67, Train Loss: 5.34, Con Valid Loss 1: 3.70, Con Valid Loss 2: 3.69, Validation Loss: 7.39, Learning Rate: 0.0001
Epoch: 18, Con Train Loss 1: 2.64, Con Train Loss 2: 2.64, Train Loss: 5.28, Con Valid Loss 1: 3.69, Con Valid Loss 2: 3.67, Validation Loss: 7.36, Learning Rate: 1e-05
Epoch: 19, Con Train Loss 1: 2.63, Con Train Loss 2: 2.63, Train Loss: 5.26, Con Valid Loss 1: 3.70, Con Valid Loss 2: 3.69, Validation Loss: 7.39, Learning Rate: 1e-05
Epoch: 20, Con Train Loss 1: 2.62, Con Train Loss 2: 2.62, Train Loss: 5.25, Con Valid Loss 1: 3.71, Con Valid Loss 2: 3.69, Validation Loss: 7.40, Learning Rate: 1e-05
Epoch: 21, Con Train Loss 1: 2.62, Con Train Loss 2: 2.62, Train Loss: 5.24, Con Valid Loss 1: 3.70, Con Valid Loss 2: 3.69, Validation Loss: 7.39, Learning Rate: 1e-05
Epoch: 22, Con Train Loss 1: 2.62, Con Train Loss 2: 2.62, Train Loss: 5.23, Con Valid Loss 1: 3.72, Con Valid Loss 2: 3.70, Validation Loss: 7.41, Learning Rate: 1e-05
Epoch: 23, Con Train Loss 1: 2.61, Con Train Loss 2: 2.61, Train Loss: 5.23, Con Valid Loss 1: 3.71, Con Valid Loss 2: 3.70, Validation Loss: 7.41, Learning Rate: 1e-05
Epoch: 24, Con Train Loss 1: 2.61, Con Train Loss 2: 2.61, Train Loss: 5.22, Con Valid Loss 1: 3.72, Con Valid Loss 2: 3.71, Validation Loss: 7.43, Learning Rate: 1e-05
Epoch: 25, Con Train Loss 1: 2.61, Con Train Loss 2: 2.61, Train Loss: 5.21, Con Valid Loss 1: 3.73, Con Valid Loss 2: 3.70, Validation Loss: 7.43, Learning Rate: 1e-05
Epoch: 26, Con Train Loss 1: 2.60, Con Train Loss 2: 2.60, Train Loss: 5.21, Con Valid Loss 1: 3.71, Con Valid Loss 2: 3.69, Validation Loss: 7.41, Learning Rate: 1e-05
Epoch: 27, Con Train Loss 1: 2.60, Con Train Loss 2: 2.60, Train Loss: 5.20, Con Valid Loss 1: 3.73, Con Valid Loss 2: 3.70, Validation Loss: 7.43, Learning Rate: 1e-05
Epoch: 28, Con Train Loss 1: 2.60, Con Train Loss 2: 2.60, Train Loss: 5.20, Con Valid Loss 1: 3.73, Con Valid Loss 2: 3.72, Validation Loss: 7.45, Learning Rate: 1e-05
Epoch: 29, Con Train Loss 1: 2.60, Con Train Loss 2: 2.60, Train Loss: 5.19, Con Valid Loss 1: 3.73, Con Valid Loss 2: 3.71, Validation Loss: 7.44, Learning Rate: 1.0000000000000002e-06
Epoch: 30, Con Train Loss 1: 2.60, Con Train Loss 2: 2.60, Train Loss: 5.19, Con Valid Loss 1: 3.73, Con Valid Loss 2: 3.71, Validation Loss: 7.44, Learning Rate: 1.0000000000000002e-06
Epoch: 31, Con Train Loss 1: 2.60, Con Train Loss 2: 2.60, Train Loss: 5.19, Con Valid Loss 1: 3.72, Con Valid Loss 2: 3.71, Validation Loss: 7.43, Learning Rate: 1.0000000000000002e-06
Epoch: 32, Con Train Loss 1: 2.60, Con Train Loss 2: 2.60, Train Loss: 5.19, Con Valid Loss 1: 3.73, Con Valid Loss 2: 3.71, Validation Loss: 7.43, Learning Rate: 1.0000000000000002e-06
Epoch: 33, Con Train Loss 1: 2.59, Con Train Loss 2: 2.59, Train Loss: 5.19, Con Valid Loss 1: 3.73, Con Valid Loss 2: 3.72, Validation Loss: 7.45, Learning Rate: 1.0000000000000002e-06
Epoch: 34, Con Train Loss 1: 2.59, Con Train Loss 2: 2.59, Train Loss: 5.19, Con Valid Loss 1: 3.73, Con Valid Loss 2: 3.71, Validation Loss: 7.44, Learning Rate: 1.0000000000000002e-06
Epoch: 35, Con Train Loss 1: 2.59, Con Train Loss 2: 2.59, Train Loss: 5.19, Con Valid Loss 1: 3.73, Con Valid Loss 2: 3.71, Validation Loss: 7.45, Learning Rate: 1.0000000000000002e-06
Epoch: 36, Con Train Loss 1: 2.59, Con Train Loss 2: 2.59, Train Loss: 5.19, Con Valid Loss 1: 3.73, Con Valid Loss 2: 3.71, Validation Loss: 7.43, Learning Rate: 1.0000000000000002e-06
Epoch: 37, Con Train Loss 1: 2.59, Con Train Loss 2: 2.59, Train Loss: 5.19, Con Valid Loss 1: 3.74, Con Valid Loss 2: 3.72, Validation Loss: 7.46, Learning Rate: 1.0000000000000002e-06
Epoch: 38, Con Train Loss 1: 2.59, Con Train Loss 2: 2.59, Train Loss: 5.19, Con Valid Loss 1: 3.75, Con Valid Loss 2: 3.72, Validation Loss: 7.47, Learning Rate: 1.0000000000000002e-06
Epoch: 39, Con Train Loss 1: 2.59, Con Train Loss 2: 2.59, Train Loss: 5.18, Con Valid Loss 1: 3.74, Con Valid Loss 2: 3.72, Validation Loss: 7.45, Learning Rate: 1.0000000000000002e-06
Epoch: 40, Con Train Loss 1: 2.59, Con Train Loss 2: 2.59, Train Loss: 5.19, Con Valid Loss 1: 3.73, Con Valid Loss 2: 3.71, Validation Loss: 7.44, Learning Rate: 1.0000000000000002e-07
Epoch: 41, Con Train Loss 1: 2.59, Con Train Loss 2: 2.59, Train Loss: 5.18, Con Valid Loss 1: 3.74, Con Valid Loss 2: 3.72, Validation Loss: 7.45, Learning Rate: 1.0000000000000002e-07
Epoch: 42, Con Train Loss 1: 2.59, Con Train Loss 2: 2.59, Train Loss: 5.19, Con Valid Loss 1: 3.75, Con Valid Loss 2: 3.72, Validation Loss: 7.47, Learning Rate: 1.0000000000000002e-07
Epoch: 43, Con Train Loss 1: 2.59, Con Train Loss 2: 2.59, Train Loss: 5.18, Con Valid Loss 1: 3.74, Con Valid Loss 2: 3.72, Validation Loss: 7.46, Learning Rate: 1.0000000000000002e-07
Epoch: 44, Con Train Loss 1: 2.59, Con Train Loss 2: 2.59, Train Loss: 5.18, Con Valid Loss 1: 3.73, Con Valid Loss 2: 3.71, Validation Loss: 7.44, Learning Rate: 1.0000000000000002e-07
Epoch: 45, Con Train Loss 1: 2.59, Con Train Loss 2: 2.59, Train Loss: 5.18, Con Valid Loss 1: 3.74, Con Valid Loss 2: 3.71, Validation Loss: 7.45, Learning Rate: 1.0000000000000002e-07
Epoch: 46, Con Train Loss 1: 2.59, Con Train Loss 2: 2.59, Train Loss: 5.19, Con Valid Loss 1: 3.73, Con Valid Loss 2: 3.71, Validation Loss: 7.44, Learning Rate: 1.0000000000000002e-07
Epoch: 47, Con Train Loss 1: 2.59, Con Train Loss 2: 2.59, Train Loss: 5.18, Con Valid Loss 1: 3.74, Con Valid Loss 2: 3.72, Validation Loss: 7.46, Learning Rate: 1.0000000000000002e-07
Epoch: 48, Con Train Loss 1: 2.59, Con Train Loss 2: 2.59, Train Loss: 5.18, Con Valid Loss 1: 3.74, Con Valid Loss 2: 3.73, Validation Loss: 7.47, Learning Rate: 1.0000000000000002e-07
Epoch: 49, Con Train Loss 1: 2.59, Con Train Loss 2: 2.59, Train Loss: 5.18, Con Valid Loss 1: 3.73, Con Valid Loss 2: 3.71, Validation Loss: 7.44, Learning Rate: 1.0000000000000002e-07
Epoch: 50, Con Train Loss 1: 2.59, Con Train Loss 2: 2.59, Train Loss: 5.18, Con Valid Loss 1: 3.73, Con Valid Loss 2: 3.71, Validation Loss: 7.44, Learning Rate: 1.0000000000000002e-07
Epoch: 51, Con Train Loss 1: 2.59, Con Train Loss 2: 2.59, Train Loss: 5.18, Con Valid Loss 1: 3.73, Con Valid Loss 2: 3.70, Validation Loss: 7.43, Learning Rate: 1.0000000000000004e-08
Epoch: 52, Con Train Loss 1: 2.59, Con Train Loss 2: 2.59, Train Loss: 5.19, Con Valid Loss 1: 3.74, Con Valid Loss 2: 3.72, Validation Loss: 7.45, Learning Rate: 1.0000000000000004e-08
Epoch: 53, Con Train Loss 1: 2.59, Con Train Loss 2: 2.59, Train Loss: 5.18, Con Valid Loss 1: 3.74, Con Valid Loss 2: 3.73, Validation Loss: 7.46, Learning Rate: 1.0000000000000004e-08
Epoch: 54, Con Train Loss 1: 2.59, Con Train Loss 2: 2.59, Train Loss: 5.19, Con Valid Loss 1: 3.74, Con Valid Loss 2: 3.72, Validation Loss: 7.46, Learning Rate: 1.0000000000000004e-08
Epoch: 55, Con Train Loss 1: 2.59, Con Train Loss 2: 2.59, Train Loss: 5.18, Con Valid Loss 1: 3.74, Con Valid Loss 2: 3.70, Validation Loss: 7.44, Learning Rate: 1.0000000000000004e-08
Epoch: 56, Con Train Loss 1: 2.59, Con Train Loss 2: 2.59, Train Loss: 5.19, Con Valid Loss 1: 3.75, Con Valid Loss 2: 3.72, Validation Loss: 7.47, Learning Rate: 1.0000000000000004e-08
Epoch: 57, Con Train Loss 1: 2.59, Con Train Loss 2: 2.59, Train Loss: 5.18, Con Valid Loss 1: 3.74, Con Valid Loss 2: 3.71, Validation Loss: 7.45, Learning Rate: 1.0000000000000004e-08
Epoch: 58, Con Train Loss 1: 2.59, Con Train Loss 2: 2.59, Train Loss: 5.18, Con Valid Loss 1: 3.73, Con Valid Loss 2: 3.73, Validation Loss: 7.46, Learning Rate: 1.0000000000000004e-08
Epoch: 59, Con Train Loss 1: 2.59, Con Train Loss 2: 2.59, Train Loss: 5.19, Con Valid Loss 1: 3.74, Con Valid Loss 2: 3.73, Validation Loss: 7.46, Learning Rate: 1.0000000000000004e-08
Epoch: 60, Con Train Loss 1: 2.59, Con Train Loss 2: 2.59, Train Loss: 5.18, Con Valid Loss 1: 3.73, Con Valid Loss 2: 3.72, Validation Loss: 7.45, Learning Rate: 1.0000000000000004e-08
Epoch: 61, Con Train Loss 1: 2.59, Con Train Loss 2: 2.59, Train Loss: 5.18, Con Valid Loss 1: 3.73, Con Valid Loss 2: 3.72, Validation Loss: 7.45, Learning Rate: 1.0000000000000004e-08
Epoch: 62, Con Train Loss 1: 2.59, Con Train Loss 2: 2.59, Train Loss: 5.18, Con Valid Loss 1: 3.73, Con Valid Loss 2: 3.71, Validation Loss: 7.44, Learning Rate: 1.0000000000000004e-08
Epoch: 63, Con Train Loss 1: 2.59, Con Train Loss 2: 2.59, Train Loss: 5.18, Con Valid Loss 1: 3.73, Con Valid Loss 2: 3.70, Validation Loss: 7.43, Learning Rate: 1.0000000000000004e-08
Epoch: 64, Con Train Loss 1: 2.59, Con Train Loss 2: 2.59, Train Loss: 5.18, Con Valid Loss 1: 3.73, Con Valid Loss 2: 3.72, Validation Loss: 7.45, Learning Rate: 1.0000000000000004e-08
Epoch: 65, Con Train Loss 1: 2.59, Con Train Loss 2: 2.59, Train Loss: 5.18, Con Valid Loss 1: 3.73, Con Valid Loss 2: 3.70, Validation Loss: 7.43, Learning Rate: 1.0000000000000004e-08
Epoch: 66, Con Train Loss 1: 2.59, Con Train Loss 2: 2.59, Train Loss: 5.19, Con Valid Loss 1: 3.74, Con Valid Loss 2: 3.71, Validation Loss: 7.45, Learning Rate: 1.0000000000000004e-08
Epoch: 67, Con Train Loss 1: 2.59, Con Train Loss 2: 2.59, Train Loss: 5.19, Con Valid Loss 1: 3.74, Con Valid Loss 2: 3.72, Validation Loss: 7.45, Learning Rate: 1.0000000000000004e-08
Epoch: 68, Con Train Loss 1: 2.59, Con Train Loss 2: 2.59, Train Loss: 5.19, Con Valid Loss 1: 3.73, Con Valid Loss 2: 3.71, Validation Loss: 7.45, Learning Rate: 1.0000000000000004e-08
Epoch: 69, Con Train Loss 1: 2.59, Con Train Loss 2: 2.59, Train Loss: 5.18, Con Valid Loss 1: 3.74, Con Valid Loss 2: 3.73, Validation Loss: 7.47, Learning Rate: 1.0000000000000004e-08
Epoch: 70, Con Train Loss 1: 2.59, Con Train Loss 2: 2.59, Train Loss: 5.19, Con Valid Loss 1: 3.73, Con Valid Loss 2: 3.72, Validation Loss: 7.44, Learning Rate: 1.0000000000000004e-08
Epoch: 71, Con Train Loss 1: 2.59, Con Train Loss 2: 2.59, Train Loss: 5.18, Con Valid Loss 1: 3.73, Con Valid Loss 2: 3.71, Validation Loss: 7.44, Learning Rate: 1.0000000000000004e-08
Epoch: 72, Con Train Loss 1: 2.59, Con Train Loss 2: 2.59, Train Loss: 5.18, Con Valid Loss 1: 3.73, Con Valid Loss 2: 3.72, Validation Loss: 7.46, Learning Rate: 1.0000000000000004e-08
Epoch: 73, Con Train Loss 1: 2.59, Con Train Loss 2: 2.59, Train Loss: 5.19, Con Valid Loss 1: 3.74, Con Valid Loss 2: 3.72, Validation Loss: 7.46, Learning Rate: 1.0000000000000004e-08
Epoch: 74, Con Train Loss 1: 2.59, Con Train Loss 2: 2.59, Train Loss: 5.19, Con Valid Loss 1: 3.73, Con Valid Loss 2: 3.71, Validation Loss: 7.44, Learning Rate: 1.0000000000000004e-08
Epoch: 75, Con Train Loss 1: 2.59, Con Train Loss 2: 2.59, Train Loss: 5.18, Con Valid Loss 1: 3.74, Con Valid Loss 2: 3.72, Validation Loss: 7.47, Learning Rate: 1.0000000000000004e-08
Epoch: 76, Con Train Loss 1: 2.59, Con Train Loss 2: 2.59, Train Loss: 5.18, Con Valid Loss 1: 3.73, Con Valid Loss 2: 3.70, Validation Loss: 7.43, Learning Rate: 1.0000000000000004e-08
Epoch: 77, Con Train Loss 1: 2.59, Con Train Loss 2: 2.59, Train Loss: 5.18, Con Valid Loss 1: 3.74, Con Valid Loss 2: 3.72, Validation Loss: 7.47, Learning Rate: 1.0000000000000004e-08
Epoch: 78, Con Train Loss 1: 2.59, Con Train Loss 2: 2.59, Train Loss: 5.18, Con Valid Loss 1: 3.73, Con Valid Loss 2: 3.71, Validation Loss: 7.44, Learning Rate: 1.0000000000000004e-08
Epoch: 79, Con Train Loss 1: 2.59, Con Train Loss 2: 2.59, Train Loss: 5.18, Con Valid Loss 1: 3.73, Con Valid Loss 2: 3.71, Validation Loss: 7.43, Learning Rate: 1.0000000000000004e-08
Epoch: 80, Con Train Loss 1: 2.59, Con Train Loss 2: 2.59, Train Loss: 5.18, Con Valid Loss 1: 3.74, Con Valid Loss 2: 3.72, Validation Loss: 7.46, Learning Rate: 1.0000000000000004e-08
Epoch: 81, Con Train Loss 1: 2.59, Con Train Loss 2: 2.59, Train Loss: 5.18, Con Valid Loss 1: 3.74, Con Valid Loss 2: 3.72, Validation Loss: 7.46, Learning Rate: 1.0000000000000004e-08
Epoch: 82, Con Train Loss 1: 2.59, Con Train Loss 2: 2.59, Train Loss: 5.18, Con Valid Loss 1: 3.73, Con Valid Loss 2: 3.72, Validation Loss: 7.45, Learning Rate: 1.0000000000000004e-08
Epoch: 83, Con Train Loss 1: 2.59, Con Train Loss 2: 2.59, Train Loss: 5.18, Con Valid Loss 1: 3.74, Con Valid Loss 2: 3.71, Validation Loss: 7.45, Learning Rate: 1.0000000000000004e-08
Epoch: 84, Con Train Loss 1: 2.59, Con Train Loss 2: 2.59, Train Loss: 5.18, Con Valid Loss 1: 3.73, Con Valid Loss 2: 3.71, Validation Loss: 7.44, Learning Rate: 1.0000000000000004e-08
Epoch: 85, Con Train Loss 1: 2.59, Con Train Loss 2: 2.59, Train Loss: 5.18, Con Valid Loss 1: 3.73, Con Valid Loss 2: 3.72, Validation Loss: 7.44, Learning Rate: 1.0000000000000004e-08
Epoch: 86, Con Train Loss 1: 2.59, Con Train Loss 2: 2.59, Train Loss: 5.18, Con Valid Loss 1: 3.73, Con Valid Loss 2: 3.71, Validation Loss: 7.45, Learning Rate: 1.0000000000000004e-08
Epoch: 87, Con Train Loss 1: 2.59, Con Train Loss 2: 2.59, Train Loss: 5.18, Con Valid Loss 1: 3.74, Con Valid Loss 2: 3.71, Validation Loss: 7.46, Learning Rate: 1.0000000000000004e-08
Epoch: 88, Con Train Loss 1: 2.59, Con Train Loss 2: 2.59, Train Loss: 5.18, Con Valid Loss 1: 3.74, Con Valid Loss 2: 3.72, Validation Loss: 7.45, Learning Rate: 1.0000000000000004e-08
Epoch: 89, Con Train Loss 1: 2.59, Con Train Loss 2: 2.59, Train Loss: 5.19, Con Valid Loss 1: 3.74, Con Valid Loss 2: 3.72, Validation Loss: 7.46, Learning Rate: 1.0000000000000004e-08
Epoch: 90, Con Train Loss 1: 2.59, Con Train Loss 2: 2.59, Train Loss: 5.18, Con Valid Loss 1: 3.73, Con Valid Loss 2: 3.71, Validation Loss: 7.43, Learning Rate: 1.0000000000000004e-08
Epoch: 91, Con Train Loss 1: 2.59, Con Train Loss 2: 2.59, Train Loss: 5.18, Con Valid Loss 1: 3.75, Con Valid Loss 2: 3.72, Validation Loss: 7.47, Learning Rate: 1.0000000000000004e-08
Epoch: 92, Con Train Loss 1: 2.59, Con Train Loss 2: 2.59, Train Loss: 5.18, Con Valid Loss 1: 3.74, Con Valid Loss 2: 3.71, Validation Loss: 7.45, Learning Rate: 1.0000000000000004e-08
Epoch: 93, Con Train Loss 1: 2.59, Con Train Loss 2: 2.59, Train Loss: 5.19, Con Valid Loss 1: 3.74, Con Valid Loss 2: 3.72, Validation Loss: 7.46, Learning Rate: 1.0000000000000004e-08
Epoch: 94, Con Train Loss 1: 2.59, Con Train Loss 2: 2.59, Train Loss: 5.18, Con Valid Loss 1: 3.74, Con Valid Loss 2: 3.72, Validation Loss: 7.46, Learning Rate: 1.0000000000000004e-08
Epoch: 95, Con Train Loss 1: 2.59, Con Train Loss 2: 2.59, Train Loss: 5.18, Con Valid Loss 1: 3.74, Con Valid Loss 2: 3.72, Validation Loss: 7.46, Learning Rate: 1.0000000000000004e-08
Epoch: 96, Con Train Loss 1: 2.59, Con Train Loss 2: 2.59, Train Loss: 5.18, Con Valid Loss 1: 3.74, Con Valid Loss 2: 3.71, Validation Loss: 7.45, Learning Rate: 1.0000000000000004e-08
Epoch: 97, Con Train Loss 1: 2.59, Con Train Loss 2: 2.59, Train Loss: 5.18, Con Valid Loss 1: 3.74, Con Valid Loss 2: 3.72, Validation Loss: 7.45, Learning Rate: 1.0000000000000004e-08
Epoch: 98, Con Train Loss 1: 2.59, Con Train Loss 2: 2.59, Train Loss: 5.18, Con Valid Loss 1: 3.73, Con Valid Loss 2: 3.71, Validation Loss: 7.44, Learning Rate: 1.0000000000000004e-08
Epoch: 99, Con Train Loss 1: 2.59, Con Train Loss 2: 2.59, Train Loss: 5.19, Con Valid Loss 1: 3.73, Con Valid Loss 2: 3.70, Validation Loss: 7.43, Learning Rate: 1.0000000000000004e-08
Fine Tuning Both
/vol/bitbucket/nb324/masters_project/.venv/lib/python3.12/site-packages/numpy/_core/fromnumeric.py:3904: RuntimeWarning: Mean of empty slice.
  return _methods._mean(a, axis=axis, dtype=dtype,
/vol/bitbucket/nb324/masters_project/.venv/lib/python3.12/site-packages/numpy/_core/_methods.py:147: RuntimeWarning: invalid value encountered in scalar divide
  ret = ret.dtype.type(ret / rcount)
Epoch: 0, Alpha: 1.00
  Total Train Loss:        11.52
    Contrastive Train Loss: 11.52
    Overall Recon Train Loss: 3.13
    Recon Train Loss:       0.63
    Cycle Train Loss:       nan
  Total Valid Loss:        11.57
    Contrastive Valid Loss: 11.57
    Overall Recon Valid Loss: 2.11
    Recon Valid Loss:       0.42
    Cycle Valid Loss:       nan
Learning Rate: 0.0001
Epoch: 1, Alpha: 0.99
  Total Train Loss:        9.56
    Contrastive Train Loss: 9.63
    Overall Recon Train Loss: 2.20
    Recon Train Loss:       0.44
    Cycle Train Loss:       nan
  Total Valid Loss:        11.02
    Contrastive Valid Loss: 11.11
    Overall Recon Valid Loss: 1.88
    Recon Valid Loss:       0.38
    Cycle Valid Loss:       nan
Learning Rate: 0.0001
Epoch: 2, Alpha: 0.98
  Total Train Loss:        9.15
    Contrastive Train Loss: 9.29
    Overall Recon Train Loss: 2.05
    Recon Train Loss:       0.41
    Cycle Train Loss:       nan
  Total Valid Loss:        10.82
    Contrastive Valid Loss: 11.00
    Overall Recon Valid Loss: 1.83
    Recon Valid Loss:       0.37
    Cycle Valid Loss:       nan
Learning Rate: 0.0001
Epoch: 3, Alpha: 0.97
  Total Train Loss:        8.91
    Contrastive Train Loss: 9.12
    Overall Recon Train Loss: 1.97
    Recon Train Loss:       0.39
    Cycle Train Loss:       nan
  Total Valid Loss:        10.63
    Contrastive Valid Loss: 10.90
    Overall Recon Valid Loss: 1.79
    Recon Valid Loss:       0.36
    Cycle Valid Loss:       nan
Learning Rate: 0.0001
Epoch: 4, Alpha: 0.96
  Total Train Loss:        8.71
    Contrastive Train Loss: 8.99
    Overall Recon Train Loss: 1.92
    Recon Train Loss:       0.38
    Cycle Train Loss:       nan
  Total Valid Loss:        10.48
    Contrastive Valid Loss: 10.84
    Overall Recon Valid Loss: 1.74
    Recon Valid Loss:       0.35
    Cycle Valid Loss:       nan
Learning Rate: 0.0001
Epoch: 5, Alpha: 0.95
  Total Train Loss:        8.53
    Contrastive Train Loss: 8.87
    Overall Recon Train Loss: 1.87
    Recon Train Loss:       0.37
    Cycle Train Loss:       nan
  Total Valid Loss:        10.29
    Contrastive Valid Loss: 10.73
    Overall Recon Valid Loss: 1.68
    Recon Valid Loss:       0.34
    Cycle Valid Loss:       nan
Learning Rate: 0.0001
Epoch: 6, Alpha: 0.94
  Total Train Loss:        8.36
    Contrastive Train Loss: 8.76
    Overall Recon Train Loss: 1.82
    Recon Train Loss:       0.36
    Cycle Train Loss:       nan
  Total Valid Loss:        10.13
    Contrastive Valid Loss: 10.66
    Overall Recon Valid Loss: 1.65
    Recon Valid Loss:       0.33
    Cycle Valid Loss:       nan
Learning Rate: 0.0001
Epoch: 7, Alpha: 0.93
  Total Train Loss:        8.19
    Contrastive Train Loss: 8.65
    Overall Recon Train Loss: 1.77
    Recon Train Loss:       0.35
    Cycle Train Loss:       nan
  Total Valid Loss:        10.00
    Contrastive Valid Loss: 10.61
    Overall Recon Valid Loss: 1.59
    Recon Valid Loss:       0.32
    Cycle Valid Loss:       nan
Learning Rate: 0.0001
Epoch: 8, Alpha: 0.92
  Total Train Loss:        8.01
    Contrastive Train Loss: 8.54
    Overall Recon Train Loss: 1.72
    Recon Train Loss:       0.34
    Cycle Train Loss:       nan
  Total Valid Loss:        9.82
    Contrastive Valid Loss: 10.50
    Overall Recon Valid Loss: 1.54
    Recon Valid Loss:       0.31
    Cycle Valid Loss:       nan
Learning Rate: 0.0001
Epoch: 9, Alpha: 0.91
  Total Train Loss:        7.87
    Contrastive Train Loss: 8.45
    Overall Recon Train Loss: 1.68
    Recon Train Loss:       0.34
    Cycle Train Loss:       nan
  Total Valid Loss:        9.67
    Contrastive Valid Loss: 10.44
    Overall Recon Valid Loss: 1.50
    Recon Valid Loss:       0.30
    Cycle Valid Loss:       nan
Learning Rate: 0.0001
Epoch: 10, Alpha: 0.90
  Total Train Loss:        7.73
    Contrastive Train Loss: 8.37
    Overall Recon Train Loss: 1.65
    Recon Train Loss:       0.33
    Cycle Train Loss:       nan
  Total Valid Loss:        9.55
    Contrastive Valid Loss: 10.40
    Overall Recon Valid Loss: 1.47
    Recon Valid Loss:       0.29
    Cycle Valid Loss:       nan
Learning Rate: 0.0001
Epoch: 11, Alpha: 0.90
  Total Train Loss:        7.60
    Contrastive Train Loss: 8.29
    Overall Recon Train Loss: 1.61
    Recon Train Loss:       0.32
    Cycle Train Loss:       nan
  Total Valid Loss:        9.42
    Contrastive Valid Loss: 10.35
    Overall Recon Valid Loss: 1.46
    Recon Valid Loss:       0.29
    Cycle Valid Loss:       nan
Learning Rate: 0.0001
Epoch: 12, Alpha: 0.89
  Total Train Loss:        7.47
    Contrastive Train Loss: 8.22
    Overall Recon Train Loss: 1.58
    Recon Train Loss:       0.32
    Cycle Train Loss:       nan
  Total Valid Loss:        9.30
    Contrastive Valid Loss: 10.31
    Overall Recon Valid Loss: 1.41
    Recon Valid Loss:       0.28
    Cycle Valid Loss:       nan
Learning Rate: 0.0001
Epoch: 13, Alpha: 0.88
  Total Train Loss:        7.34
    Contrastive Train Loss: 8.14
    Overall Recon Train Loss: 1.55
    Recon Train Loss:       0.31
    Cycle Train Loss:       nan
  Total Valid Loss:        9.16
    Contrastive Valid Loss: 10.24
    Overall Recon Valid Loss: 1.38
    Recon Valid Loss:       0.28
    Cycle Valid Loss:       nan
Learning Rate: 0.0001
Epoch: 14, Alpha: 0.87
  Total Train Loss:        7.22
    Contrastive Train Loss: 8.07
    Overall Recon Train Loss: 1.52
    Recon Train Loss:       0.30
    Cycle Train Loss:       nan
  Total Valid Loss:        9.07
    Contrastive Valid Loss: 10.23
    Overall Recon Valid Loss: 1.37
    Recon Valid Loss:       0.27
    Cycle Valid Loss:       nan
Learning Rate: 0.0001
Epoch: 15, Alpha: 0.86
  Total Train Loss:        7.10
    Contrastive Train Loss: 8.01
    Overall Recon Train Loss: 1.49
    Recon Train Loss:       0.30
    Cycle Train Loss:       nan
  Total Valid Loss:        8.94
    Contrastive Valid Loss: 10.18
    Overall Recon Valid Loss: 1.33
    Recon Valid Loss:       0.27
    Cycle Valid Loss:       nan
Learning Rate: 0.0001
Epoch: 16, Alpha: 0.85
  Total Train Loss:        6.99
    Contrastive Train Loss: 7.94
    Overall Recon Train Loss: 1.46
    Recon Train Loss:       0.29
    Cycle Train Loss:       nan
  Total Valid Loss:        8.81
    Contrastive Valid Loss: 10.11
    Overall Recon Valid Loss: 1.30
    Recon Valid Loss:       0.26
    Cycle Valid Loss:       nan
Learning Rate: 0.0001
Epoch: 17, Alpha: 0.84
  Total Train Loss:        6.87
    Contrastive Train Loss: 7.88
    Overall Recon Train Loss: 1.43
    Recon Train Loss:       0.29
    Cycle Train Loss:       nan
  Total Valid Loss:        8.71
    Contrastive Valid Loss: 10.09
    Overall Recon Valid Loss: 1.27
    Recon Valid Loss:       0.25
    Cycle Valid Loss:       nan
Learning Rate: 0.0001
Epoch: 18, Alpha: 0.84
  Total Train Loss:        6.77
    Contrastive Train Loss: 7.83
    Overall Recon Train Loss: 1.41
    Recon Train Loss:       0.28
    Cycle Train Loss:       nan
  Total Valid Loss:        8.61
    Contrastive Valid Loss: 10.07
    Overall Recon Valid Loss: 1.25
    Recon Valid Loss:       0.25
    Cycle Valid Loss:       nan
Learning Rate: 0.0001
Epoch: 19, Alpha: 0.83
  Total Train Loss:        6.67
    Contrastive Train Loss: 7.77
    Overall Recon Train Loss: 1.38
    Recon Train Loss:       0.28
    Cycle Train Loss:       nan
  Total Valid Loss:        8.50
    Contrastive Valid Loss: 10.02
    Overall Recon Valid Loss: 1.22
    Recon Valid Loss:       0.24
    Cycle Valid Loss:       nan
Learning Rate: 0.0001
Epoch: 20, Alpha: 0.82
  Total Train Loss:        6.57
    Contrastive Train Loss: 7.72
    Overall Recon Train Loss: 1.35
    Recon Train Loss:       0.27
    Cycle Train Loss:       nan
  Total Valid Loss:        8.42
    Contrastive Valid Loss: 10.01
    Overall Recon Valid Loss: 1.20
    Recon Valid Loss:       0.24
    Cycle Valid Loss:       nan
Learning Rate: 0.0001
Epoch: 21, Alpha: 0.81
  Total Train Loss:        6.47
    Contrastive Train Loss: 7.67
    Overall Recon Train Loss: 1.33
    Recon Train Loss:       0.27
    Cycle Train Loss:       nan
  Total Valid Loss:        8.33
    Contrastive Valid Loss: 10.00
    Overall Recon Valid Loss: 1.18
    Recon Valid Loss:       0.24
    Cycle Valid Loss:       nan
Learning Rate: 0.0001
Epoch: 22, Alpha: 0.80
  Total Train Loss:        6.38
    Contrastive Train Loss: 7.62
    Overall Recon Train Loss: 1.31
    Recon Train Loss:       0.26
    Cycle Train Loss:       nan
  Total Valid Loss:        8.21
    Contrastive Valid Loss: 9.95
    Overall Recon Valid Loss: 1.16
    Recon Valid Loss:       0.23
    Cycle Valid Loss:       nan
Learning Rate: 0.0001
Epoch: 23, Alpha: 0.79
  Total Train Loss:        6.29
    Contrastive Train Loss: 7.59
    Overall Recon Train Loss: 1.29
    Recon Train Loss:       0.26
    Cycle Train Loss:       nan
  Total Valid Loss:        8.15
    Contrastive Valid Loss: 9.96
    Overall Recon Valid Loss: 1.14
    Recon Valid Loss:       0.23
    Cycle Valid Loss:       nan
Learning Rate: 0.0001
Epoch: 24, Alpha: 0.79
  Total Train Loss:        6.21
    Contrastive Train Loss: 7.55
    Overall Recon Train Loss: 1.28
    Recon Train Loss:       0.26
    Cycle Train Loss:       nan
  Total Valid Loss:        8.04
    Contrastive Valid Loss: 9.92
    Overall Recon Valid Loss: 1.13
    Recon Valid Loss:       0.23
    Cycle Valid Loss:       nan
Learning Rate: 0.0001
Epoch: 25, Alpha: 0.78
  Total Train Loss:        6.13
    Contrastive Train Loss: 7.51
    Overall Recon Train Loss: 1.26
    Recon Train Loss:       0.25
    Cycle Train Loss:       nan
  Total Valid Loss:        7.99
    Contrastive Valid Loss: 9.94
    Overall Recon Valid Loss: 1.11
    Recon Valid Loss:       0.22
    Cycle Valid Loss:       nan
Learning Rate: 0.0001
Epoch: 26, Alpha: 0.77
  Total Train Loss:        6.05
    Contrastive Train Loss: 7.47
    Overall Recon Train Loss: 1.24
    Recon Train Loss:       0.25
    Cycle Train Loss:       nan
  Total Valid Loss:        7.86
    Contrastive Valid Loss: 9.86
    Overall Recon Valid Loss: 1.10
    Recon Valid Loss:       0.22
    Cycle Valid Loss:       nan
Learning Rate: 0.0001
Epoch: 27, Alpha: 0.76
  Total Train Loss:        5.96
    Contrastive Train Loss: 7.43
    Overall Recon Train Loss: 1.22
    Recon Train Loss:       0.24
    Cycle Train Loss:       nan
  Total Valid Loss:        7.79
    Contrastive Valid Loss: 9.87
    Overall Recon Valid Loss: 1.09
    Recon Valid Loss:       0.22
    Cycle Valid Loss:       nan
Learning Rate: 0.0001
Epoch: 28, Alpha: 0.76
  Total Train Loss:        5.89
    Contrastive Train Loss: 7.40
    Overall Recon Train Loss: 1.20
    Recon Train Loss:       0.24
    Cycle Train Loss:       nan
  Total Valid Loss:        7.70
    Contrastive Valid Loss: 9.84
    Overall Recon Valid Loss: 1.07
    Recon Valid Loss:       0.21
    Cycle Valid Loss:       nan
Learning Rate: 0.0001
Epoch: 29, Alpha: 0.75
  Total Train Loss:        5.81
    Contrastive Train Loss: 7.36
    Overall Recon Train Loss: 1.19
    Recon Train Loss:       0.24
    Cycle Train Loss:       nan
  Total Valid Loss:        7.59
    Contrastive Valid Loss: 9.79
    Overall Recon Valid Loss: 1.06
    Recon Valid Loss:       0.21
    Cycle Valid Loss:       nan
Learning Rate: 0.0001
Epoch: 30, Alpha: 0.74
  Total Train Loss:        5.73
    Contrastive Train Loss: 7.33
    Overall Recon Train Loss: 1.17
    Recon Train Loss:       0.23
    Cycle Train Loss:       nan
  Total Valid Loss:        7.55
    Contrastive Valid Loss: 9.83
    Overall Recon Valid Loss: 1.04
    Recon Valid Loss:       0.21
    Cycle Valid Loss:       nan
Learning Rate: 0.0001
Epoch: 31, Alpha: 0.73
  Total Train Loss:        5.66
    Contrastive Train Loss: 7.29
    Overall Recon Train Loss: 1.16
    Recon Train Loss:       0.23
    Cycle Train Loss:       nan
  Total Valid Loss:        7.47
    Contrastive Valid Loss: 9.81
    Overall Recon Valid Loss: 1.03
    Recon Valid Loss:       0.21
    Cycle Valid Loss:       nan
Learning Rate: 0.0001
Epoch: 32, Alpha: 0.73
  Total Train Loss:        5.59
    Contrastive Train Loss: 7.27
    Overall Recon Train Loss: 1.14
    Recon Train Loss:       0.23
    Cycle Train Loss:       nan
  Total Valid Loss:        7.41
    Contrastive Valid Loss: 9.81
    Overall Recon Valid Loss: 1.02
    Recon Valid Loss:       0.20
    Cycle Valid Loss:       nan
Learning Rate: 0.0001
Epoch: 33, Alpha: 0.72
  Total Train Loss:        5.52
    Contrastive Train Loss: 7.24
    Overall Recon Train Loss: 1.13
    Recon Train Loss:       0.23
    Cycle Train Loss:       nan
  Total Valid Loss:        7.32
    Contrastive Valid Loss: 9.78
    Overall Recon Valid Loss: 1.01
    Recon Valid Loss:       0.20
    Cycle Valid Loss:       nan
Learning Rate: 0.0001
Epoch: 34, Alpha: 0.71
  Total Train Loss:        5.45
    Contrastive Train Loss: 7.21
    Overall Recon Train Loss: 1.12
    Recon Train Loss:       0.22
    Cycle Train Loss:       nan
  Total Valid Loss:        7.27
    Contrastive Valid Loss: 9.80
    Overall Recon Valid Loss: 1.01
    Recon Valid Loss:       0.20
    Cycle Valid Loss:       nan
Learning Rate: 0.0001
Epoch: 35, Alpha: 0.70
  Total Train Loss:        5.39
    Contrastive Train Loss: 7.18
    Overall Recon Train Loss: 1.11
    Recon Train Loss:       0.22
    Cycle Train Loss:       nan
  Total Valid Loss:        7.19
    Contrastive Valid Loss: 9.78
    Overall Recon Valid Loss: 1.00
    Recon Valid Loss:       0.20
    Cycle Valid Loss:       nan
Learning Rate: 0.0001
Epoch: 36, Alpha: 0.70
  Total Train Loss:        5.32
    Contrastive Train Loss: 7.15
    Overall Recon Train Loss: 1.09
    Recon Train Loss:       0.22
    Cycle Train Loss:       nan
  Total Valid Loss:        7.13
    Contrastive Valid Loss: 9.80
    Overall Recon Valid Loss: 0.99
    Recon Valid Loss:       0.20
    Cycle Valid Loss:       nan
Learning Rate: 0.0001
Epoch: 37, Alpha: 0.69
  Total Train Loss:        5.26
    Contrastive Train Loss: 7.13
    Overall Recon Train Loss: 1.08
    Recon Train Loss:       0.22
    Cycle Train Loss:       nan
  Total Valid Loss:        7.05
    Contrastive Valid Loss: 9.77
    Overall Recon Valid Loss: 0.97
    Recon Valid Loss:       0.19
    Cycle Valid Loss:       nan
Learning Rate: 0.0001
Epoch: 38, Alpha: 0.68
  Total Train Loss:        5.20
    Contrastive Train Loss: 7.10
    Overall Recon Train Loss: 1.07
    Recon Train Loss:       0.21
    Cycle Train Loss:       nan
  Total Valid Loss:        6.97
    Contrastive Valid Loss: 9.75
    Overall Recon Valid Loss: 0.97
    Recon Valid Loss:       0.19
    Cycle Valid Loss:       nan
Learning Rate: 0.0001
Epoch: 39, Alpha: 0.68
  Total Train Loss:        5.14
    Contrastive Train Loss: 7.08
    Overall Recon Train Loss: 1.06
    Recon Train Loss:       0.21
    Cycle Train Loss:       nan
  Total Valid Loss:        6.90
    Contrastive Valid Loss: 9.73
    Overall Recon Valid Loss: 0.96
    Recon Valid Loss:       0.19
    Cycle Valid Loss:       nan
Learning Rate: 0.0001
Epoch: 40, Alpha: 0.67
  Total Train Loss:        5.08
    Contrastive Train Loss: 7.06
    Overall Recon Train Loss: 1.05
    Recon Train Loss:       0.21
    Cycle Train Loss:       nan
  Total Valid Loss:        6.86
    Contrastive Valid Loss: 9.76
    Overall Recon Valid Loss: 0.96
    Recon Valid Loss:       0.19
    Cycle Valid Loss:       nan
Learning Rate: 0.0001
Epoch: 41, Alpha: 0.66
  Total Train Loss:        5.02
    Contrastive Train Loss: 7.04
    Overall Recon Train Loss: 1.04
    Recon Train Loss:       0.21
    Cycle Train Loss:       nan
  Total Valid Loss:        6.81
    Contrastive Valid Loss: 9.78
    Overall Recon Valid Loss: 0.95
    Recon Valid Loss:       0.19
    Cycle Valid Loss:       nan
Learning Rate: 0.0001
Epoch: 42, Alpha: 0.66
  Total Train Loss:        4.96
    Contrastive Train Loss: 7.01
    Overall Recon Train Loss: 1.03
    Recon Train Loss:       0.21
    Cycle Train Loss:       nan
  Total Valid Loss:        6.72
    Contrastive Valid Loss: 9.73
    Overall Recon Valid Loss: 0.94
    Recon Valid Loss:       0.19
    Cycle Valid Loss:       nan
Learning Rate: 0.0001
Epoch: 43, Alpha: 0.65
  Total Train Loss:        4.91
    Contrastive Train Loss: 7.00
    Overall Recon Train Loss: 1.02
    Recon Train Loss:       0.20
    Cycle Train Loss:       nan
  Total Valid Loss:        6.65
    Contrastive Valid Loss: 9.71
    Overall Recon Valid Loss: 0.94
    Recon Valid Loss:       0.19
    Cycle Valid Loss:       nan
Learning Rate: 0.0001
Epoch: 44, Alpha: 0.64
  Total Train Loss:        4.86
    Contrastive Train Loss: 6.98
    Overall Recon Train Loss: 1.01
    Recon Train Loss:       0.20
    Cycle Train Loss:       nan
  Total Valid Loss:        6.61
    Contrastive Valid Loss: 9.75
    Overall Recon Valid Loss: 0.94
    Recon Valid Loss:       0.19
    Cycle Valid Loss:       nan
Learning Rate: 0.0001
Epoch: 45, Alpha: 0.64
  Total Train Loss:        4.80
    Contrastive Train Loss: 6.96
    Overall Recon Train Loss: 1.01
    Recon Train Loss:       0.20
    Cycle Train Loss:       nan
  Total Valid Loss:        6.54
    Contrastive Valid Loss: 9.73
    Overall Recon Valid Loss: 0.93
    Recon Valid Loss:       0.19
    Cycle Valid Loss:       nan
Learning Rate: 0.0001
Epoch: 46, Alpha: 0.63
  Total Train Loss:        4.75
    Contrastive Train Loss: 6.94
    Overall Recon Train Loss: 1.00
    Recon Train Loss:       0.20
    Cycle Train Loss:       nan
  Total Valid Loss:        6.48
    Contrastive Valid Loss: 9.73
    Overall Recon Valid Loss: 0.93
    Recon Valid Loss:       0.19
    Cycle Valid Loss:       nan
Learning Rate: 0.0001
Epoch: 47, Alpha: 0.63
  Total Train Loss:        4.70
    Contrastive Train Loss: 6.93
    Overall Recon Train Loss: 0.99
    Recon Train Loss:       0.20
    Cycle Train Loss:       nan
  Total Valid Loss:        6.43
    Contrastive Valid Loss: 9.73
    Overall Recon Valid Loss: 0.92
    Recon Valid Loss:       0.18
    Cycle Valid Loss:       nan
Learning Rate: 0.0001
Epoch: 48, Alpha: 0.62
  Total Train Loss:        4.65
    Contrastive Train Loss: 6.91
    Overall Recon Train Loss: 0.98
    Recon Train Loss:       0.20
    Cycle Train Loss:       nan
  Total Valid Loss:        6.37
    Contrastive Valid Loss: 9.73
    Overall Recon Valid Loss: 0.92
    Recon Valid Loss:       0.18
    Cycle Valid Loss:       nan
Learning Rate: 0.0001
Epoch: 49, Alpha: 0.61
  Total Train Loss:        4.60
    Contrastive Train Loss: 6.90
    Overall Recon Train Loss: 0.98
    Recon Train Loss:       0.20
    Cycle Train Loss:       nan
  Total Valid Loss:        6.32
    Contrastive Valid Loss: 9.73
    Overall Recon Valid Loss: 0.92
    Recon Valid Loss:       0.18
    Cycle Valid Loss:       nan
Learning Rate: 0.0001
Epoch: 50, Alpha: 0.61
  Total Train Loss:        4.56
    Contrastive Train Loss: 6.88
    Overall Recon Train Loss: 0.97
    Recon Train Loss:       0.19
    Cycle Train Loss:       nan
  Total Valid Loss:        6.26
    Contrastive Valid Loss: 9.73
    Overall Recon Valid Loss: 0.91
    Recon Valid Loss:       0.18
    Cycle Valid Loss:       nan
Learning Rate: 0.0001
Epoch: 51, Alpha: 0.60
  Total Train Loss:        4.51
    Contrastive Train Loss: 6.86
    Overall Recon Train Loss: 0.96
    Recon Train Loss:       0.19
    Cycle Train Loss:       nan
  Total Valid Loss:        6.21
    Contrastive Valid Loss: 9.74
    Overall Recon Valid Loss: 0.91
    Recon Valid Loss:       0.18
    Cycle Valid Loss:       nan
Learning Rate: 0.0001
Epoch: 52, Alpha: 0.59
  Total Train Loss:        4.46
    Contrastive Train Loss: 6.85
    Overall Recon Train Loss: 0.96
    Recon Train Loss:       0.19
    Cycle Train Loss:       nan
  Total Valid Loss:        6.16
    Contrastive Valid Loss: 9.74
    Overall Recon Valid Loss: 0.91
    Recon Valid Loss:       0.18
    Cycle Valid Loss:       nan
Learning Rate: 0.0001
Epoch: 53, Alpha: 0.59
  Total Train Loss:        4.42
    Contrastive Train Loss: 6.84
    Overall Recon Train Loss: 0.95
    Recon Train Loss:       0.19
    Cycle Train Loss:       nan
  Total Valid Loss:        6.12
    Contrastive Valid Loss: 9.77
    Overall Recon Valid Loss: 0.91
    Recon Valid Loss:       0.18
    Cycle Valid Loss:       nan
Learning Rate: 0.0001
Epoch: 54, Alpha: 0.58
  Total Train Loss:        4.37
    Contrastive Train Loss: 6.82
    Overall Recon Train Loss: 0.95
    Recon Train Loss:       0.19
    Cycle Train Loss:       nan
  Total Valid Loss:        6.04
    Contrastive Valid Loss: 9.72
    Overall Recon Valid Loss: 0.91
    Recon Valid Loss:       0.18
    Cycle Valid Loss:       nan
Learning Rate: 0.0001
Epoch: 55, Alpha: 0.58
  Total Train Loss:        4.33
    Contrastive Train Loss: 6.81
    Overall Recon Train Loss: 0.94
    Recon Train Loss:       0.19
    Cycle Train Loss:       nan
  Total Valid Loss:        6.01
    Contrastive Valid Loss: 9.75
    Overall Recon Valid Loss: 0.91
    Recon Valid Loss:       0.18
    Cycle Valid Loss:       nan
Learning Rate: 0.0001
Epoch: 56, Alpha: 0.57
  Total Train Loss:        4.28
    Contrastive Train Loss: 6.80
    Overall Recon Train Loss: 0.94
    Recon Train Loss:       0.19
    Cycle Train Loss:       nan
  Total Valid Loss:        5.97
    Contrastive Valid Loss: 9.77
    Overall Recon Valid Loss: 0.90
    Recon Valid Loss:       0.18
    Cycle Valid Loss:       nan
Learning Rate: 0.0001
Epoch: 57, Alpha: 0.57
  Total Train Loss:        4.24
    Contrastive Train Loss: 6.78
    Overall Recon Train Loss: 0.93
    Recon Train Loss:       0.19
    Cycle Train Loss:       nan
  Total Valid Loss:        5.91
    Contrastive Valid Loss: 9.76
    Overall Recon Valid Loss: 0.90
    Recon Valid Loss:       0.18
    Cycle Valid Loss:       nan
Learning Rate: 0.0001
Epoch: 58, Alpha: 0.56
  Total Train Loss:        4.20
    Contrastive Train Loss: 6.77
    Overall Recon Train Loss: 0.92
    Recon Train Loss:       0.18
    Cycle Train Loss:       nan
  Total Valid Loss:        5.84
    Contrastive Valid Loss: 9.73
    Overall Recon Valid Loss: 0.89
    Recon Valid Loss:       0.18
    Cycle Valid Loss:       nan
Learning Rate: 0.0001
Epoch: 59, Alpha: 0.55
  Total Train Loss:        4.16
    Contrastive Train Loss: 6.76
    Overall Recon Train Loss: 0.92
    Recon Train Loss:       0.18
    Cycle Train Loss:       nan
  Total Valid Loss:        5.80
    Contrastive Valid Loss: 9.74
    Overall Recon Valid Loss: 0.89
    Recon Valid Loss:       0.18
    Cycle Valid Loss:       nan
Learning Rate: 0.0001
Epoch: 60, Alpha: 0.55
  Total Train Loss:        4.12
    Contrastive Train Loss: 6.75
    Overall Recon Train Loss: 0.92
    Recon Train Loss:       0.18
    Cycle Train Loss:       nan
  Total Valid Loss:        5.77
    Contrastive Valid Loss: 9.78
    Overall Recon Valid Loss: 0.90
    Recon Valid Loss:       0.18
    Cycle Valid Loss:       nan
Learning Rate: 0.0001
Epoch: 61, Alpha: 0.54
  Total Train Loss:        4.08
    Contrastive Train Loss: 6.74
    Overall Recon Train Loss: 0.91
    Recon Train Loss:       0.18
    Cycle Train Loss:       nan
  Total Valid Loss:        5.71
    Contrastive Valid Loss: 9.76
    Overall Recon Valid Loss: 0.89
    Recon Valid Loss:       0.18
    Cycle Valid Loss:       nan
Learning Rate: 0.0001
Epoch: 62, Alpha: 0.54
  Total Train Loss:        4.04
    Contrastive Train Loss: 6.73
    Overall Recon Train Loss: 0.91
    Recon Train Loss:       0.18
    Cycle Train Loss:       nan
  Total Valid Loss:        5.68
    Contrastive Valid Loss: 9.80
    Overall Recon Valid Loss: 0.89
    Recon Valid Loss:       0.18
    Cycle Valid Loss:       nan
Learning Rate: 0.0001
Epoch: 63, Alpha: 0.53
  Total Train Loss:        4.00
    Contrastive Train Loss: 6.72
    Overall Recon Train Loss: 0.90
    Recon Train Loss:       0.18
    Cycle Train Loss:       nan
  Total Valid Loss:        5.61
    Contrastive Valid Loss: 9.75
    Overall Recon Valid Loss: 0.89
    Recon Valid Loss:       0.18
    Cycle Valid Loss:       nan
Learning Rate: 0.0001
Epoch: 64, Alpha: 0.53
  Total Train Loss:        3.96
    Contrastive Train Loss: 6.71
    Overall Recon Train Loss: 0.90
    Recon Train Loss:       0.18
    Cycle Train Loss:       nan
  Total Valid Loss:        5.57
    Contrastive Valid Loss: 9.77
    Overall Recon Valid Loss: 0.89
    Recon Valid Loss:       0.18
    Cycle Valid Loss:       nan
Learning Rate: 0.0001
Epoch: 65, Alpha: 0.52
  Total Train Loss:        3.92
    Contrastive Train Loss: 6.70
    Overall Recon Train Loss: 0.89
    Recon Train Loss:       0.18
    Cycle Train Loss:       nan
  Total Valid Loss:        5.50
    Contrastive Valid Loss: 9.74
    Overall Recon Valid Loss: 0.88
    Recon Valid Loss:       0.18
    Cycle Valid Loss:       nan
Learning Rate: 0.0001
Epoch: 66, Alpha: 0.52
  Total Train Loss:        3.89
    Contrastive Train Loss: 6.69
    Overall Recon Train Loss: 0.89
    Recon Train Loss:       0.18
    Cycle Train Loss:       nan
  Total Valid Loss:        5.48
    Contrastive Valid Loss: 9.78
    Overall Recon Valid Loss: 0.89
    Recon Valid Loss:       0.18
    Cycle Valid Loss:       nan
Learning Rate: 0.0001
Epoch: 67, Alpha: 0.51
  Total Train Loss:        3.85
    Contrastive Train Loss: 6.68
    Overall Recon Train Loss: 0.89
    Recon Train Loss:       0.18
    Cycle Train Loss:       nan
  Total Valid Loss:        5.43
    Contrastive Valid Loss: 9.77
    Overall Recon Valid Loss: 0.88
    Recon Valid Loss:       0.18
    Cycle Valid Loss:       nan
Learning Rate: 0.0001
Epoch: 68, Alpha: 0.51
  Total Train Loss:        3.82
    Contrastive Train Loss: 6.67
    Overall Recon Train Loss: 0.88
    Recon Train Loss:       0.18
    Cycle Train Loss:       nan
  Total Valid Loss:        5.38
    Contrastive Valid Loss: 9.76
    Overall Recon Valid Loss: 0.88
    Recon Valid Loss:       0.18
    Cycle Valid Loss:       nan
Learning Rate: 0.0001
Epoch: 69, Alpha: 0.50
  Total Train Loss:        3.78
    Contrastive Train Loss: 6.66
    Overall Recon Train Loss: 0.88
    Recon Train Loss:       0.18
    Cycle Train Loss:       nan
  Total Valid Loss:        5.34
    Contrastive Valid Loss: 9.78
    Overall Recon Valid Loss: 0.88
    Recon Valid Loss:       0.18
    Cycle Valid Loss:       nan
Learning Rate: 0.0001
Epoch: 70, Alpha: 0.50
  Total Train Loss:        3.75
    Contrastive Train Loss: 6.66
    Overall Recon Train Loss: 0.88
    Recon Train Loss:       0.18
    Cycle Train Loss:       nan
  Total Valid Loss:        5.31
    Contrastive Valid Loss: 9.80
    Overall Recon Valid Loss: 0.87
    Recon Valid Loss:       0.17
    Cycle Valid Loss:       nan
Learning Rate: 0.0001
Epoch: 71, Alpha: 0.49
  Total Train Loss:        3.71
    Contrastive Train Loss: 6.65
    Overall Recon Train Loss: 0.87
    Recon Train Loss:       0.17
    Cycle Train Loss:       nan
  Total Valid Loss:        5.25
    Contrastive Valid Loss: 9.79
    Overall Recon Valid Loss: 0.87
    Recon Valid Loss:       0.17
    Cycle Valid Loss:       nan
Learning Rate: 0.0001
Epoch: 72, Alpha: 0.49
  Total Train Loss:        3.68
    Contrastive Train Loss: 6.64
    Overall Recon Train Loss: 0.87
    Recon Train Loss:       0.17
    Cycle Train Loss:       nan
  Total Valid Loss:        5.22
    Contrastive Valid Loss: 9.78
    Overall Recon Valid Loss: 0.88
    Recon Valid Loss:       0.18
    Cycle Valid Loss:       nan
Learning Rate: 0.0001
Epoch: 73, Alpha: 0.48
  Total Train Loss:        3.64
    Contrastive Train Loss: 6.63
    Overall Recon Train Loss: 0.87
    Recon Train Loss:       0.17
    Cycle Train Loss:       nan
  Total Valid Loss:        5.16
    Contrastive Valid Loss: 9.77
    Overall Recon Valid Loss: 0.87
    Recon Valid Loss:       0.17
    Cycle Valid Loss:       nan
Learning Rate: 0.0001
Epoch: 74, Alpha: 0.48
  Total Train Loss:        3.61
    Contrastive Train Loss: 6.62
    Overall Recon Train Loss: 0.86
    Recon Train Loss:       0.17
    Cycle Train Loss:       nan
  Total Valid Loss:        5.12
    Contrastive Valid Loss: 9.77
    Overall Recon Valid Loss: 0.87
    Recon Valid Loss:       0.17
    Cycle Valid Loss:       nan
Learning Rate: 0.0001
Epoch: 75, Alpha: 0.47
  Total Train Loss:        3.58
    Contrastive Train Loss: 6.62
    Overall Recon Train Loss: 0.86
    Recon Train Loss:       0.17
    Cycle Train Loss:       nan
  Total Valid Loss:        5.07
    Contrastive Valid Loss: 9.77
    Overall Recon Valid Loss: 0.86
    Recon Valid Loss:       0.17
    Cycle Valid Loss:       nan
Learning Rate: 0.0001
Epoch: 76, Alpha: 0.47
  Total Train Loss:        3.55
    Contrastive Train Loss: 6.61
    Overall Recon Train Loss: 0.86
    Recon Train Loss:       0.17
    Cycle Train Loss:       nan
  Total Valid Loss:        5.05
    Contrastive Valid Loss: 9.82
    Overall Recon Valid Loss: 0.87
    Recon Valid Loss:       0.17
    Cycle Valid Loss:       nan
Learning Rate: 0.0001
Epoch: 77, Alpha: 0.46
  Total Train Loss:        3.52
    Contrastive Train Loss: 6.60
    Overall Recon Train Loss: 0.85
    Recon Train Loss:       0.17
    Cycle Train Loss:       nan
  Total Valid Loss:        4.99
    Contrastive Valid Loss: 9.77
    Overall Recon Valid Loss: 0.87
    Recon Valid Loss:       0.17
    Cycle Valid Loss:       nan
Learning Rate: 0.0001
Epoch: 78, Alpha: 0.46
  Total Train Loss:        3.48
    Contrastive Train Loss: 6.60
    Overall Recon Train Loss: 0.85
    Recon Train Loss:       0.17
    Cycle Train Loss:       nan
  Total Valid Loss:        4.96
    Contrastive Valid Loss: 9.79
    Overall Recon Valid Loss: 0.87
    Recon Valid Loss:       0.17
    Cycle Valid Loss:       nan
Learning Rate: 0.0001
Epoch: 79, Alpha: 0.45
  Total Train Loss:        3.46
    Contrastive Train Loss: 6.59
    Overall Recon Train Loss: 0.85
    Recon Train Loss:       0.17
    Cycle Train Loss:       nan
  Total Valid Loss:        4.91
    Contrastive Valid Loss: 9.78
    Overall Recon Valid Loss: 0.87
    Recon Valid Loss:       0.17
    Cycle Valid Loss:       nan
Learning Rate: 0.0001
Epoch: 80, Alpha: 0.45
  Total Train Loss:        3.42
    Contrastive Train Loss: 6.58
    Overall Recon Train Loss: 0.84
    Recon Train Loss:       0.17
    Cycle Train Loss:       nan
  Total Valid Loss:        4.88
    Contrastive Valid Loss: 9.81
    Overall Recon Valid Loss: 0.86
    Recon Valid Loss:       0.17
    Cycle Valid Loss:       nan
Learning Rate: 0.0001
Epoch: 81, Alpha: 0.44
  Total Train Loss:        3.39
    Contrastive Train Loss: 6.58
    Overall Recon Train Loss: 0.84
    Recon Train Loss:       0.17
    Cycle Train Loss:       nan
  Total Valid Loss:        4.84
    Contrastive Valid Loss: 9.81
    Overall Recon Valid Loss: 0.86
    Recon Valid Loss:       0.17
    Cycle Valid Loss:       nan
Learning Rate: 0.0001
Epoch: 82, Alpha: 0.44
  Total Train Loss:        3.36
    Contrastive Train Loss: 6.57
    Overall Recon Train Loss: 0.84
    Recon Train Loss:       0.17
    Cycle Train Loss:       nan
  Total Valid Loss:        4.81
    Contrastive Valid Loss: 9.82
    Overall Recon Valid Loss: 0.86
    Recon Valid Loss:       0.17
    Cycle Valid Loss:       nan
Learning Rate: 0.0001
Epoch: 83, Alpha: 0.44
  Total Train Loss:        3.34
    Contrastive Train Loss: 6.57
    Overall Recon Train Loss: 0.84
    Recon Train Loss:       0.17
    Cycle Train Loss:       nan
  Total Valid Loss:        4.76
    Contrastive Valid Loss: 9.80
    Overall Recon Valid Loss: 0.86
    Recon Valid Loss:       0.17
    Cycle Valid Loss:       nan
Learning Rate: 0.0001
Epoch: 84, Alpha: 0.43
  Total Train Loss:        3.31
    Contrastive Train Loss: 6.56
    Overall Recon Train Loss: 0.83
    Recon Train Loss:       0.17
    Cycle Train Loss:       nan
  Total Valid Loss:        4.72
    Contrastive Valid Loss: 9.80
    Overall Recon Valid Loss: 0.86
    Recon Valid Loss:       0.17
    Cycle Valid Loss:       nan
Learning Rate: 0.0001
Epoch: 85, Alpha: 0.43
  Total Train Loss:        3.28
    Contrastive Train Loss: 6.55
    Overall Recon Train Loss: 0.83
    Recon Train Loss:       0.17
    Cycle Train Loss:       nan
  Total Valid Loss:        4.66
    Contrastive Valid Loss: 9.77
    Overall Recon Valid Loss: 0.85
    Recon Valid Loss:       0.17
    Cycle Valid Loss:       nan
Learning Rate: 0.0001
Epoch: 86, Alpha: 0.42
  Total Train Loss:        3.25
    Contrastive Train Loss: 6.55
    Overall Recon Train Loss: 0.83
    Recon Train Loss:       0.17
    Cycle Train Loss:       nan
  Total Valid Loss:        4.64
    Contrastive Valid Loss: 9.80
    Overall Recon Valid Loss: 0.86
    Recon Valid Loss:       0.17
    Cycle Valid Loss:       nan
Learning Rate: 0.0001
Epoch: 87, Alpha: 0.42
  Total Train Loss:        3.22
    Contrastive Train Loss: 6.54
    Overall Recon Train Loss: 0.83
    Recon Train Loss:       0.17
    Cycle Train Loss:       nan
  Total Valid Loss:        4.61
    Contrastive Valid Loss: 9.81
    Overall Recon Valid Loss: 0.86
    Recon Valid Loss:       0.17
    Cycle Valid Loss:       nan
Learning Rate: 0.0001
Epoch: 88, Alpha: 0.41
  Total Train Loss:        3.19
    Contrastive Train Loss: 6.54
    Overall Recon Train Loss: 0.83
    Recon Train Loss:       0.17
    Cycle Train Loss:       nan
  Total Valid Loss:        4.58
    Contrastive Valid Loss: 9.82
    Overall Recon Valid Loss: 0.85
    Recon Valid Loss:       0.17
    Cycle Valid Loss:       nan
Learning Rate: 0.0001
Epoch: 89, Alpha: 0.41
  Total Train Loss:        3.17
    Contrastive Train Loss: 6.53
    Overall Recon Train Loss: 0.82
    Recon Train Loss:       0.16
    Cycle Train Loss:       nan
  Total Valid Loss:        4.53
    Contrastive Valid Loss: 9.80
    Overall Recon Valid Loss: 0.86
    Recon Valid Loss:       0.17
    Cycle Valid Loss:       nan
Learning Rate: 0.0001
Epoch: 90, Alpha: 0.41
  Total Train Loss:        3.14
    Contrastive Train Loss: 6.53
    Overall Recon Train Loss: 0.82
    Recon Train Loss:       0.16
    Cycle Train Loss:       nan
  Total Valid Loss:        4.51
    Contrastive Valid Loss: 9.84
    Overall Recon Valid Loss: 0.85
    Recon Valid Loss:       0.17
    Cycle Valid Loss:       nan
Learning Rate: 0.0001
Epoch: 91, Alpha: 0.40
  Total Train Loss:        3.11
    Contrastive Train Loss: 6.52
    Overall Recon Train Loss: 0.82
    Recon Train Loss:       0.16
    Cycle Train Loss:       nan
  Total Valid Loss:        4.46
    Contrastive Valid Loss: 9.80
    Overall Recon Valid Loss: 0.85
    Recon Valid Loss:       0.17
    Cycle Valid Loss:       nan
Learning Rate: 0.0001
Epoch: 92, Alpha: 0.40
  Total Train Loss:        3.09
    Contrastive Train Loss: 6.51
    Overall Recon Train Loss: 0.82
    Recon Train Loss:       0.16
    Cycle Train Loss:       nan
  Total Valid Loss:        4.42
    Contrastive Valid Loss: 9.81
    Overall Recon Valid Loss: 0.85
    Recon Valid Loss:       0.17
    Cycle Valid Loss:       nan
Learning Rate: 0.0001
Epoch: 93, Alpha: 0.39
  Total Train Loss:        3.06
    Contrastive Train Loss: 6.51
    Overall Recon Train Loss: 0.82
    Recon Train Loss:       0.16
    Cycle Train Loss:       nan
  Total Valid Loss:        4.39
    Contrastive Valid Loss: 9.83
    Overall Recon Valid Loss: 0.85
    Recon Valid Loss:       0.17
    Cycle Valid Loss:       nan
Learning Rate: 0.0001
Epoch: 94, Alpha: 0.39
  Total Train Loss:        3.04
    Contrastive Train Loss: 6.50
    Overall Recon Train Loss: 0.81
    Recon Train Loss:       0.16
    Cycle Train Loss:       nan
  Total Valid Loss:        4.36
    Contrastive Valid Loss: 9.83
    Overall Recon Valid Loss: 0.85
    Recon Valid Loss:       0.17
    Cycle Valid Loss:       nan
Learning Rate: 0.0001
Epoch: 95, Alpha: 0.39
  Total Train Loss:        3.01
    Contrastive Train Loss: 6.50
    Overall Recon Train Loss: 0.81
    Recon Train Loss:       0.16
    Cycle Train Loss:       nan
  Total Valid Loss:        4.31
    Contrastive Valid Loss: 9.81
    Overall Recon Valid Loss: 0.85
    Recon Valid Loss:       0.17
    Cycle Valid Loss:       nan
Learning Rate: 0.0001
Epoch: 96, Alpha: 0.38
  Total Train Loss:        2.99
    Contrastive Train Loss: 6.50
    Overall Recon Train Loss: 0.81
    Recon Train Loss:       0.16
    Cycle Train Loss:       nan
  Total Valid Loss:        4.30
    Contrastive Valid Loss: 9.84
    Overall Recon Valid Loss: 0.86
    Recon Valid Loss:       0.17
    Cycle Valid Loss:       nan
Learning Rate: 0.0001
Epoch: 97, Alpha: 0.38
  Total Train Loss:        2.96
    Contrastive Train Loss: 6.49
    Overall Recon Train Loss: 0.81
    Recon Train Loss:       0.16
    Cycle Train Loss:       nan
  Total Valid Loss:        4.26
    Contrastive Valid Loss: 9.84
    Overall Recon Valid Loss: 0.85
    Recon Valid Loss:       0.17
    Cycle Valid Loss:       nan
Learning Rate: 0.0001
Epoch: 98, Alpha: 0.38
  Total Train Loss:        2.94
    Contrastive Train Loss: 6.49
    Overall Recon Train Loss: 0.80
    Recon Train Loss:       0.16
    Cycle Train Loss:       nan
  Total Valid Loss:        4.21
    Contrastive Valid Loss: 9.82
    Overall Recon Valid Loss: 0.85
    Recon Valid Loss:       0.17
    Cycle Valid Loss:       nan
Learning Rate: 0.0001
Epoch: 99, Alpha: 0.37
  Total Train Loss:        2.91
    Contrastive Train Loss: 6.48
    Overall Recon Train Loss: 0.80
    Recon Train Loss:       0.16
    Cycle Train Loss:       nan
  Total Valid Loss:        4.17
    Contrastive Valid Loss: 9.80
    Overall Recon Valid Loss: 0.84
    Recon Valid Loss:       0.17
    Cycle Valid Loss:       nan
Learning Rate: 0.0001
Epoch: 100, Alpha: 0.37
  Total Train Loss:        2.89
    Contrastive Train Loss: 6.48
    Overall Recon Train Loss: 0.80
    Recon Train Loss:       0.16
    Cycle Train Loss:       nan
  Total Valid Loss:        4.14
    Contrastive Valid Loss: 9.81
    Overall Recon Valid Loss: 0.84
    Recon Valid Loss:       0.17
    Cycle Valid Loss:       nan
Learning Rate: 0.0001
Epoch: 101, Alpha: 0.36
  Total Train Loss:        2.87
    Contrastive Train Loss: 6.47
    Overall Recon Train Loss: 0.80
    Recon Train Loss:       0.16
    Cycle Train Loss:       nan
  Total Valid Loss:        4.13
    Contrastive Valid Loss: 9.87
    Overall Recon Valid Loss: 0.85
    Recon Valid Loss:       0.17
    Cycle Valid Loss:       nan
Learning Rate: 0.0001
Epoch: 102, Alpha: 0.36
  Total Train Loss:        2.84
    Contrastive Train Loss: 6.47
    Overall Recon Train Loss: 0.80
    Recon Train Loss:       0.16
    Cycle Train Loss:       nan
  Total Valid Loss:        4.08
    Contrastive Valid Loss: 9.83
    Overall Recon Valid Loss: 0.84
    Recon Valid Loss:       0.17
    Cycle Valid Loss:       nan
Learning Rate: 0.0001
Epoch: 103, Alpha: 0.36
  Total Train Loss:        2.82
    Contrastive Train Loss: 6.47
    Overall Recon Train Loss: 0.80
    Recon Train Loss:       0.16
    Cycle Train Loss:       nan
  Total Valid Loss:        4.05
    Contrastive Valid Loss: 9.83
    Overall Recon Valid Loss: 0.84
    Recon Valid Loss:       0.17
    Cycle Valid Loss:       nan
Learning Rate: 0.0001
Epoch: 104, Alpha: 0.35
  Total Train Loss:        2.80
    Contrastive Train Loss: 6.46
    Overall Recon Train Loss: 0.79
    Recon Train Loss:       0.16
    Cycle Train Loss:       nan
  Total Valid Loss:        4.03
    Contrastive Valid Loss: 9.85
    Overall Recon Valid Loss: 0.85
    Recon Valid Loss:       0.17
    Cycle Valid Loss:       nan
Learning Rate: 0.0001
Epoch: 105, Alpha: 0.35
  Total Train Loss:        2.78
    Contrastive Train Loss: 6.46
    Overall Recon Train Loss: 0.79
    Recon Train Loss:       0.16
    Cycle Train Loss:       nan
  Total Valid Loss:        3.99
    Contrastive Valid Loss: 9.84
    Overall Recon Valid Loss: 0.84
    Recon Valid Loss:       0.17
    Cycle Valid Loss:       nan
Learning Rate: 0.0001
Epoch: 106, Alpha: 0.35
  Total Train Loss:        2.75
    Contrastive Train Loss: 6.45
    Overall Recon Train Loss: 0.79
    Recon Train Loss:       0.16
    Cycle Train Loss:       nan
  Total Valid Loss:        3.96
    Contrastive Valid Loss: 9.83
    Overall Recon Valid Loss: 0.84
    Recon Valid Loss:       0.17
    Cycle Valid Loss:       nan
Learning Rate: 0.0001
Epoch: 107, Alpha: 0.34
  Total Train Loss:        2.73
    Contrastive Train Loss: 6.45
    Overall Recon Train Loss: 0.79
    Recon Train Loss:       0.16
    Cycle Train Loss:       nan
  Total Valid Loss:        3.94
    Contrastive Valid Loss: 9.87
    Overall Recon Valid Loss: 0.84
    Recon Valid Loss:       0.17
    Cycle Valid Loss:       nan
Learning Rate: 0.0001
Epoch: 108, Alpha: 0.34
  Total Train Loss:        2.71
    Contrastive Train Loss: 6.45
    Overall Recon Train Loss: 0.79
    Recon Train Loss:       0.16
    Cycle Train Loss:       nan
  Total Valid Loss:        3.90
    Contrastive Valid Loss: 9.84
    Overall Recon Valid Loss: 0.84
    Recon Valid Loss:       0.17
    Cycle Valid Loss:       nan
Learning Rate: 0.0001
Epoch: 109, Alpha: 0.34
  Total Train Loss:        2.69
    Contrastive Train Loss: 6.44
    Overall Recon Train Loss: 0.79
    Recon Train Loss:       0.16
    Cycle Train Loss:       nan
  Total Valid Loss:        3.87
    Contrastive Valid Loss: 9.84
    Overall Recon Valid Loss: 0.84
    Recon Valid Loss:       0.17
    Cycle Valid Loss:       nan
Learning Rate: 0.0001
Epoch: 110, Alpha: 0.33
  Total Train Loss:        2.67
    Contrastive Train Loss: 6.44
    Overall Recon Train Loss: 0.79
    Recon Train Loss:       0.16
    Cycle Train Loss:       nan
  Total Valid Loss:        3.84
    Contrastive Valid Loss: 9.86
    Overall Recon Valid Loss: 0.84
    Recon Valid Loss:       0.17
    Cycle Valid Loss:       nan
Learning Rate: 0.0001
Epoch: 111, Alpha: 0.33
  Total Train Loss:        2.65
    Contrastive Train Loss: 6.44
    Overall Recon Train Loss: 0.78
    Recon Train Loss:       0.16
    Cycle Train Loss:       nan
  Total Valid Loss:        3.81
    Contrastive Valid Loss: 9.85
    Overall Recon Valid Loss: 0.84
    Recon Valid Loss:       0.17
    Cycle Valid Loss:       nan
Learning Rate: 0.0001
Epoch: 112, Alpha: 0.33
  Total Train Loss:        2.63
    Contrastive Train Loss: 6.43
    Overall Recon Train Loss: 0.78
    Recon Train Loss:       0.16
    Cycle Train Loss:       nan
  Total Valid Loss:        3.78
    Contrastive Valid Loss: 9.87
    Overall Recon Valid Loss: 0.84
    Recon Valid Loss:       0.17
    Cycle Valid Loss:       nan
Learning Rate: 0.0001
Epoch: 113, Alpha: 0.32
  Total Train Loss:        2.61
    Contrastive Train Loss: 6.43
    Overall Recon Train Loss: 0.78
    Recon Train Loss:       0.16
    Cycle Train Loss:       nan
  Total Valid Loss:        3.76
    Contrastive Valid Loss: 9.87
    Overall Recon Valid Loss: 0.84
    Recon Valid Loss:       0.17
    Cycle Valid Loss:       nan
Learning Rate: 0.0001
Epoch: 114, Alpha: 0.32
  Total Train Loss:        2.59
    Contrastive Train Loss: 6.43
    Overall Recon Train Loss: 0.78
    Recon Train Loss:       0.16
    Cycle Train Loss:       nan
  Total Valid Loss:        3.72
    Contrastive Valid Loss: 9.87
    Overall Recon Valid Loss: 0.84
    Recon Valid Loss:       0.17
    Cycle Valid Loss:       nan
Learning Rate: 0.0001
Epoch: 115, Alpha: 0.32
  Total Train Loss:        2.57
    Contrastive Train Loss: 6.43
    Overall Recon Train Loss: 0.78
    Recon Train Loss:       0.16
    Cycle Train Loss:       nan
  Total Valid Loss:        3.69
    Contrastive Valid Loss: 9.84
    Overall Recon Valid Loss: 0.84
    Recon Valid Loss:       0.17
    Cycle Valid Loss:       nan
Learning Rate: 0.0001
Epoch: 116, Alpha: 0.31
  Total Train Loss:        2.55
    Contrastive Train Loss: 6.42
    Overall Recon Train Loss: 0.78
    Recon Train Loss:       0.16
    Cycle Train Loss:       nan
  Total Valid Loss:        3.68
    Contrastive Valid Loss: 9.89
    Overall Recon Valid Loss: 0.84
    Recon Valid Loss:       0.17
    Cycle Valid Loss:       nan
Learning Rate: 0.0001
Epoch: 117, Alpha: 0.31
  Total Train Loss:        2.53
    Contrastive Train Loss: 6.42
    Overall Recon Train Loss: 0.78
    Recon Train Loss:       0.16
    Cycle Train Loss:       nan
  Total Valid Loss:        3.64
    Contrastive Valid Loss: 9.85
    Overall Recon Valid Loss: 0.84
    Recon Valid Loss:       0.17
    Cycle Valid Loss:       nan
Learning Rate: 0.0001
Epoch: 118, Alpha: 0.31
  Total Train Loss:        2.51
    Contrastive Train Loss: 6.42
    Overall Recon Train Loss: 0.77
    Recon Train Loss:       0.15
    Cycle Train Loss:       nan
  Total Valid Loss:        3.60
    Contrastive Valid Loss: 9.86
    Overall Recon Valid Loss: 0.83
    Recon Valid Loss:       0.17
    Cycle Valid Loss:       nan
Learning Rate: 0.0001
Epoch: 119, Alpha: 0.30
  Total Train Loss:        2.49
    Contrastive Train Loss: 6.41
    Overall Recon Train Loss: 0.77
    Recon Train Loss:       0.15
    Cycle Train Loss:       nan
  Total Valid Loss:        3.59
    Contrastive Valid Loss: 9.88
    Overall Recon Valid Loss: 0.83
    Recon Valid Loss:       0.17
    Cycle Valid Loss:       nan
Learning Rate: 0.0001
Epoch: 120, Alpha: 0.30
  Total Train Loss:        2.47
    Contrastive Train Loss: 6.41
    Overall Recon Train Loss: 0.77
    Recon Train Loss:       0.15
    Cycle Train Loss:       nan
  Total Valid Loss:        3.55
    Contrastive Valid Loss: 9.87
    Overall Recon Valid Loss: 0.83
    Recon Valid Loss:       0.17
    Cycle Valid Loss:       nan
Learning Rate: 0.0001
Epoch: 121, Alpha: 0.30
  Total Train Loss:        2.45
    Contrastive Train Loss: 6.41
    Overall Recon Train Loss: 0.77
    Recon Train Loss:       0.15
    Cycle Train Loss:       nan
  Total Valid Loss:        3.52
    Contrastive Valid Loss: 9.85
    Overall Recon Valid Loss: 0.83
    Recon Valid Loss:       0.17
    Cycle Valid Loss:       nan
Learning Rate: 0.0001
Epoch: 122, Alpha: 0.30
  Total Train Loss:        2.43
    Contrastive Train Loss: 6.40
    Overall Recon Train Loss: 0.77
    Recon Train Loss:       0.15
    Cycle Train Loss:       nan
  Total Valid Loss:        3.50
    Contrastive Valid Loss: 9.86
    Overall Recon Valid Loss: 0.83
    Recon Valid Loss:       0.17
    Cycle Valid Loss:       nan
Learning Rate: 0.0001
Epoch: 123, Alpha: 0.29
  Total Train Loss:        2.41
    Contrastive Train Loss: 6.40
    Overall Recon Train Loss: 0.77
    Recon Train Loss:       0.15
    Cycle Train Loss:       nan
  Total Valid Loss:        3.48
    Contrastive Valid Loss: 9.89
    Overall Recon Valid Loss: 0.83
    Recon Valid Loss:       0.17
    Cycle Valid Loss:       nan
Learning Rate: 0.0001
Epoch: 124, Alpha: 0.29
  Total Train Loss:        2.40
    Contrastive Train Loss: 6.40
    Overall Recon Train Loss: 0.77
    Recon Train Loss:       0.15
    Cycle Train Loss:       nan
  Total Valid Loss:        3.45
    Contrastive Valid Loss: 9.87
    Overall Recon Valid Loss: 0.83
    Recon Valid Loss:       0.17
    Cycle Valid Loss:       nan
Learning Rate: 0.0001
Epoch: 125, Alpha: 0.29
  Total Train Loss:        2.38
    Contrastive Train Loss: 6.40
    Overall Recon Train Loss: 0.77
    Recon Train Loss:       0.15
    Cycle Train Loss:       nan
  Total Valid Loss:        3.42
    Contrastive Valid Loss: 9.88
    Overall Recon Valid Loss: 0.83
    Recon Valid Loss:       0.17
    Cycle Valid Loss:       nan
Learning Rate: 0.0001
Epoch: 126, Alpha: 0.28
  Total Train Loss:        2.36
    Contrastive Train Loss: 6.39
    Overall Recon Train Loss: 0.76
    Recon Train Loss:       0.15
    Cycle Train Loss:       nan
  Total Valid Loss:        3.41
    Contrastive Valid Loss: 9.92
    Overall Recon Valid Loss: 0.84
    Recon Valid Loss:       0.17
    Cycle Valid Loss:       nan
Learning Rate: 0.0001
Epoch: 127, Alpha: 0.28
  Total Train Loss:        2.34
    Contrastive Train Loss: 6.39
    Overall Recon Train Loss: 0.76
    Recon Train Loss:       0.15
    Cycle Train Loss:       nan
  Total Valid Loss:        3.38
    Contrastive Valid Loss: 9.90
    Overall Recon Valid Loss: 0.83
    Recon Valid Loss:       0.17
    Cycle Valid Loss:       nan
Learning Rate: 0.0001
Epoch: 128, Alpha: 0.28
  Total Train Loss:        2.33
    Contrastive Train Loss: 6.39
    Overall Recon Train Loss: 0.76
    Recon Train Loss:       0.15
    Cycle Train Loss:       nan
  Total Valid Loss:        3.34
    Contrastive Valid Loss: 9.88
    Overall Recon Valid Loss: 0.83
    Recon Valid Loss:       0.17
    Cycle Valid Loss:       nan
Learning Rate: 0.0001
Epoch: 129, Alpha: 0.28
  Total Train Loss:        2.31
    Contrastive Train Loss: 6.39
    Overall Recon Train Loss: 0.76
    Recon Train Loss:       0.15
    Cycle Train Loss:       nan
  Total Valid Loss:        3.33
    Contrastive Valid Loss: 9.90
    Overall Recon Valid Loss: 0.83
    Recon Valid Loss:       0.17
    Cycle Valid Loss:       nan
Learning Rate: 0.0001
Epoch: 130, Alpha: 0.27
  Total Train Loss:        2.29
    Contrastive Train Loss: 6.38
    Overall Recon Train Loss: 0.76
    Recon Train Loss:       0.15
    Cycle Train Loss:       nan
  Total Valid Loss:        3.29
    Contrastive Valid Loss: 9.87
    Overall Recon Valid Loss: 0.83
    Recon Valid Loss:       0.17
    Cycle Valid Loss:       nan
Learning Rate: 0.0001
Epoch: 131, Alpha: 0.27
  Total Train Loss:        2.28
    Contrastive Train Loss: 6.38
    Overall Recon Train Loss: 0.76
    Recon Train Loss:       0.15
    Cycle Train Loss:       nan
  Total Valid Loss:        3.28
    Contrastive Valid Loss: 9.92
    Overall Recon Valid Loss: 0.82
    Recon Valid Loss:       0.16
    Cycle Valid Loss:       nan
Learning Rate: 0.0001
Epoch: 132, Alpha: 0.27
  Total Train Loss:        2.26
    Contrastive Train Loss: 6.38
    Overall Recon Train Loss: 0.76
    Recon Train Loss:       0.15
    Cycle Train Loss:       nan
  Total Valid Loss:        3.25
    Contrastive Valid Loss: 9.89
    Overall Recon Valid Loss: 0.83
    Recon Valid Loss:       0.17
    Cycle Valid Loss:       nan
Learning Rate: 0.0001
Epoch: 133, Alpha: 0.26
  Total Train Loss:        2.24
    Contrastive Train Loss: 6.38
    Overall Recon Train Loss: 0.76
    Recon Train Loss:       0.15
    Cycle Train Loss:       nan
  Total Valid Loss:        3.22
    Contrastive Valid Loss: 9.89
    Overall Recon Valid Loss: 0.83
    Recon Valid Loss:       0.17
    Cycle Valid Loss:       nan
Learning Rate: 0.0001
Epoch: 134, Alpha: 0.26
  Total Train Loss:        2.23
    Contrastive Train Loss: 6.37
    Overall Recon Train Loss: 0.76
    Recon Train Loss:       0.15
    Cycle Train Loss:       nan
  Total Valid Loss:        3.21
    Contrastive Valid Loss: 9.91
    Overall Recon Valid Loss: 0.83
    Recon Valid Loss:       0.17
    Cycle Valid Loss:       nan
Learning Rate: 0.0001
Epoch: 135, Alpha: 0.26
  Total Train Loss:        2.21
    Contrastive Train Loss: 6.37
    Overall Recon Train Loss: 0.75
    Recon Train Loss:       0.15
    Cycle Train Loss:       nan
  Total Valid Loss:        3.18
    Contrastive Valid Loss: 9.90
    Overall Recon Valid Loss: 0.83
    Recon Valid Loss:       0.17
    Cycle Valid Loss:       nan
Learning Rate: 0.0001
Epoch: 136, Alpha: 0.26
  Total Train Loss:        2.20
    Contrastive Train Loss: 6.37
    Overall Recon Train Loss: 0.75
    Recon Train Loss:       0.15
    Cycle Train Loss:       nan
  Total Valid Loss:        3.16
    Contrastive Valid Loss: 9.92
    Overall Recon Valid Loss: 0.83
    Recon Valid Loss:       0.17
    Cycle Valid Loss:       nan
Learning Rate: 0.0001
Epoch: 137, Alpha: 0.25
  Total Train Loss:        2.18
    Contrastive Train Loss: 6.37
    Overall Recon Train Loss: 0.75
    Recon Train Loss:       0.15
    Cycle Train Loss:       nan
  Total Valid Loss:        3.13
    Contrastive Valid Loss: 9.89
    Overall Recon Valid Loss: 0.83
    Recon Valid Loss:       0.17
    Cycle Valid Loss:       nan
Learning Rate: 0.0001
Epoch: 138, Alpha: 0.25
  Total Train Loss:        2.16
    Contrastive Train Loss: 6.36
    Overall Recon Train Loss: 0.75
    Recon Train Loss:       0.15
    Cycle Train Loss:       nan
  Total Valid Loss:        3.11
    Contrastive Valid Loss: 9.92
    Overall Recon Valid Loss: 0.83
    Recon Valid Loss:       0.17
    Cycle Valid Loss:       nan
Learning Rate: 0.0001
Epoch: 139, Alpha: 0.25
  Total Train Loss:        2.15
    Contrastive Train Loss: 6.36
    Overall Recon Train Loss: 0.75
    Recon Train Loss:       0.15
    Cycle Train Loss:       nan
  Total Valid Loss:        3.09
    Contrastive Valid Loss: 9.92
    Overall Recon Valid Loss: 0.82
    Recon Valid Loss:       0.16
    Cycle Valid Loss:       nan
Learning Rate: 0.0001
Epoch: 140, Alpha: 0.25
  Total Train Loss:        2.13
    Contrastive Train Loss: 6.36
    Overall Recon Train Loss: 0.75
    Recon Train Loss:       0.15
    Cycle Train Loss:       nan
  Total Valid Loss:        3.07
    Contrastive Valid Loss: 9.91
    Overall Recon Valid Loss: 0.83
    Recon Valid Loss:       0.17
    Cycle Valid Loss:       nan
Learning Rate: 0.0001
Epoch: 141, Alpha: 0.24
  Total Train Loss:        2.12
    Contrastive Train Loss: 6.36
    Overall Recon Train Loss: 0.75
    Recon Train Loss:       0.15
    Cycle Train Loss:       nan
  Total Valid Loss:        3.03
    Contrastive Valid Loss: 9.88
    Overall Recon Valid Loss: 0.82
    Recon Valid Loss:       0.16
    Cycle Valid Loss:       nan
Learning Rate: 0.0001
Epoch: 142, Alpha: 0.24
  Total Train Loss:        2.10
    Contrastive Train Loss: 6.36
    Overall Recon Train Loss: 0.75
    Recon Train Loss:       0.15
    Cycle Train Loss:       nan
  Total Valid Loss:        3.02
    Contrastive Valid Loss: 9.93
    Overall Recon Valid Loss: 0.82
    Recon Valid Loss:       0.16
    Cycle Valid Loss:       nan
Learning Rate: 0.0001
Epoch: 143, Alpha: 0.24
  Total Train Loss:        2.09
    Contrastive Train Loss: 6.35
    Overall Recon Train Loss: 0.75
    Recon Train Loss:       0.15
    Cycle Train Loss:       nan
  Total Valid Loss:        3.00
    Contrastive Valid Loss: 9.93
    Overall Recon Valid Loss: 0.82
    Recon Valid Loss:       0.16
    Cycle Valid Loss:       nan
Learning Rate: 0.0001
Epoch: 144, Alpha: 0.24
  Total Train Loss:        2.08
    Contrastive Train Loss: 6.35
    Overall Recon Train Loss: 0.75
    Recon Train Loss:       0.15
    Cycle Train Loss:       nan
  Total Valid Loss:        2.98
    Contrastive Valid Loss: 9.93
    Overall Recon Valid Loss: 0.82
    Recon Valid Loss:       0.16
    Cycle Valid Loss:       nan
Learning Rate: 0.0001
Epoch: 145, Alpha: 0.23
  Total Train Loss:        2.06
    Contrastive Train Loss: 6.35
    Overall Recon Train Loss: 0.75
    Recon Train Loss:       0.15
    Cycle Train Loss:       nan
  Total Valid Loss:        2.95
    Contrastive Valid Loss: 9.92
    Overall Recon Valid Loss: 0.82
    Recon Valid Loss:       0.16
    Cycle Valid Loss:       nan
Learning Rate: 0.0001
Epoch: 146, Alpha: 0.23
  Total Train Loss:        2.05
    Contrastive Train Loss: 6.35
    Overall Recon Train Loss: 0.74
    Recon Train Loss:       0.15
    Cycle Train Loss:       nan
  Total Valid Loss:        2.93
    Contrastive Valid Loss: 9.89
    Overall Recon Valid Loss: 0.82
    Recon Valid Loss:       0.16
    Cycle Valid Loss:       nan
Learning Rate: 0.0001
Epoch: 147, Alpha: 0.23
  Total Train Loss:        2.03
    Contrastive Train Loss: 6.35
    Overall Recon Train Loss: 0.74
    Recon Train Loss:       0.15
    Cycle Train Loss:       nan
  Total Valid Loss:        2.92
    Contrastive Valid Loss: 9.94
    Overall Recon Valid Loss: 0.82
    Recon Valid Loss:       0.16
    Cycle Valid Loss:       nan
Learning Rate: 0.0001
Epoch: 148, Alpha: 0.23
  Total Train Loss:        2.02
    Contrastive Train Loss: 6.35
    Overall Recon Train Loss: 0.74
    Recon Train Loss:       0.15
    Cycle Train Loss:       nan
  Total Valid Loss:        2.89
    Contrastive Valid Loss: 9.93
    Overall Recon Valid Loss: 0.82
    Recon Valid Loss:       0.16
    Cycle Valid Loss:       nan
Learning Rate: 0.0001
Epoch: 149, Alpha: 0.23
  Total Train Loss:        2.00
    Contrastive Train Loss: 6.34
    Overall Recon Train Loss: 0.74
    Recon Train Loss:       0.15
    Cycle Train Loss:       nan
  Total Valid Loss:        2.88
    Contrastive Valid Loss: 9.96
    Overall Recon Valid Loss: 0.82
    Recon Valid Loss:       0.16
    Cycle Valid Loss:       nan
Learning Rate: 0.0001
Epoch: 150, Alpha: 0.22
  Total Train Loss:        1.99
    Contrastive Train Loss: 6.34
    Overall Recon Train Loss: 0.74
    Recon Train Loss:       0.15
    Cycle Train Loss:       nan
  Total Valid Loss:        2.86
    Contrastive Valid Loss: 9.94
    Overall Recon Valid Loss: 0.82
    Recon Valid Loss:       0.16
    Cycle Valid Loss:       nan
Learning Rate: 0.0001
Epoch: 151, Alpha: 0.22
  Total Train Loss:        1.98
    Contrastive Train Loss: 6.34
    Overall Recon Train Loss: 0.74
    Recon Train Loss:       0.15
    Cycle Train Loss:       nan
  Total Valid Loss:        2.83
    Contrastive Valid Loss: 9.95
    Overall Recon Valid Loss: 0.82
    Recon Valid Loss:       0.16
    Cycle Valid Loss:       nan
Learning Rate: 0.0001
Epoch: 152, Alpha: 0.22
  Total Train Loss:        1.96
    Contrastive Train Loss: 6.34
    Overall Recon Train Loss: 0.74
    Recon Train Loss:       0.15
    Cycle Train Loss:       nan
  Total Valid Loss:        2.82
    Contrastive Valid Loss: 9.95
    Overall Recon Valid Loss: 0.82
    Recon Valid Loss:       0.16
    Cycle Valid Loss:       nan
Learning Rate: 0.0001
Epoch: 153, Alpha: 0.22
  Total Train Loss:        1.95
    Contrastive Train Loss: 6.34
    Overall Recon Train Loss: 0.74
    Recon Train Loss:       0.15
    Cycle Train Loss:       nan
  Total Valid Loss:        2.79
    Contrastive Valid Loss: 9.92
    Overall Recon Valid Loss: 0.81
    Recon Valid Loss:       0.16
    Cycle Valid Loss:       nan
Learning Rate: 0.0001
Epoch: 154, Alpha: 0.21
  Total Train Loss:        1.94
    Contrastive Train Loss: 6.33
    Overall Recon Train Loss: 0.74
    Recon Train Loss:       0.15
    Cycle Train Loss:       nan
  Total Valid Loss:        2.77
    Contrastive Valid Loss: 9.93
    Overall Recon Valid Loss: 0.81
    Recon Valid Loss:       0.16
    Cycle Valid Loss:       nan
Learning Rate: 0.0001
Epoch: 155, Alpha: 0.21
  Total Train Loss:        1.93
    Contrastive Train Loss: 6.33
    Overall Recon Train Loss: 0.74
    Recon Train Loss:       0.15
    Cycle Train Loss:       nan
  Total Valid Loss:        2.75
    Contrastive Valid Loss: 9.94
    Overall Recon Valid Loss: 0.82
    Recon Valid Loss:       0.16
    Cycle Valid Loss:       nan
Learning Rate: 0.0001
Epoch: 156, Alpha: 0.21
  Total Train Loss:        1.91
    Contrastive Train Loss: 6.33
    Overall Recon Train Loss: 0.74
    Recon Train Loss:       0.15
    Cycle Train Loss:       nan
  Total Valid Loss:        2.73
    Contrastive Valid Loss: 9.95
    Overall Recon Valid Loss: 0.81
    Recon Valid Loss:       0.16
    Cycle Valid Loss:       nan
Learning Rate: 0.0001
Epoch: 157, Alpha: 0.21
  Total Train Loss:        1.90
    Contrastive Train Loss: 6.33
    Overall Recon Train Loss: 0.74
    Recon Train Loss:       0.15
    Cycle Train Loss:       nan
  Total Valid Loss:        2.71
    Contrastive Valid Loss: 9.94
    Overall Recon Valid Loss: 0.82
    Recon Valid Loss:       0.16
    Cycle Valid Loss:       nan
Learning Rate: 0.0001
Epoch: 158, Alpha: 0.21
  Total Train Loss:        1.89
    Contrastive Train Loss: 6.33
    Overall Recon Train Loss: 0.74
    Recon Train Loss:       0.15
    Cycle Train Loss:       nan
  Total Valid Loss:        2.70
    Contrastive Valid Loss: 9.97
    Overall Recon Valid Loss: 0.82
    Recon Valid Loss:       0.16
    Cycle Valid Loss:       nan
Learning Rate: 0.0001
Epoch: 159, Alpha: 0.20
  Total Train Loss:        1.87
    Contrastive Train Loss: 6.33
    Overall Recon Train Loss: 0.73
    Recon Train Loss:       0.15
    Cycle Train Loss:       nan
  Total Valid Loss:        2.67
    Contrastive Valid Loss: 9.93
    Overall Recon Valid Loss: 0.81
    Recon Valid Loss:       0.16
    Cycle Valid Loss:       nan
Learning Rate: 0.0001
Epoch: 160, Alpha: 0.20
  Total Train Loss:        1.86
    Contrastive Train Loss: 6.32
    Overall Recon Train Loss: 0.73
    Recon Train Loss:       0.15
    Cycle Train Loss:       nan
  Total Valid Loss:        2.65
    Contrastive Valid Loss: 9.92
    Overall Recon Valid Loss: 0.81
    Recon Valid Loss:       0.16
    Cycle Valid Loss:       nan
Learning Rate: 0.0001
Epoch: 161, Alpha: 0.20
  Total Train Loss:        1.85
    Contrastive Train Loss: 6.32
    Overall Recon Train Loss: 0.73
    Recon Train Loss:       0.15
    Cycle Train Loss:       nan
  Total Valid Loss:        2.64
    Contrastive Valid Loss: 9.96
    Overall Recon Valid Loss: 0.81
    Recon Valid Loss:       0.16
    Cycle Valid Loss:       nan
Learning Rate: 0.0001
Epoch: 162, Alpha: 0.20
  Total Train Loss:        1.84
    Contrastive Train Loss: 6.32
    Overall Recon Train Loss: 0.73
    Recon Train Loss:       0.15
    Cycle Train Loss:       nan
  Total Valid Loss:        2.61
    Contrastive Valid Loss: 9.92
    Overall Recon Valid Loss: 0.80
    Recon Valid Loss:       0.16
    Cycle Valid Loss:       nan
Learning Rate: 0.0001
Epoch: 163, Alpha: 0.20
  Total Train Loss:        1.83
    Contrastive Train Loss: 6.32
    Overall Recon Train Loss: 0.73
    Recon Train Loss:       0.15
    Cycle Train Loss:       nan
  Total Valid Loss:        2.60
    Contrastive Valid Loss: 9.95
    Overall Recon Valid Loss: 0.81
    Recon Valid Loss:       0.16
    Cycle Valid Loss:       nan
Learning Rate: 0.0001
Epoch: 164, Alpha: 0.19
  Total Train Loss:        1.81
    Contrastive Train Loss: 6.31
    Overall Recon Train Loss: 0.73
    Recon Train Loss:       0.15
    Cycle Train Loss:       nan
  Total Valid Loss:        2.59
    Contrastive Valid Loss: 9.98
    Overall Recon Valid Loss: 0.81
    Recon Valid Loss:       0.16
    Cycle Valid Loss:       nan
Learning Rate: 0.0001
Epoch: 165, Alpha: 0.19
  Total Train Loss:        1.80
    Contrastive Train Loss: 6.32
    Overall Recon Train Loss: 0.73
    Recon Train Loss:       0.15
    Cycle Train Loss:       nan
  Total Valid Loss:        2.57
    Contrastive Valid Loss: 9.95
    Overall Recon Valid Loss: 0.81
    Recon Valid Loss:       0.16
    Cycle Valid Loss:       nan
Learning Rate: 0.0001
Epoch: 166, Alpha: 0.19
  Total Train Loss:        1.79
    Contrastive Train Loss: 6.31
    Overall Recon Train Loss: 0.73
    Recon Train Loss:       0.15
    Cycle Train Loss:       nan
  Total Valid Loss:        2.55
    Contrastive Valid Loss: 9.97
    Overall Recon Valid Loss: 0.81
    Recon Valid Loss:       0.16
    Cycle Valid Loss:       nan
Learning Rate: 0.0001
Epoch: 167, Alpha: 0.19
  Total Train Loss:        1.78
    Contrastive Train Loss: 6.31
    Overall Recon Train Loss: 0.73
    Recon Train Loss:       0.15
    Cycle Train Loss:       nan
  Total Valid Loss:        2.52
    Contrastive Valid Loss: 9.95
    Overall Recon Valid Loss: 0.80
    Recon Valid Loss:       0.16
    Cycle Valid Loss:       nan
Learning Rate: 0.0001
Epoch: 168, Alpha: 0.19
  Total Train Loss:        1.77
    Contrastive Train Loss: 6.31
    Overall Recon Train Loss: 0.73
    Recon Train Loss:       0.15
    Cycle Train Loss:       nan
  Total Valid Loss:        2.51
    Contrastive Valid Loss: 9.95
    Overall Recon Valid Loss: 0.80
    Recon Valid Loss:       0.16
    Cycle Valid Loss:       nan
Learning Rate: 0.0001
Epoch: 169, Alpha: 0.18
  Total Train Loss:        1.76
    Contrastive Train Loss: 6.31
    Overall Recon Train Loss: 0.73
    Recon Train Loss:       0.15
    Cycle Train Loss:       nan
  Total Valid Loss:        2.50
    Contrastive Valid Loss: 9.96
    Overall Recon Valid Loss: 0.81
    Recon Valid Loss:       0.16
    Cycle Valid Loss:       nan
Learning Rate: 0.0001
Epoch: 170, Alpha: 0.18
  Total Train Loss:        1.75
    Contrastive Train Loss: 6.31
    Overall Recon Train Loss: 0.73
    Recon Train Loss:       0.15
    Cycle Train Loss:       nan
  Total Valid Loss:        2.48
    Contrastive Valid Loss: 9.98
    Overall Recon Valid Loss: 0.80
    Recon Valid Loss:       0.16
    Cycle Valid Loss:       nan
Learning Rate: 0.0001
Epoch: 171, Alpha: 0.18
  Total Train Loss:        1.74
    Contrastive Train Loss: 6.30
    Overall Recon Train Loss: 0.73
    Recon Train Loss:       0.15
    Cycle Train Loss:       nan
  Total Valid Loss:        2.46
    Contrastive Valid Loss: 9.98
    Overall Recon Valid Loss: 0.80
    Recon Valid Loss:       0.16
    Cycle Valid Loss:       nan
Learning Rate: 0.0001
Epoch: 172, Alpha: 0.18
  Total Train Loss:        1.73
    Contrastive Train Loss: 6.30
    Overall Recon Train Loss: 0.73
    Recon Train Loss:       0.15
    Cycle Train Loss:       nan
  Total Valid Loss:        2.45
    Contrastive Valid Loss: 9.98
    Overall Recon Valid Loss: 0.81
    Recon Valid Loss:       0.16
    Cycle Valid Loss:       nan
Learning Rate: 0.0001
Epoch: 173, Alpha: 0.18
  Total Train Loss:        1.71
    Contrastive Train Loss: 6.30
    Overall Recon Train Loss: 0.72
    Recon Train Loss:       0.14
    Cycle Train Loss:       nan
  Total Valid Loss:        2.43
    Contrastive Valid Loss: 9.99
    Overall Recon Valid Loss: 0.80
    Recon Valid Loss:       0.16
    Cycle Valid Loss:       nan
Learning Rate: 0.0001
Epoch: 174, Alpha: 0.18
  Total Train Loss:        1.70
    Contrastive Train Loss: 6.30
    Overall Recon Train Loss: 0.72
    Recon Train Loss:       0.14
    Cycle Train Loss:       nan
  Total Valid Loss:        2.42
    Contrastive Valid Loss: 9.99
    Overall Recon Valid Loss: 0.81
    Recon Valid Loss:       0.16
    Cycle Valid Loss:       nan
Learning Rate: 0.0001
Epoch: 175, Alpha: 0.17
  Total Train Loss:        1.69
    Contrastive Train Loss: 6.30
    Overall Recon Train Loss: 0.72
    Recon Train Loss:       0.14
    Cycle Train Loss:       nan
  Total Valid Loss:        2.40
    Contrastive Valid Loss: 9.98
    Overall Recon Valid Loss: 0.80
    Recon Valid Loss:       0.16
    Cycle Valid Loss:       nan
Learning Rate: 0.0001
Epoch: 176, Alpha: 0.17
  Total Train Loss:        1.68
    Contrastive Train Loss: 6.30
    Overall Recon Train Loss: 0.72
    Recon Train Loss:       0.14
    Cycle Train Loss:       nan
  Total Valid Loss:        2.38
    Contrastive Valid Loss: 9.98
    Overall Recon Valid Loss: 0.80
    Recon Valid Loss:       0.16
    Cycle Valid Loss:       nan
Learning Rate: 0.0001
Epoch: 177, Alpha: 0.17
  Total Train Loss:        1.67
    Contrastive Train Loss: 6.30
    Overall Recon Train Loss: 0.72
    Recon Train Loss:       0.14
    Cycle Train Loss:       nan
  Total Valid Loss:        2.36
    Contrastive Valid Loss: 9.96
    Overall Recon Valid Loss: 0.80
    Recon Valid Loss:       0.16
    Cycle Valid Loss:       nan
Learning Rate: 0.0001
Epoch: 178, Alpha: 0.17
  Total Train Loss:        1.66
    Contrastive Train Loss: 6.30
    Overall Recon Train Loss: 0.72
    Recon Train Loss:       0.14
    Cycle Train Loss:       nan
  Total Valid Loss:        2.35
    Contrastive Valid Loss: 10.00
    Overall Recon Valid Loss: 0.80
    Recon Valid Loss:       0.16
    Cycle Valid Loss:       nan
Learning Rate: 0.0001
Epoch: 179, Alpha: 0.17
  Total Train Loss:        1.65
    Contrastive Train Loss: 6.30
    Overall Recon Train Loss: 0.72
    Recon Train Loss:       0.14
    Cycle Train Loss:       nan
  Total Valid Loss:        2.34
    Contrastive Valid Loss: 9.99
    Overall Recon Valid Loss: 0.80
    Recon Valid Loss:       0.16
    Cycle Valid Loss:       nan
Learning Rate: 0.0001
Epoch: 180, Alpha: 0.17
  Total Train Loss:        1.64
    Contrastive Train Loss: 6.29
    Overall Recon Train Loss: 0.72
    Recon Train Loss:       0.14
    Cycle Train Loss:       nan
  Total Valid Loss:        2.32
    Contrastive Valid Loss: 9.98
    Overall Recon Valid Loss: 0.80
    Recon Valid Loss:       0.16
    Cycle Valid Loss:       nan
Learning Rate: 0.0001
Epoch: 181, Alpha: 0.16
  Total Train Loss:        1.63
    Contrastive Train Loss: 6.29
    Overall Recon Train Loss: 0.72
    Recon Train Loss:       0.14
    Cycle Train Loss:       nan
  Total Valid Loss:        2.31
    Contrastive Valid Loss: 10.00
    Overall Recon Valid Loss: 0.80
    Recon Valid Loss:       0.16
    Cycle Valid Loss:       nan
Learning Rate: 0.0001
Epoch: 182, Alpha: 0.16
  Total Train Loss:        1.62
    Contrastive Train Loss: 6.29
    Overall Recon Train Loss: 0.72
    Recon Train Loss:       0.14
    Cycle Train Loss:       nan
  Total Valid Loss:        2.29
    Contrastive Valid Loss: 10.01
    Overall Recon Valid Loss: 0.80
    Recon Valid Loss:       0.16
    Cycle Valid Loss:       nan
Learning Rate: 0.0001
Epoch: 183, Alpha: 0.16
  Total Train Loss:        1.61
    Contrastive Train Loss: 6.29
    Overall Recon Train Loss: 0.72
    Recon Train Loss:       0.14
    Cycle Train Loss:       nan
  Total Valid Loss:        2.28
    Contrastive Valid Loss: 10.01
    Overall Recon Valid Loss: 0.80
    Recon Valid Loss:       0.16
    Cycle Valid Loss:       nan
Learning Rate: 0.0001
Epoch: 184, Alpha: 0.16
  Total Train Loss:        1.60
    Contrastive Train Loss: 6.29
    Overall Recon Train Loss: 0.72
    Recon Train Loss:       0.14
    Cycle Train Loss:       nan
  Total Valid Loss:        2.25
    Contrastive Valid Loss: 9.96
    Overall Recon Valid Loss: 0.80
    Recon Valid Loss:       0.16
    Cycle Valid Loss:       nan
Learning Rate: 0.0001
Epoch: 185, Alpha: 0.16
  Total Train Loss:        1.59
    Contrastive Train Loss: 6.29
    Overall Recon Train Loss: 0.72
    Recon Train Loss:       0.14
    Cycle Train Loss:       nan
  Total Valid Loss:        2.24
    Contrastive Valid Loss: 9.99
    Overall Recon Valid Loss: 0.79
    Recon Valid Loss:       0.16
    Cycle Valid Loss:       nan
Learning Rate: 0.0001
Epoch: 186, Alpha: 0.16
  Total Train Loss:        1.58
    Contrastive Train Loss: 6.29
    Overall Recon Train Loss: 0.72
    Recon Train Loss:       0.14
    Cycle Train Loss:       nan
  Total Valid Loss:        2.23
    Contrastive Valid Loss: 9.99
    Overall Recon Valid Loss: 0.79
    Recon Valid Loss:       0.16
    Cycle Valid Loss:       nan
Learning Rate: 0.0001
Epoch: 187, Alpha: 0.15
  Total Train Loss:        1.58
    Contrastive Train Loss: 6.29
    Overall Recon Train Loss: 0.72
    Recon Train Loss:       0.14
    Cycle Train Loss:       nan
  Total Valid Loss:        2.21
    Contrastive Valid Loss: 9.99
    Overall Recon Valid Loss: 0.79
    Recon Valid Loss:       0.16
    Cycle Valid Loss:       nan
Learning Rate: 0.0001
Epoch: 188, Alpha: 0.15
  Total Train Loss:        1.57
    Contrastive Train Loss: 6.28
    Overall Recon Train Loss: 0.72
    Recon Train Loss:       0.14
    Cycle Train Loss:       nan
  Total Valid Loss:        2.20
    Contrastive Valid Loss: 10.02
    Overall Recon Valid Loss: 0.79
    Recon Valid Loss:       0.16
    Cycle Valid Loss:       nan
Learning Rate: 0.0001
Epoch: 189, Alpha: 0.15
  Total Train Loss:        1.56
    Contrastive Train Loss: 6.28
    Overall Recon Train Loss: 0.72
    Recon Train Loss:       0.14
    Cycle Train Loss:       nan
  Total Valid Loss:        2.19
    Contrastive Valid Loss: 10.03
    Overall Recon Valid Loss: 0.79
    Recon Valid Loss:       0.16
    Cycle Valid Loss:       nan
Learning Rate: 0.0001
Epoch: 190, Alpha: 0.15
  Total Train Loss:        1.55
    Contrastive Train Loss: 6.28
    Overall Recon Train Loss: 0.72
    Recon Train Loss:       0.14
    Cycle Train Loss:       nan
  Total Valid Loss:        2.17
    Contrastive Valid Loss: 10.02
    Overall Recon Valid Loss: 0.79
    Recon Valid Loss:       0.16
    Cycle Valid Loss:       nan
Learning Rate: 0.0001
Epoch: 191, Alpha: 0.15
  Total Train Loss:        1.54
    Contrastive Train Loss: 6.28
    Overall Recon Train Loss: 0.71
    Recon Train Loss:       0.14
    Cycle Train Loss:       nan
  Total Valid Loss:        2.15
    Contrastive Valid Loss: 10.00
    Overall Recon Valid Loss: 0.79
    Recon Valid Loss:       0.16
    Cycle Valid Loss:       nan
Learning Rate: 0.0001
Epoch: 192, Alpha: 0.15
  Total Train Loss:        1.53
    Contrastive Train Loss: 6.28
    Overall Recon Train Loss: 0.71
    Recon Train Loss:       0.14
    Cycle Train Loss:       nan
  Total Valid Loss:        2.13
    Contrastive Valid Loss: 9.99
    Overall Recon Valid Loss: 0.79
    Recon Valid Loss:       0.16
    Cycle Valid Loss:       nan
Learning Rate: 0.0001
Epoch: 193, Alpha: 0.15
  Total Train Loss:        1.52
    Contrastive Train Loss: 6.28
    Overall Recon Train Loss: 0.71
    Recon Train Loss:       0.14
    Cycle Train Loss:       nan
  Total Valid Loss:        2.13
    Contrastive Valid Loss: 10.02
    Overall Recon Valid Loss: 0.79
    Recon Valid Loss:       0.16
    Cycle Valid Loss:       nan
Learning Rate: 0.0001
Epoch: 194, Alpha: 0.14
  Total Train Loss:        1.51
    Contrastive Train Loss: 6.28
    Overall Recon Train Loss: 0.71
    Recon Train Loss:       0.14
    Cycle Train Loss:       nan
  Total Valid Loss:        2.12
    Contrastive Valid Loss: 10.01
    Overall Recon Valid Loss: 0.79
    Recon Valid Loss:       0.16
    Cycle Valid Loss:       nan
Learning Rate: 0.0001
Epoch: 195, Alpha: 0.14
  Total Train Loss:        1.50
    Contrastive Train Loss: 6.28
    Overall Recon Train Loss: 0.71
    Recon Train Loss:       0.14
    Cycle Train Loss:       nan
  Total Valid Loss:        2.10
    Contrastive Valid Loss: 10.02
    Overall Recon Valid Loss: 0.79
    Recon Valid Loss:       0.16
    Cycle Valid Loss:       nan
Learning Rate: 0.0001
Epoch: 196, Alpha: 0.14
  Total Train Loss:        1.50
    Contrastive Train Loss: 6.27
    Overall Recon Train Loss: 0.71
    Recon Train Loss:       0.14
    Cycle Train Loss:       nan
  Total Valid Loss:        2.09
    Contrastive Valid Loss: 10.00
    Overall Recon Valid Loss: 0.79
    Recon Valid Loss:       0.16
    Cycle Valid Loss:       nan
Learning Rate: 0.0001
Epoch: 197, Alpha: 0.14
  Total Train Loss:        1.49
    Contrastive Train Loss: 6.28
    Overall Recon Train Loss: 0.71
    Recon Train Loss:       0.14
    Cycle Train Loss:       nan
  Total Valid Loss:        2.07
    Contrastive Valid Loss: 10.02
    Overall Recon Valid Loss: 0.79
    Recon Valid Loss:       0.16
    Cycle Valid Loss:       nan
Learning Rate: 0.0001
Epoch: 198, Alpha: 0.14
  Total Train Loss:        1.48
    Contrastive Train Loss: 6.27
    Overall Recon Train Loss: 0.71
    Recon Train Loss:       0.14
    Cycle Train Loss:       nan
  Total Valid Loss:        2.06
    Contrastive Valid Loss: 10.01
    Overall Recon Valid Loss: 0.79
    Recon Valid Loss:       0.16
    Cycle Valid Loss:       nan
Learning Rate: 0.0001
Epoch: 199, Alpha: 0.14
  Total Train Loss:        1.47
    Contrastive Train Loss: 6.27
    Overall Recon Train Loss: 0.71
    Recon Train Loss:       0.14
    Cycle Train Loss:       nan
  Total Valid Loss:        2.05
    Contrastive Valid Loss: 10.03
    Overall Recon Valid Loss: 0.79
    Recon Valid Loss:       0.16
    Cycle Valid Loss:       nan
Learning Rate: 0.0001
Epoch: 200, Alpha: 0.14
  Total Train Loss:        1.46
    Contrastive Train Loss: 6.27
    Overall Recon Train Loss: 0.71
    Recon Train Loss:       0.14
    Cycle Train Loss:       nan
  Total Valid Loss:        2.04
    Contrastive Valid Loss: 10.01
    Overall Recon Valid Loss: 0.79
    Recon Valid Loss:       0.16
    Cycle Valid Loss:       nan
Learning Rate: 0.0001
Epoch: 201, Alpha: 0.13
  Total Train Loss:        1.45
    Contrastive Train Loss: 6.27
    Overall Recon Train Loss: 0.71
    Recon Train Loss:       0.14
    Cycle Train Loss:       nan
  Total Valid Loss:        2.03
    Contrastive Valid Loss: 10.02
    Overall Recon Valid Loss: 0.79
    Recon Valid Loss:       0.16
    Cycle Valid Loss:       nan
Learning Rate: 0.0001
Epoch: 202, Alpha: 0.13
  Total Train Loss:        1.45
    Contrastive Train Loss: 6.27
    Overall Recon Train Loss: 0.71
    Recon Train Loss:       0.14
    Cycle Train Loss:       nan
  Total Valid Loss:        2.01
    Contrastive Valid Loss: 10.05
    Overall Recon Valid Loss: 0.79
    Recon Valid Loss:       0.16
    Cycle Valid Loss:       nan
Learning Rate: 0.0001
Epoch: 203, Alpha: 0.13
  Total Train Loss:        1.44
    Contrastive Train Loss: 6.27
    Overall Recon Train Loss: 0.71
    Recon Train Loss:       0.14
    Cycle Train Loss:       nan
  Total Valid Loss:        2.00
    Contrastive Valid Loss: 10.05
    Overall Recon Valid Loss: 0.79
    Recon Valid Loss:       0.16
    Cycle Valid Loss:       nan
Learning Rate: 0.0001
Epoch: 204, Alpha: 0.13
  Total Train Loss:        1.43
    Contrastive Train Loss: 6.27
    Overall Recon Train Loss: 0.71
    Recon Train Loss:       0.14
    Cycle Train Loss:       nan
  Total Valid Loss:        1.98
    Contrastive Valid Loss: 10.01
    Overall Recon Valid Loss: 0.78
    Recon Valid Loss:       0.16
    Cycle Valid Loss:       nan
Learning Rate: 0.0001
Epoch: 205, Alpha: 0.13
  Total Train Loss:        1.42
    Contrastive Train Loss: 6.27
    Overall Recon Train Loss: 0.71
    Recon Train Loss:       0.14
    Cycle Train Loss:       nan
  Total Valid Loss:        1.98
    Contrastive Valid Loss: 10.04
    Overall Recon Valid Loss: 0.79
    Recon Valid Loss:       0.16
    Cycle Valid Loss:       nan
Learning Rate: 0.0001
Epoch: 206, Alpha: 0.13
  Total Train Loss:        1.42
    Contrastive Train Loss: 6.27
    Overall Recon Train Loss: 0.71
    Recon Train Loss:       0.14
    Cycle Train Loss:       nan
  Total Valid Loss:        1.96
    Contrastive Valid Loss: 10.02
    Overall Recon Valid Loss: 0.78
    Recon Valid Loss:       0.16
    Cycle Valid Loss:       nan
Learning Rate: 0.0001
Epoch: 207, Alpha: 0.13
  Total Train Loss:        1.41
    Contrastive Train Loss: 6.27
    Overall Recon Train Loss: 0.71
    Recon Train Loss:       0.14
    Cycle Train Loss:       nan
  Total Valid Loss:        1.94
    Contrastive Valid Loss: 10.02
    Overall Recon Valid Loss: 0.78
    Recon Valid Loss:       0.16
    Cycle Valid Loss:       nan
Learning Rate: 0.0001
Epoch: 208, Alpha: 0.12
  Total Train Loss:        1.40
    Contrastive Train Loss: 6.27
    Overall Recon Train Loss: 0.71
    Recon Train Loss:       0.14
    Cycle Train Loss:       nan
  Total Valid Loss:        1.94
    Contrastive Valid Loss: 10.03
    Overall Recon Valid Loss: 0.79
    Recon Valid Loss:       0.16
    Cycle Valid Loss:       nan
Learning Rate: 0.0001
Epoch: 209, Alpha: 0.12
  Total Train Loss:        1.39
    Contrastive Train Loss: 6.26
    Overall Recon Train Loss: 0.71
    Recon Train Loss:       0.14
    Cycle Train Loss:       nan
  Total Valid Loss:        1.92
    Contrastive Valid Loss: 10.01
    Overall Recon Valid Loss: 0.78
    Recon Valid Loss:       0.16
    Cycle Valid Loss:       nan
Learning Rate: 0.0001
Epoch: 210, Alpha: 0.12
  Total Train Loss:        1.39
    Contrastive Train Loss: 6.26
    Overall Recon Train Loss: 0.71
    Recon Train Loss:       0.14
    Cycle Train Loss:       nan
  Total Valid Loss:        1.91
    Contrastive Valid Loss: 10.03
    Overall Recon Valid Loss: 0.78
    Recon Valid Loss:       0.16
    Cycle Valid Loss:       nan
Learning Rate: 0.0001
Epoch: 211, Alpha: 0.12
  Total Train Loss:        1.38
    Contrastive Train Loss: 6.26
    Overall Recon Train Loss: 0.70
    Recon Train Loss:       0.14
    Cycle Train Loss:       nan
  Total Valid Loss:        1.90
    Contrastive Valid Loss: 10.03
    Overall Recon Valid Loss: 0.78
    Recon Valid Loss:       0.16
    Cycle Valid Loss:       nan
Learning Rate: 0.0001
Epoch: 212, Alpha: 0.12
  Total Train Loss:        1.37
    Contrastive Train Loss: 6.26
    Overall Recon Train Loss: 0.70
    Recon Train Loss:       0.14
    Cycle Train Loss:       nan
  Total Valid Loss:        1.89
    Contrastive Valid Loss: 10.03
    Overall Recon Valid Loss: 0.78
    Recon Valid Loss:       0.16
    Cycle Valid Loss:       nan
Learning Rate: 0.0001
Epoch: 213, Alpha: 0.12
  Total Train Loss:        1.36
    Contrastive Train Loss: 6.26
    Overall Recon Train Loss: 0.70
    Recon Train Loss:       0.14
    Cycle Train Loss:       nan
  Total Valid Loss:        1.87
    Contrastive Valid Loss: 10.03
    Overall Recon Valid Loss: 0.77
    Recon Valid Loss:       0.15
    Cycle Valid Loss:       nan
Learning Rate: 0.0001
Epoch: 214, Alpha: 0.12
  Total Train Loss:        1.36
    Contrastive Train Loss: 6.26
    Overall Recon Train Loss: 0.70
    Recon Train Loss:       0.14
    Cycle Train Loss:       nan
  Total Valid Loss:        1.87
    Contrastive Valid Loss: 10.04
    Overall Recon Valid Loss: 0.78
    Recon Valid Loss:       0.16
    Cycle Valid Loss:       nan
Learning Rate: 0.0001
Epoch: 215, Alpha: 0.12
  Total Train Loss:        1.35
    Contrastive Train Loss: 6.26
    Overall Recon Train Loss: 0.70
    Recon Train Loss:       0.14
    Cycle Train Loss:       nan
  Total Valid Loss:        1.86
    Contrastive Valid Loss: 10.05
    Overall Recon Valid Loss: 0.78
    Recon Valid Loss:       0.16
    Cycle Valid Loss:       nan
Learning Rate: 0.0001
Epoch: 216, Alpha: 0.12
  Total Train Loss:        1.34
    Contrastive Train Loss: 6.26
    Overall Recon Train Loss: 0.70
    Recon Train Loss:       0.14
    Cycle Train Loss:       nan
  Total Valid Loss:        1.84
    Contrastive Valid Loss: 10.04
    Overall Recon Valid Loss: 0.77
    Recon Valid Loss:       0.15
    Cycle Valid Loss:       nan
Learning Rate: 0.0001
Epoch: 217, Alpha: 0.11
  Total Train Loss:        1.34
    Contrastive Train Loss: 6.26
    Overall Recon Train Loss: 0.70
    Recon Train Loss:       0.14
    Cycle Train Loss:       nan
  Total Valid Loss:        1.83
    Contrastive Valid Loss: 10.05
    Overall Recon Valid Loss: 0.77
    Recon Valid Loss:       0.15
    Cycle Valid Loss:       nan
Learning Rate: 0.0001
Epoch: 218, Alpha: 0.11
  Total Train Loss:        1.33
    Contrastive Train Loss: 6.26
    Overall Recon Train Loss: 0.70
    Recon Train Loss:       0.14
    Cycle Train Loss:       nan
  Total Valid Loss:        1.82
    Contrastive Valid Loss: 10.05
    Overall Recon Valid Loss: 0.78
    Recon Valid Loss:       0.16
    Cycle Valid Loss:       nan
Learning Rate: 0.0001
Epoch: 219, Alpha: 0.11
  Total Train Loss:        1.32
    Contrastive Train Loss: 6.25
    Overall Recon Train Loss: 0.70
    Recon Train Loss:       0.14
    Cycle Train Loss:       nan
  Total Valid Loss:        1.81
    Contrastive Valid Loss: 10.03
    Overall Recon Valid Loss: 0.78
    Recon Valid Loss:       0.16
    Cycle Valid Loss:       nan
Learning Rate: 0.0001
Epoch: 220, Alpha: 0.11
  Total Train Loss:        1.32
    Contrastive Train Loss: 6.25
    Overall Recon Train Loss: 0.70
    Recon Train Loss:       0.14
    Cycle Train Loss:       nan
  Total Valid Loss:        1.80
    Contrastive Valid Loss: 10.03
    Overall Recon Valid Loss: 0.77
    Recon Valid Loss:       0.15
    Cycle Valid Loss:       nan
Learning Rate: 0.0001
Epoch: 221, Alpha: 0.11
  Total Train Loss:        1.31
    Contrastive Train Loss: 6.26
    Overall Recon Train Loss: 0.70
    Recon Train Loss:       0.14
    Cycle Train Loss:       nan
  Total Valid Loss:        1.79
    Contrastive Valid Loss: 10.04
    Overall Recon Valid Loss: 0.77
    Recon Valid Loss:       0.15
    Cycle Valid Loss:       nan
Learning Rate: 0.0001
Epoch: 222, Alpha: 0.11
  Total Train Loss:        1.30
    Contrastive Train Loss: 6.25
    Overall Recon Train Loss: 0.70
    Recon Train Loss:       0.14
    Cycle Train Loss:       nan
  Total Valid Loss:        1.78
    Contrastive Valid Loss: 10.05
    Overall Recon Valid Loss: 0.77
    Recon Valid Loss:       0.15
    Cycle Valid Loss:       nan
Learning Rate: 0.0001
Epoch: 223, Alpha: 0.11
  Total Train Loss:        1.30
    Contrastive Train Loss: 6.25
    Overall Recon Train Loss: 0.70
    Recon Train Loss:       0.14
    Cycle Train Loss:       nan
  Total Valid Loss:        1.77
    Contrastive Valid Loss: 10.05
    Overall Recon Valid Loss: 0.77
    Recon Valid Loss:       0.15
    Cycle Valid Loss:       nan
Learning Rate: 0.0001
Epoch: 224, Alpha: 0.11
  Total Train Loss:        1.29
    Contrastive Train Loss: 6.25
    Overall Recon Train Loss: 0.70
    Recon Train Loss:       0.14
    Cycle Train Loss:       nan
  Total Valid Loss:        1.76
    Contrastive Valid Loss: 10.07
    Overall Recon Valid Loss: 0.77
    Recon Valid Loss:       0.15
    Cycle Valid Loss:       nan
Learning Rate: 0.0001
Epoch: 225, Alpha: 0.11
  Total Train Loss:        1.28
    Contrastive Train Loss: 6.25
    Overall Recon Train Loss: 0.70
    Recon Train Loss:       0.14
    Cycle Train Loss:       nan
  Total Valid Loss:        1.75
    Contrastive Valid Loss: 10.03
    Overall Recon Valid Loss: 0.77
    Recon Valid Loss:       0.15
    Cycle Valid Loss:       nan
Learning Rate: 0.0001
Epoch: 226, Alpha: 0.10
  Total Train Loss:        1.28
    Contrastive Train Loss: 6.25
    Overall Recon Train Loss: 0.70
    Recon Train Loss:       0.14
    Cycle Train Loss:       nan
  Total Valid Loss:        1.75
    Contrastive Valid Loss: 10.07
    Overall Recon Valid Loss: 0.77
    Recon Valid Loss:       0.15
    Cycle Valid Loss:       nan
Learning Rate: 0.0001
Epoch: 227, Alpha: 0.10
  Total Train Loss:        1.27
    Contrastive Train Loss: 6.25
    Overall Recon Train Loss: 0.70
    Recon Train Loss:       0.14
    Cycle Train Loss:       nan
  Total Valid Loss:        1.73
    Contrastive Valid Loss: 10.05
    Overall Recon Valid Loss: 0.77
    Recon Valid Loss:       0.15
    Cycle Valid Loss:       nan
Learning Rate: 0.0001
Epoch: 228, Alpha: 0.10
  Total Train Loss:        1.27
    Contrastive Train Loss: 6.25
    Overall Recon Train Loss: 0.70
    Recon Train Loss:       0.14
    Cycle Train Loss:       nan
  Total Valid Loss:        1.72
    Contrastive Valid Loss: 10.08
    Overall Recon Valid Loss: 0.77
    Recon Valid Loss:       0.15
    Cycle Valid Loss:       nan
Learning Rate: 0.0001
Epoch: 229, Alpha: 0.10
  Total Train Loss:        1.26
    Contrastive Train Loss: 6.25
    Overall Recon Train Loss: 0.70
    Recon Train Loss:       0.14
    Cycle Train Loss:       nan
  Total Valid Loss:        1.71
    Contrastive Valid Loss: 10.06
    Overall Recon Valid Loss: 0.77
    Recon Valid Loss:       0.15
    Cycle Valid Loss:       nan
Learning Rate: 0.0001
Epoch: 230, Alpha: 0.10
  Total Train Loss:        1.25
    Contrastive Train Loss: 6.25
    Overall Recon Train Loss: 0.70
    Recon Train Loss:       0.14
    Cycle Train Loss:       nan
  Total Valid Loss:        1.70
    Contrastive Valid Loss: 10.07
    Overall Recon Valid Loss: 0.77
    Recon Valid Loss:       0.15
    Cycle Valid Loss:       nan
Learning Rate: 0.0001
Epoch: 231, Alpha: 0.10
  Total Train Loss:        1.25
    Contrastive Train Loss: 6.25
    Overall Recon Train Loss: 0.70
    Recon Train Loss:       0.14
    Cycle Train Loss:       nan
  Total Valid Loss:        1.69
    Contrastive Valid Loss: 10.07
    Overall Recon Valid Loss: 0.77
    Recon Valid Loss:       0.15
    Cycle Valid Loss:       nan
Learning Rate: 0.0001
Epoch: 232, Alpha: 0.10
  Total Train Loss:        1.24
    Contrastive Train Loss: 6.25
    Overall Recon Train Loss: 0.70
    Recon Train Loss:       0.14
    Cycle Train Loss:       nan
  Total Valid Loss:        1.68
    Contrastive Valid Loss: 10.03
    Overall Recon Valid Loss: 0.77
    Recon Valid Loss:       0.15
    Cycle Valid Loss:       nan
Learning Rate: 0.0001
Epoch: 233, Alpha: 0.10
  Total Train Loss:        1.24
    Contrastive Train Loss: 6.24
    Overall Recon Train Loss: 0.70
    Recon Train Loss:       0.14
    Cycle Train Loss:       nan
  Total Valid Loss:        1.67
    Contrastive Valid Loss: 10.06
    Overall Recon Valid Loss: 0.77
    Recon Valid Loss:       0.15
    Cycle Valid Loss:       nan
Learning Rate: 0.0001
Epoch: 234, Alpha: 0.10
  Total Train Loss:        1.23
    Contrastive Train Loss: 6.24
    Overall Recon Train Loss: 0.70
    Recon Train Loss:       0.14
    Cycle Train Loss:       nan
  Total Valid Loss:        1.66
    Contrastive Valid Loss: 10.05
    Overall Recon Valid Loss: 0.77
    Recon Valid Loss:       0.15
    Cycle Valid Loss:       nan
Learning Rate: 0.0001
Epoch: 235, Alpha: 0.10
  Total Train Loss:        1.22
    Contrastive Train Loss: 6.24
    Overall Recon Train Loss: 0.70
    Recon Train Loss:       0.14
    Cycle Train Loss:       nan
  Total Valid Loss:        1.65
    Contrastive Valid Loss: 10.07
    Overall Recon Valid Loss: 0.76
    Recon Valid Loss:       0.15
    Cycle Valid Loss:       nan
Learning Rate: 0.0001
Epoch: 236, Alpha: 0.09
  Total Train Loss:        1.22
    Contrastive Train Loss: 6.24
    Overall Recon Train Loss: 0.70
    Recon Train Loss:       0.14
    Cycle Train Loss:       nan
  Total Valid Loss:        1.64
    Contrastive Valid Loss: 10.03
    Overall Recon Valid Loss: 0.76
    Recon Valid Loss:       0.15
    Cycle Valid Loss:       nan
Learning Rate: 0.0001
Epoch: 237, Alpha: 0.09
  Total Train Loss:        1.21
    Contrastive Train Loss: 6.24
    Overall Recon Train Loss: 0.69
    Recon Train Loss:       0.14
    Cycle Train Loss:       nan
  Total Valid Loss:        1.64
    Contrastive Valid Loss: 10.05
    Overall Recon Valid Loss: 0.77
    Recon Valid Loss:       0.15
    Cycle Valid Loss:       nan
Learning Rate: 0.0001
Epoch: 238, Alpha: 0.09
  Total Train Loss:        1.21
    Contrastive Train Loss: 6.24
    Overall Recon Train Loss: 0.69
    Recon Train Loss:       0.14
    Cycle Train Loss:       nan
  Total Valid Loss:        1.63
    Contrastive Valid Loss: 10.06
    Overall Recon Valid Loss: 0.77
    Recon Valid Loss:       0.15
    Cycle Valid Loss:       nan
Learning Rate: 0.0001
Epoch: 239, Alpha: 0.09
  Total Train Loss:        1.20
    Contrastive Train Loss: 6.24
    Overall Recon Train Loss: 0.69
    Recon Train Loss:       0.14
    Cycle Train Loss:       nan
  Total Valid Loss:        1.62
    Contrastive Valid Loss: 10.06
    Overall Recon Valid Loss: 0.76
    Recon Valid Loss:       0.15
    Cycle Valid Loss:       nan
Learning Rate: 0.0001
Epoch: 240, Alpha: 0.09
  Total Train Loss:        1.20
    Contrastive Train Loss: 6.24
    Overall Recon Train Loss: 0.69
    Recon Train Loss:       0.14
    Cycle Train Loss:       nan
  Total Valid Loss:        1.61
    Contrastive Valid Loss: 10.08
    Overall Recon Valid Loss: 0.76
    Recon Valid Loss:       0.15
    Cycle Valid Loss:       nan
Learning Rate: 0.0001
Epoch: 241, Alpha: 0.09
  Total Train Loss:        1.19
    Contrastive Train Loss: 6.24
    Overall Recon Train Loss: 0.69
    Recon Train Loss:       0.14
    Cycle Train Loss:       nan
  Total Valid Loss:        1.60
    Contrastive Valid Loss: 10.08
    Overall Recon Valid Loss: 0.76
    Recon Valid Loss:       0.15
    Cycle Valid Loss:       nan
Learning Rate: 0.0001
Epoch: 242, Alpha: 0.09
  Total Train Loss:        1.19
    Contrastive Train Loss: 6.24
    Overall Recon Train Loss: 0.69
    Recon Train Loss:       0.14
    Cycle Train Loss:       nan
  Total Valid Loss:        1.59
    Contrastive Valid Loss: 10.08
    Overall Recon Valid Loss: 0.76
    Recon Valid Loss:       0.15
    Cycle Valid Loss:       nan
Learning Rate: 0.0001
Epoch: 243, Alpha: 0.09
  Total Train Loss:        1.18
    Contrastive Train Loss: 6.24
    Overall Recon Train Loss: 0.69
    Recon Train Loss:       0.14
    Cycle Train Loss:       nan
  Total Valid Loss:        1.58
    Contrastive Valid Loss: 10.04
    Overall Recon Valid Loss: 0.76
    Recon Valid Loss:       0.15
    Cycle Valid Loss:       nan
Learning Rate: 0.0001
Epoch: 244, Alpha: 0.09
  Total Train Loss:        1.18
    Contrastive Train Loss: 6.24
    Overall Recon Train Loss: 0.69
    Recon Train Loss:       0.14
    Cycle Train Loss:       nan
  Total Valid Loss:        1.58
    Contrastive Valid Loss: 10.08
    Overall Recon Valid Loss: 0.76
    Recon Valid Loss:       0.15
    Cycle Valid Loss:       nan
Learning Rate: 0.0001
Epoch: 245, Alpha: 0.09
  Total Train Loss:        1.17
    Contrastive Train Loss: 6.24
    Overall Recon Train Loss: 0.69
    Recon Train Loss:       0.14
    Cycle Train Loss:       nan
  Total Valid Loss:        1.56
    Contrastive Valid Loss: 10.10
    Overall Recon Valid Loss: 0.76
    Recon Valid Loss:       0.15
    Cycle Valid Loss:       nan
Learning Rate: 0.0001
Epoch: 246, Alpha: 0.09
  Total Train Loss:        1.17
    Contrastive Train Loss: 6.24
    Overall Recon Train Loss: 0.69
    Recon Train Loss:       0.14
    Cycle Train Loss:       nan
  Total Valid Loss:        1.55
    Contrastive Valid Loss: 10.07
    Overall Recon Valid Loss: 0.76
    Recon Valid Loss:       0.15
    Cycle Valid Loss:       nan
Learning Rate: 0.0001
Epoch: 247, Alpha: 0.08
  Total Train Loss:        1.16
    Contrastive Train Loss: 6.24
    Overall Recon Train Loss: 0.69
    Recon Train Loss:       0.14
    Cycle Train Loss:       nan
  Total Valid Loss:        1.54
    Contrastive Valid Loss: 10.05
    Overall Recon Valid Loss: 0.76
    Recon Valid Loss:       0.15
    Cycle Valid Loss:       nan
Learning Rate: 0.0001
Epoch: 248, Alpha: 0.08
  Total Train Loss:        1.16
    Contrastive Train Loss: 6.24
    Overall Recon Train Loss: 0.69
    Recon Train Loss:       0.14
    Cycle Train Loss:       nan
  Total Valid Loss:        1.54
    Contrastive Valid Loss: 10.09
    Overall Recon Valid Loss: 0.76
    Recon Valid Loss:       0.15
    Cycle Valid Loss:       nan
Learning Rate: 0.0001
Epoch: 249, Alpha: 0.08
  Total Train Loss:        1.15
    Contrastive Train Loss: 6.23
    Overall Recon Train Loss: 0.69
    Recon Train Loss:       0.14
    Cycle Train Loss:       nan
  Total Valid Loss:        1.53
    Contrastive Valid Loss: 10.08
    Overall Recon Valid Loss: 0.76
    Recon Valid Loss:       0.15
    Cycle Valid Loss:       nan
Learning Rate: 0.0001
Starting Downstream Task
Shape: (5, 144, 72)
Epoch: 0, Train Loss: 0.00634, Valid Loss: 0.00488, EPS: 0.991
Epoch: 1, Train Loss: 0.00410, Valid Loss: 0.00437, EPS: 0.982
Epoch: 2, Train Loss: 0.00376, Valid Loss: 0.00429, EPS: 0.973
Epoch: 3, Train Loss: 0.00363, Valid Loss: 0.00423, EPS: 0.964
Epoch: 4, Train Loss: 0.00355, Valid Loss: 0.00423, EPS: 0.955
Epoch: 5, Train Loss: 0.00351, Valid Loss: 0.00417, EPS: 0.946
Epoch: 6, Train Loss: 0.00348, Valid Loss: 0.00423, EPS: 0.9369999999999999
Epoch: 7, Train Loss: 0.00346, Valid Loss: 0.00417, EPS: 0.928
Epoch: 8, Train Loss: 0.00345, Valid Loss: 0.00413, EPS: 0.919
Epoch: 9, Train Loss: 0.00341, Valid Loss: 0.00411, EPS: 0.91
Epoch: 10, Train Loss: 0.00340, Valid Loss: 0.00417, EPS: 0.901
Epoch: 11, Train Loss: 0.00340, Valid Loss: 0.00417, EPS: 0.892
Epoch: 12, Train Loss: 0.00339, Valid Loss: 0.00416, EPS: 0.883
Epoch: 13, Train Loss: 0.00338, Valid Loss: 0.00415, EPS: 0.874
Epoch: 14, Train Loss: 0.00339, Valid Loss: 0.00416, EPS: 0.865
Epoch: 15, Train Loss: 0.00336, Valid Loss: 0.00414, EPS: 0.856
Epoch: 16, Train Loss: 0.00336, Valid Loss: 0.00412, EPS: 0.847
Epoch: 17, Train Loss: 0.00335, Valid Loss: 0.00412, EPS: 0.8380000000000001
Epoch: 18, Train Loss: 0.00333, Valid Loss: 0.00413, EPS: 0.8290000000000001
Epoch: 19, Train Loss: 0.00334, Valid Loss: 0.00415, EPS: 0.8200000000000001
Epoch: 20, Train Loss: 0.00333, Valid Loss: 0.00414, EPS: 0.811
Epoch: 21, Train Loss: 0.00281, Valid Loss: 0.00363, EPS: 0.802
Epoch: 22, Train Loss: 0.00251, Valid Loss: 0.00354, EPS: 0.793
Epoch: 23, Train Loss: 0.00245, Valid Loss: 0.00352, EPS: 0.784
Epoch: 24, Train Loss: 0.00242, Valid Loss: 0.00349, EPS: 0.775
Epoch: 25, Train Loss: 0.00241, Valid Loss: 0.00349, EPS: 0.766
Epoch: 26, Train Loss: 0.00239, Valid Loss: 0.00348, EPS: 0.757
Epoch: 27, Train Loss: 0.00238, Valid Loss: 0.00347, EPS: 0.748
Epoch: 28, Train Loss: 0.00237, Valid Loss: 0.00348, EPS: 0.739
Epoch: 29, Train Loss: 0.00236, Valid Loss: 0.00347, EPS: 0.73
Epoch: 30, Train Loss: 0.00236, Valid Loss: 0.00348, EPS: 0.721
Epoch: 31, Train Loss: 0.00235, Valid Loss: 0.00347, EPS: 0.712
Epoch: 32, Train Loss: 0.00234, Valid Loss: 0.00347, EPS: 0.703
Epoch: 33, Train Loss: 0.00233, Valid Loss: 0.00348, EPS: 0.694
Epoch: 34, Train Loss: 0.00233, Valid Loss: 0.00349, EPS: 0.685
Epoch: 35, Train Loss: 0.00232, Valid Loss: 0.00350, EPS: 0.676
Epoch: 36, Train Loss: 0.00232, Valid Loss: 0.00348, EPS: 0.667
Epoch: 37, Train Loss: 0.00231, Valid Loss: 0.00350, EPS: 0.658
Epoch: 38, Train Loss: 0.00230, Valid Loss: 0.00350, EPS: 0.649
Epoch: 39, Train Loss: 0.00230, Valid Loss: 0.00350, EPS: 0.64
Epoch: 40, Train Loss: 0.00230, Valid Loss: 0.00352, EPS: 0.6310000000000001
Epoch: 41, Train Loss: 0.00216, Valid Loss: 0.00345, EPS: 0.6220000000000001
Epoch: 42, Train Loss: 0.00212, Valid Loss: 0.00346, EPS: 0.6130000000000001
Epoch: 43, Train Loss: 0.00210, Valid Loss: 0.00345, EPS: 0.6040000000000001
Epoch: 44, Train Loss: 0.00210, Valid Loss: 0.00346, EPS: 0.5950000000000001
Epoch: 45, Train Loss: 0.00209, Valid Loss: 0.00346, EPS: 0.5860000000000001
Epoch: 46, Train Loss: 0.00209, Valid Loss: 0.00347, EPS: 0.5770000000000001
Epoch: 47, Train Loss: 0.00208, Valid Loss: 0.00346, EPS: 0.5680000000000001
Epoch: 48, Train Loss: 0.00208, Valid Loss: 0.00347, EPS: 0.559
Epoch: 49, Train Loss: 0.00208, Valid Loss: 0.00348, EPS: 0.55
Epoch: 50, Train Loss: 0.00207, Valid Loss: 0.00347, EPS: 0.541
Epoch: 51, Train Loss: 0.00207, Valid Loss: 0.00348, EPS: 0.532
Epoch: 52, Train Loss: 0.00207, Valid Loss: 0.00348, EPS: 0.523
Epoch: 53, Train Loss: 0.00207, Valid Loss: 0.00349, EPS: 0.514
Epoch: 54, Train Loss: 0.00207, Valid Loss: 0.00348, EPS: 0.505
Epoch: 55, Train Loss: 0.00205, Valid Loss: 0.00349, EPS: 0.496
Epoch: 56, Train Loss: 0.00205, Valid Loss: 0.00348, EPS: 0.4870000000000001
Epoch: 57, Train Loss: 0.00205, Valid Loss: 0.00348, EPS: 0.4780000000000001
Epoch: 58, Train Loss: 0.00204, Valid Loss: 0.00349, EPS: 0.4690000000000001
Epoch: 59, Train Loss: 0.00205, Valid Loss: 0.00349, EPS: 0.4600000000000001
Epoch: 60, Train Loss: 0.00204, Valid Loss: 0.00349, EPS: 0.45100000000000007
Epoch: 61, Train Loss: 0.00205, Valid Loss: 0.00349, EPS: 0.44200000000000006
Epoch: 62, Train Loss: 0.00205, Valid Loss: 0.00349, EPS: 0.43300000000000005
Epoch: 63, Train Loss: 0.00204, Valid Loss: 0.00349, EPS: 0.42400000000000004
Epoch: 64, Train Loss: 0.00204, Valid Loss: 0.00349, EPS: 0.41500000000000004
Epoch: 65, Train Loss: 0.00204, Valid Loss: 0.00350, EPS: 0.406
Epoch: 66, Train Loss: 0.00204, Valid Loss: 0.00349, EPS: 0.397
Epoch: 67, Train Loss: 0.00204, Valid Loss: 0.00349, EPS: 0.388
Epoch: 68, Train Loss: 0.00204, Valid Loss: 0.00349, EPS: 0.3790000000000001
Epoch: 69, Train Loss: 0.00204, Valid Loss: 0.00349, EPS: 0.3700000000000001
Epoch: 70, Train Loss: 0.00204, Valid Loss: 0.00349, EPS: 0.3610000000000001
Epoch: 71, Train Loss: 0.00204, Valid Loss: 0.00349, EPS: 0.3520000000000001
Epoch: 72, Train Loss: 0.00204, Valid Loss: 0.00349, EPS: 0.343
Epoch: 73, Train Loss: 0.00204, Valid Loss: 0.00349, EPS: 0.334
Epoch: 74, Train Loss: 0.00204, Valid Loss: 0.00349, EPS: 0.325
Epoch: 75, Train Loss: 0.00204, Valid Loss: 0.00350, EPS: 0.316
Epoch: 76, Train Loss: 0.00204, Valid Loss: 0.00350, EPS: 0.307
Epoch: 77, Train Loss: 0.00204, Valid Loss: 0.00349, EPS: 0.298
Epoch: 78, Train Loss: 0.00204, Valid Loss: 0.00349, EPS: 0.289
Epoch: 79, Train Loss: 0.00204, Valid Loss: 0.00349, EPS: 0.27999999999999997
Epoch: 80, Train Loss: 0.00204, Valid Loss: 0.00349, EPS: 0.27099999999999996
Epoch: 81, Train Loss: 0.00204, Valid Loss: 0.00348, EPS: 0.26200000000000007
Epoch: 82, Train Loss: 0.00204, Valid Loss: 0.00349, EPS: 0.25300000000000006
Epoch: 83, Train Loss: 0.00204, Valid Loss: 0.00349, EPS: 0.24400000000000005
Epoch: 84, Train Loss: 0.00204, Valid Loss: 0.00350, EPS: 0.23500000000000004
Epoch: 85, Train Loss: 0.00204, Valid Loss: 0.00349, EPS: 0.22600000000000003
Epoch: 86, Train Loss: 0.00204, Valid Loss: 0.00349, EPS: 0.21700000000000003
Epoch: 87, Train Loss: 0.00204, Valid Loss: 0.00349, EPS: 0.20800000000000002
Epoch: 88, Train Loss: 0.00204, Valid Loss: 0.00349, EPS: 0.199
Epoch: 89, Train Loss: 0.00204, Valid Loss: 0.00349, EPS: 0.19
Epoch: 90, Train Loss: 0.00204, Valid Loss: 0.00349, EPS: 0.181
Epoch: 91, Train Loss: 0.00204, Valid Loss: 0.00349, EPS: 0.172
Epoch: 92, Train Loss: 0.00204, Valid Loss: 0.00349, EPS: 0.16299999999999998
Epoch: 93, Train Loss: 0.00204, Valid Loss: 0.00349, EPS: 0.15400000000000005
Epoch: 94, Train Loss: 0.00204, Valid Loss: 0.00349, EPS: 0.14500000000000005
Epoch: 95, Train Loss: 0.00204, Valid Loss: 0.00348, EPS: 0.13600000000000004
Epoch: 96, Train Loss: 0.00204, Valid Loss: 0.00349, EPS: 0.12700000000000003
Epoch: 97, Train Loss: 0.00204, Valid Loss: 0.00349, EPS: 0.11800000000000002
Epoch: 98, Train Loss: 0.00204, Valid Loss: 0.00349, EPS: 0.10900000000000001
Epoch: 99, Train Loss: 0.00204, Valid Loss: 0.00349, EPS: 0.1
Test Loss: 0.00349
Test Loss: 0.00337
Training Decoder
Epoch: 0, Total Train Loss: 0.14, Total Valid Loss: 0.15, Learning Rate: 0.0001
Epoch: 1, Total Train Loss: 0.14, Total Valid Loss: 0.15, Learning Rate: 0.0001
Epoch: 2, Total Train Loss: 0.14, Total Valid Loss: 0.15, Learning Rate: 0.0001
Epoch: 3, Total Train Loss: 0.14, Total Valid Loss: 0.15, Learning Rate: 0.0001
Epoch: 4, Total Train Loss: 0.14, Total Valid Loss: 0.15, Learning Rate: 0.0001
Epoch: 5, Total Train Loss: 0.14, Total Valid Loss: 0.15, Learning Rate: 0.0001
Epoch: 6, Total Train Loss: 0.14, Total Valid Loss: 0.15, Learning Rate: 0.0001
Epoch: 7, Total Train Loss: 0.14, Total Valid Loss: 0.15, Learning Rate: 0.0001
Epoch: 8, Total Train Loss: 0.14, Total Valid Loss: 0.15, Learning Rate: 0.0001
Epoch: 9, Total Train Loss: 0.14, Total Valid Loss: 0.15, Learning Rate: 0.0001
Epoch: 10, Total Train Loss: 0.14, Total Valid Loss: 0.15, Learning Rate: 0.0001
Epoch: 11, Total Train Loss: 0.14, Total Valid Loss: 0.15, Learning Rate: 0.0001
Epoch: 12, Total Train Loss: 0.14, Total Valid Loss: 0.15, Learning Rate: 0.0001
Epoch: 13, Total Train Loss: 0.14, Total Valid Loss: 0.15, Learning Rate: 0.0001
Epoch: 14, Total Train Loss: 0.14, Total Valid Loss: 0.15, Learning Rate: 0.0001
Epoch: 15, Total Train Loss: 0.14, Total Valid Loss: 0.15, Learning Rate: 1e-05
Epoch: 16, Total Train Loss: 0.14, Total Valid Loss: 0.15, Learning Rate: 1e-05
Epoch: 17, Total Train Loss: 0.14, Total Valid Loss: 0.15, Learning Rate: 1e-05
Epoch: 18, Total Train Loss: 0.14, Total Valid Loss: 0.15, Learning Rate: 1e-05
Epoch: 19, Total Train Loss: 0.14, Total Valid Loss: 0.15, Learning Rate: 1e-05
Epoch: 20, Total Train Loss: 0.14, Total Valid Loss: 0.15, Learning Rate: 1e-05
Epoch: 21, Total Train Loss: 0.14, Total Valid Loss: 0.15, Learning Rate: 1e-05
Epoch: 22, Total Train Loss: 0.14, Total Valid Loss: 0.15, Learning Rate: 1e-05
Epoch: 23, Total Train Loss: 0.14, Total Valid Loss: 0.15, Learning Rate: 1e-05
Epoch: 24, Total Train Loss: 0.14, Total Valid Loss: 0.15, Learning Rate: 1e-05
Epoch: 25, Total Train Loss: 0.14, Total Valid Loss: 0.15, Learning Rate: 1e-05
Epoch: 26, Total Train Loss: 0.14, Total Valid Loss: 0.15, Learning Rate: 1.0000000000000002e-06
Epoch: 27, Total Train Loss: 0.14, Total Valid Loss: 0.15, Learning Rate: 1.0000000000000002e-06
Epoch: 28, Total Train Loss: 0.14, Total Valid Loss: 0.15, Learning Rate: 1.0000000000000002e-06
Epoch: 29, Total Train Loss: 0.14, Total Valid Loss: 0.15, Learning Rate: 1.0000000000000002e-06
Epoch: 30, Total Train Loss: 0.14, Total Valid Loss: 0.15, Learning Rate: 1.0000000000000002e-06
Epoch: 31, Total Train Loss: 0.14, Total Valid Loss: 0.15, Learning Rate: 1.0000000000000002e-06
Epoch: 32, Total Train Loss: 0.14, Total Valid Loss: 0.15, Learning Rate: 1.0000000000000002e-06
Epoch: 33, Total Train Loss: 0.14, Total Valid Loss: 0.15, Learning Rate: 1.0000000000000002e-06
Epoch: 34, Total Train Loss: 0.14, Total Valid Loss: 0.15, Learning Rate: 1.0000000000000002e-06
Epoch: 35, Total Train Loss: 0.14, Total Valid Loss: 0.15, Learning Rate: 1.0000000000000002e-06
Epoch: 36, Total Train Loss: 0.14, Total Valid Loss: 0.15, Learning Rate: 1.0000000000000002e-06
Epoch: 37, Total Train Loss: 0.14, Total Valid Loss: 0.15, Learning Rate: 1.0000000000000002e-07
Epoch: 38, Total Train Loss: 0.14, Total Valid Loss: 0.15, Learning Rate: 1.0000000000000002e-07
Epoch: 39, Total Train Loss: 0.14, Total Valid Loss: 0.15, Learning Rate: 1.0000000000000002e-07
Epoch: 40, Total Train Loss: 0.14, Total Valid Loss: 0.15, Learning Rate: 1.0000000000000002e-07
Epoch: 41, Total Train Loss: 0.14, Total Valid Loss: 0.15, Learning Rate: 1.0000000000000002e-07
Epoch: 42, Total Train Loss: 0.14, Total Valid Loss: 0.15, Learning Rate: 1.0000000000000002e-07
Epoch: 43, Total Train Loss: 0.14, Total Valid Loss: 0.15, Learning Rate: 1.0000000000000002e-07
Epoch: 44, Total Train Loss: 0.14, Total Valid Loss: 0.15, Learning Rate: 1.0000000000000002e-07
Epoch: 45, Total Train Loss: 0.14, Total Valid Loss: 0.15, Learning Rate: 1.0000000000000002e-07
Epoch: 46, Total Train Loss: 0.14, Total Valid Loss: 0.15, Learning Rate: 1.0000000000000002e-07
Epoch: 47, Total Train Loss: 0.14, Total Valid Loss: 0.15, Learning Rate: 1.0000000000000002e-07
Epoch: 48, Total Train Loss: 0.14, Total Valid Loss: 0.15, Learning Rate: 1.0000000000000004e-08
Epoch: 49, Total Train Loss: 0.14, Total Valid Loss: 0.15, Learning Rate: 1.0000000000000004e-08
Epoch: 50, Total Train Loss: 0.14, Total Valid Loss: 0.15, Learning Rate: 1.0000000000000004e-08
Epoch: 51, Total Train Loss: 0.14, Total Valid Loss: 0.15, Learning Rate: 1.0000000000000004e-08
Epoch: 52, Total Train Loss: 0.14, Total Valid Loss: 0.15, Learning Rate: 1.0000000000000004e-08
Epoch: 53, Total Train Loss: 0.14, Total Valid Loss: 0.15, Learning Rate: 1.0000000000000004e-08
Epoch: 54, Total Train Loss: 0.14, Total Valid Loss: 0.15, Learning Rate: 1.0000000000000004e-08
Epoch: 55, Total Train Loss: 0.14, Total Valid Loss: 0.15, Learning Rate: 1.0000000000000004e-08
Epoch: 56, Total Train Loss: 0.14, Total Valid Loss: 0.15, Learning Rate: 1.0000000000000004e-08
Epoch: 57, Total Train Loss: 0.14, Total Valid Loss: 0.15, Learning Rate: 1.0000000000000004e-08
Epoch: 58, Total Train Loss: 0.14, Total Valid Loss: 0.15, Learning Rate: 1.0000000000000004e-08
Epoch: 59, Total Train Loss: 0.14, Total Valid Loss: 0.15, Learning Rate: 1.0000000000000004e-08
Epoch: 60, Total Train Loss: 0.14, Total Valid Loss: 0.15, Learning Rate: 1.0000000000000004e-08
Epoch: 61, Total Train Loss: 0.14, Total Valid Loss: 0.15, Learning Rate: 1.0000000000000004e-08
Epoch: 62, Total Train Loss: 0.14, Total Valid Loss: 0.15, Learning Rate: 1.0000000000000004e-08
Epoch: 63, Total Train Loss: 0.14, Total Valid Loss: 0.15, Learning Rate: 1.0000000000000004e-08
Epoch: 64, Total Train Loss: 0.14, Total Valid Loss: 0.15, Learning Rate: 1.0000000000000004e-08
Epoch: 65, Total Train Loss: 0.14, Total Valid Loss: 0.15, Learning Rate: 1.0000000000000004e-08
Epoch: 66, Total Train Loss: 0.14, Total Valid Loss: 0.15, Learning Rate: 1.0000000000000004e-08
Epoch: 67, Total Train Loss: 0.14, Total Valid Loss: 0.15, Learning Rate: 1.0000000000000004e-08
Epoch: 68, Total Train Loss: 0.14, Total Valid Loss: 0.15, Learning Rate: 1.0000000000000004e-08
Epoch: 69, Total Train Loss: 0.14, Total Valid Loss: 0.15, Learning Rate: 1.0000000000000004e-08
Epoch: 70, Total Train Loss: 0.14, Total Valid Loss: 0.15, Learning Rate: 1.0000000000000004e-08
Epoch: 71, Total Train Loss: 0.14, Total Valid Loss: 0.15, Learning Rate: 1.0000000000000004e-08
Epoch: 72, Total Train Loss: 0.14, Total Valid Loss: 0.15, Learning Rate: 1.0000000000000004e-08
Epoch: 73, Total Train Loss: 0.14, Total Valid Loss: 0.15, Learning Rate: 1.0000000000000004e-08
Epoch: 74, Total Train Loss: 0.14, Total Valid Loss: 0.15, Learning Rate: 1.0000000000000004e-08
Epoch: 75, Total Train Loss: 0.14, Total Valid Loss: 0.15, Learning Rate: 1.0000000000000004e-08
Epoch: 76, Total Train Loss: 0.14, Total Valid Loss: 0.15, Learning Rate: 1.0000000000000004e-08
Epoch: 77, Total Train Loss: 0.14, Total Valid Loss: 0.15, Learning Rate: 1.0000000000000004e-08
Epoch: 78, Total Train Loss: 0.14, Total Valid Loss: 0.15, Learning Rate: 1.0000000000000004e-08
Epoch: 79, Total Train Loss: 0.14, Total Valid Loss: 0.15, Learning Rate: 1.0000000000000004e-08
Epoch: 80, Total Train Loss: 0.14, Total Valid Loss: 0.15, Learning Rate: 1.0000000000000004e-08
Epoch: 81, Total Train Loss: 0.14, Total Valid Loss: 0.15, Learning Rate: 1.0000000000000004e-08
Epoch: 82, Total Train Loss: 0.14, Total Valid Loss: 0.15, Learning Rate: 1.0000000000000004e-08
Epoch: 83, Total Train Loss: 0.14, Total Valid Loss: 0.15, Learning Rate: 1.0000000000000004e-08
Epoch: 84, Total Train Loss: 0.14, Total Valid Loss: 0.15, Learning Rate: 1.0000000000000004e-08
Epoch: 85, Total Train Loss: 0.14, Total Valid Loss: 0.15, Learning Rate: 1.0000000000000004e-08
Epoch: 86, Total Train Loss: 0.14, Total Valid Loss: 0.15, Learning Rate: 1.0000000000000004e-08
Epoch: 87, Total Train Loss: 0.14, Total Valid Loss: 0.15, Learning Rate: 1.0000000000000004e-08
Epoch: 88, Total Train Loss: 0.14, Total Valid Loss: 0.15, Learning Rate: 1.0000000000000004e-08
Epoch: 89, Total Train Loss: 0.14, Total Valid Loss: 0.15, Learning Rate: 1.0000000000000004e-08
Epoch: 90, Total Train Loss: 0.14, Total Valid Loss: 0.15, Learning Rate: 1.0000000000000004e-08
Epoch: 91, Total Train Loss: 0.14, Total Valid Loss: 0.15, Learning Rate: 1.0000000000000004e-08
Epoch: 92, Total Train Loss: 0.14, Total Valid Loss: 0.15, Learning Rate: 1.0000000000000004e-08
Epoch: 93, Total Train Loss: 0.14, Total Valid Loss: 0.15, Learning Rate: 1.0000000000000004e-08
Epoch: 94, Total Train Loss: 0.14, Total Valid Loss: 0.15, Learning Rate: 1.0000000000000004e-08
Epoch: 95, Total Train Loss: 0.14, Total Valid Loss: 0.15, Learning Rate: 1.0000000000000004e-08
Epoch: 96, Total Train Loss: 0.14, Total Valid Loss: 0.15, Learning Rate: 1.0000000000000004e-08
Epoch: 97, Total Train Loss: 0.14, Total Valid Loss: 0.15, Learning Rate: 1.0000000000000004e-08
Epoch: 98, Total Train Loss: 0.14, Total Valid Loss: 0.15, Learning Rate: 1.0000000000000004e-08
Epoch: 99, Total Train Loss: 0.14, Total Valid Loss: 0.15, Learning Rate: 1.0000000000000004e-08
Epoch: 100, Total Train Loss: 0.14, Total Valid Loss: 0.15, Learning Rate: 1.0000000000000004e-08
Epoch: 101, Total Train Loss: 0.14, Total Valid Loss: 0.15, Learning Rate: 1.0000000000000004e-08
Epoch: 102, Total Train Loss: 0.14, Total Valid Loss: 0.15, Learning Rate: 1.0000000000000004e-08
Epoch: 103, Total Train Loss: 0.14, Total Valid Loss: 0.15, Learning Rate: 1.0000000000000004e-08
Epoch: 104, Total Train Loss: 0.14, Total Valid Loss: 0.15, Learning Rate: 1.0000000000000004e-08
Epoch: 105, Total Train Loss: 0.14, Total Valid Loss: 0.15, Learning Rate: 1.0000000000000004e-08
Epoch: 106, Total Train Loss: 0.14, Total Valid Loss: 0.15, Learning Rate: 1.0000000000000004e-08
Epoch: 107, Total Train Loss: 0.14, Total Valid Loss: 0.15, Learning Rate: 1.0000000000000004e-08
Epoch: 108, Total Train Loss: 0.14, Total Valid Loss: 0.15, Learning Rate: 1.0000000000000004e-08
Epoch: 109, Total Train Loss: 0.14, Total Valid Loss: 0.15, Learning Rate: 1.0000000000000004e-08
Epoch: 110, Total Train Loss: 0.14, Total Valid Loss: 0.15, Learning Rate: 1.0000000000000004e-08
Epoch: 111, Total Train Loss: 0.14, Total Valid Loss: 0.15, Learning Rate: 1.0000000000000004e-08
Epoch: 112, Total Train Loss: 0.14, Total Valid Loss: 0.15, Learning Rate: 1.0000000000000004e-08
Epoch: 113, Total Train Loss: 0.14, Total Valid Loss: 0.15, Learning Rate: 1.0000000000000004e-08
Epoch: 114, Total Train Loss: 0.14, Total Valid Loss: 0.15, Learning Rate: 1.0000000000000004e-08
Epoch: 115, Total Train Loss: 0.14, Total Valid Loss: 0.15, Learning Rate: 1.0000000000000004e-08
Epoch: 116, Total Train Loss: 0.14, Total Valid Loss: 0.15, Learning Rate: 1.0000000000000004e-08
Epoch: 117, Total Train Loss: 0.14, Total Valid Loss: 0.15, Learning Rate: 1.0000000000000004e-08
Epoch: 118, Total Train Loss: 0.14, Total Valid Loss: 0.15, Learning Rate: 1.0000000000000004e-08
Epoch: 119, Total Train Loss: 0.14, Total Valid Loss: 0.15, Learning Rate: 1.0000000000000004e-08
Epoch: 120, Total Train Loss: 0.14, Total Valid Loss: 0.15, Learning Rate: 1.0000000000000004e-08
Epoch: 121, Total Train Loss: 0.14, Total Valid Loss: 0.15, Learning Rate: 1.0000000000000004e-08
Epoch: 122, Total Train Loss: 0.14, Total Valid Loss: 0.15, Learning Rate: 1.0000000000000004e-08
Epoch: 123, Total Train Loss: 0.14, Total Valid Loss: 0.15, Learning Rate: 1.0000000000000004e-08
Epoch: 124, Total Train Loss: 0.14, Total Valid Loss: 0.15, Learning Rate: 1.0000000000000004e-08
Epoch: 125, Total Train Loss: 0.14, Total Valid Loss: 0.15, Learning Rate: 1.0000000000000004e-08
Epoch: 126, Total Train Loss: 0.14, Total Valid Loss: 0.15, Learning Rate: 1.0000000000000004e-08
Epoch: 127, Total Train Loss: 0.14, Total Valid Loss: 0.15, Learning Rate: 1.0000000000000004e-08
Epoch: 128, Total Train Loss: 0.14, Total Valid Loss: 0.15, Learning Rate: 1.0000000000000004e-08
Epoch: 129, Total Train Loss: 0.14, Total Valid Loss: 0.15, Learning Rate: 1.0000000000000004e-08
Epoch: 130, Total Train Loss: 0.14, Total Valid Loss: 0.15, Learning Rate: 1.0000000000000004e-08
Epoch: 131, Total Train Loss: 0.14, Total Valid Loss: 0.15, Learning Rate: 1.0000000000000004e-08
Epoch: 132, Total Train Loss: 0.14, Total Valid Loss: 0.15, Learning Rate: 1.0000000000000004e-08
Epoch: 133, Total Train Loss: 0.14, Total Valid Loss: 0.15, Learning Rate: 1.0000000000000004e-08
Epoch: 134, Total Train Loss: 0.14, Total Valid Loss: 0.15, Learning Rate: 1.0000000000000004e-08
Epoch: 135, Total Train Loss: 0.14, Total Valid Loss: 0.15, Learning Rate: 1.0000000000000004e-08
Epoch: 136, Total Train Loss: 0.14, Total Valid Loss: 0.15, Learning Rate: 1.0000000000000004e-08
Epoch: 137, Total Train Loss: 0.14, Total Valid Loss: 0.15, Learning Rate: 1.0000000000000004e-08
Epoch: 138, Total Train Loss: 0.14, Total Valid Loss: 0.15, Learning Rate: 1.0000000000000004e-08
Epoch: 139, Total Train Loss: 0.14, Total Valid Loss: 0.15, Learning Rate: 1.0000000000000004e-08
Epoch: 140, Total Train Loss: 0.14, Total Valid Loss: 0.15, Learning Rate: 1.0000000000000004e-08
Epoch: 141, Total Train Loss: 0.14, Total Valid Loss: 0.15, Learning Rate: 1.0000000000000004e-08
Epoch: 142, Total Train Loss: 0.14, Total Valid Loss: 0.15, Learning Rate: 1.0000000000000004e-08
Epoch: 143, Total Train Loss: 0.14, Total Valid Loss: 0.15, Learning Rate: 1.0000000000000004e-08
Epoch: 144, Total Train Loss: 0.14, Total Valid Loss: 0.15, Learning Rate: 1.0000000000000004e-08
Epoch: 145, Total Train Loss: 0.14, Total Valid Loss: 0.15, Learning Rate: 1.0000000000000004e-08
Epoch: 146, Total Train Loss: 0.14, Total Valid Loss: 0.15, Learning Rate: 1.0000000000000004e-08
Epoch: 147, Total Train Loss: 0.14, Total Valid Loss: 0.15, Learning Rate: 1.0000000000000004e-08
Epoch: 148, Total Train Loss: 0.14, Total Valid Loss: 0.15, Learning Rate: 1.0000000000000004e-08
Epoch: 149, Total Train Loss: 0.14, Total Valid Loss: 0.15, Learning Rate: 1.0000000000000004e-08
Epoch: 150, Total Train Loss: 0.14, Total Valid Loss: 0.15, Learning Rate: 1.0000000000000004e-08
Epoch: 151, Total Train Loss: 0.14, Total Valid Loss: 0.15, Learning Rate: 1.0000000000000004e-08
Epoch: 152, Total Train Loss: 0.14, Total Valid Loss: 0.15, Learning Rate: 1.0000000000000004e-08
Epoch: 153, Total Train Loss: 0.14, Total Valid Loss: 0.15, Learning Rate: 1.0000000000000004e-08
Epoch: 154, Total Train Loss: 0.14, Total Valid Loss: 0.15, Learning Rate: 1.0000000000000004e-08
Epoch: 155, Total Train Loss: 0.14, Total Valid Loss: 0.15, Learning Rate: 1.0000000000000004e-08
Epoch: 156, Total Train Loss: 0.14, Total Valid Loss: 0.15, Learning Rate: 1.0000000000000004e-08
Epoch: 157, Total Train Loss: 0.14, Total Valid Loss: 0.15, Learning Rate: 1.0000000000000004e-08
Epoch: 158, Total Train Loss: 0.14, Total Valid Loss: 0.15, Learning Rate: 1.0000000000000004e-08
Epoch: 159, Total Train Loss: 0.14, Total Valid Loss: 0.15, Learning Rate: 1.0000000000000004e-08
Epoch: 160, Total Train Loss: 0.14, Total Valid Loss: 0.15, Learning Rate: 1.0000000000000004e-08
Epoch: 161, Total Train Loss: 0.14, Total Valid Loss: 0.15, Learning Rate: 1.0000000000000004e-08
Epoch: 162, Total Train Loss: 0.14, Total Valid Loss: 0.15, Learning Rate: 1.0000000000000004e-08
Epoch: 163, Total Train Loss: 0.14, Total Valid Loss: 0.15, Learning Rate: 1.0000000000000004e-08
Epoch: 164, Total Train Loss: 0.14, Total Valid Loss: 0.15, Learning Rate: 1.0000000000000004e-08
Epoch: 165, Total Train Loss: 0.14, Total Valid Loss: 0.15, Learning Rate: 1.0000000000000004e-08
Epoch: 166, Total Train Loss: 0.14, Total Valid Loss: 0.15, Learning Rate: 1.0000000000000004e-08
Epoch: 167, Total Train Loss: 0.14, Total Valid Loss: 0.15, Learning Rate: 1.0000000000000004e-08
Epoch: 168, Total Train Loss: 0.14, Total Valid Loss: 0.15, Learning Rate: 1.0000000000000004e-08
Epoch: 169, Total Train Loss: 0.14, Total Valid Loss: 0.15, Learning Rate: 1.0000000000000004e-08
Epoch: 170, Total Train Loss: 0.14, Total Valid Loss: 0.15, Learning Rate: 1.0000000000000004e-08
Epoch: 171, Total Train Loss: 0.14, Total Valid Loss: 0.15, Learning Rate: 1.0000000000000004e-08
Epoch: 172, Total Train Loss: 0.14, Total Valid Loss: 0.15, Learning Rate: 1.0000000000000004e-08
Epoch: 173, Total Train Loss: 0.14, Total Valid Loss: 0.15, Learning Rate: 1.0000000000000004e-08
Epoch: 174, Total Train Loss: 0.14, Total Valid Loss: 0.15, Learning Rate: 1.0000000000000004e-08
Epoch: 175, Total Train Loss: 0.14, Total Valid Loss: 0.15, Learning Rate: 1.0000000000000004e-08
Epoch: 176, Total Train Loss: 0.14, Total Valid Loss: 0.15, Learning Rate: 1.0000000000000004e-08
Epoch: 177, Total Train Loss: 0.14, Total Valid Loss: 0.15, Learning Rate: 1.0000000000000004e-08
Epoch: 178, Total Train Loss: 0.14, Total Valid Loss: 0.15, Learning Rate: 1.0000000000000004e-08
Epoch: 179, Total Train Loss: 0.14, Total Valid Loss: 0.15, Learning Rate: 1.0000000000000004e-08
Epoch: 180, Total Train Loss: 0.14, Total Valid Loss: 0.15, Learning Rate: 1.0000000000000004e-08
Epoch: 181, Total Train Loss: 0.14, Total Valid Loss: 0.15, Learning Rate: 1.0000000000000004e-08
Epoch: 182, Total Train Loss: 0.14, Total Valid Loss: 0.15, Learning Rate: 1.0000000000000004e-08
Epoch: 183, Total Train Loss: 0.14, Total Valid Loss: 0.15, Learning Rate: 1.0000000000000004e-08
Epoch: 184, Total Train Loss: 0.14, Total Valid Loss: 0.15, Learning Rate: 1.0000000000000004e-08
Epoch: 185, Total Train Loss: 0.14, Total Valid Loss: 0.15, Learning Rate: 1.0000000000000004e-08
Epoch: 186, Total Train Loss: 0.14, Total Valid Loss: 0.15, Learning Rate: 1.0000000000000004e-08
Epoch: 187, Total Train Loss: 0.14, Total Valid Loss: 0.15, Learning Rate: 1.0000000000000004e-08
Epoch: 188, Total Train Loss: 0.14, Total Valid Loss: 0.15, Learning Rate: 1.0000000000000004e-08
Epoch: 189, Total Train Loss: 0.14, Total Valid Loss: 0.15, Learning Rate: 1.0000000000000004e-08
Epoch: 190, Total Train Loss: 0.14, Total Valid Loss: 0.15, Learning Rate: 1.0000000000000004e-08
Epoch: 191, Total Train Loss: 0.14, Total Valid Loss: 0.15, Learning Rate: 1.0000000000000004e-08
Epoch: 192, Total Train Loss: 0.14, Total Valid Loss: 0.15, Learning Rate: 1.0000000000000004e-08
Epoch: 193, Total Train Loss: 0.14, Total Valid Loss: 0.15, Learning Rate: 1.0000000000000004e-08
Epoch: 194, Total Train Loss: 0.14, Total Valid Loss: 0.15, Learning Rate: 1.0000000000000004e-08
Epoch: 195, Total Train Loss: 0.14, Total Valid Loss: 0.15, Learning Rate: 1.0000000000000004e-08
Epoch: 196, Total Train Loss: 0.14, Total Valid Loss: 0.15, Learning Rate: 1.0000000000000004e-08
Epoch: 197, Total Train Loss: 0.14, Total Valid Loss: 0.15, Learning Rate: 1.0000000000000004e-08
Epoch: 198, Total Train Loss: 0.14, Total Valid Loss: 0.15, Learning Rate: 1.0000000000000004e-08
Epoch: 199, Total Train Loss: 0.14, Total Valid Loss: 0.15, Learning Rate: 1.0000000000000004e-08
Starting Latent Downstream Task
Epoch: 1, Train Loss: 0.5390, Valid Loss: 0.3365, LR: 0.001
Epoch: 2, Train Loss: 0.2143, Valid Loss: 0.1946, LR: 0.001
Epoch: 3, Train Loss: 0.1544, Valid Loss: 0.1736, LR: 0.001
Epoch: 4, Train Loss: 0.1217, Valid Loss: 0.1827, LR: 0.001
Epoch: 5, Train Loss: 0.1193, Valid Loss: 0.1623, LR: 0.001
Epoch: 6, Train Loss: 0.1102, Valid Loss: 0.1605, LR: 0.001
Epoch: 7, Train Loss: 0.1112, Valid Loss: 0.1523, LR: 0.001
Epoch: 8, Train Loss: 0.1021, Valid Loss: 0.1513, LR: 0.001
Epoch: 9, Train Loss: 0.0989, Valid Loss: 0.1596, LR: 0.001
Epoch: 10, Train Loss: 0.1049, Valid Loss: 0.2030, LR: 0.001
Epoch: 11, Train Loss: 0.1055, Valid Loss: 0.1860, LR: 0.001
Epoch: 12, Train Loss: 0.0993, Valid Loss: 0.1645, LR: 0.001
Epoch: 13, Train Loss: 0.0969, Valid Loss: 0.1988, LR: 0.001
Epoch: 14, Train Loss: 0.0995, Valid Loss: 0.1488, LR: 0.001
Epoch: 15, Train Loss: 0.0969, Valid Loss: 0.2257, LR: 0.001
Epoch: 16, Train Loss: 0.1054, Valid Loss: 0.2035, LR: 0.001
Epoch: 17, Train Loss: 0.0937, Valid Loss: 0.1904, LR: 0.001
Epoch: 18, Train Loss: 0.1108, Valid Loss: 0.2053, LR: 0.001
Epoch: 19, Train Loss: 0.1105, Valid Loss: 0.1782, LR: 0.001
Epoch: 20, Train Loss: 0.0965, Valid Loss: 0.1649, LR: 0.001
Epoch: 21, Train Loss: 0.0966, Valid Loss: 0.1850, LR: 0.001
Epoch: 22, Train Loss: 0.0967, Valid Loss: 0.1912, LR: 0.001
Epoch: 23, Train Loss: 0.1040, Valid Loss: 0.1689, LR: 0.001
Epoch: 24, Train Loss: 0.0958, Valid Loss: 0.1755, LR: 0.001
Epoch: 25, Train Loss: 0.1131, Valid Loss: 0.1665, LR: 0.0001
Epoch: 26, Train Loss: 0.1019, Valid Loss: 0.1523, LR: 0.0001
Epoch: 27, Train Loss: 0.0807, Valid Loss: 0.1593, LR: 0.0001
Epoch: 28, Train Loss: 0.0688, Valid Loss: 0.1501, LR: 0.0001
Epoch: 29, Train Loss: 0.0712, Valid Loss: 0.1494, LR: 0.0001
Epoch: 30, Train Loss: 0.0629, Valid Loss: 0.1495, LR: 0.0001
Epoch: 31, Train Loss: 0.0631, Valid Loss: 0.1580, LR: 0.0001
Epoch: 32, Train Loss: 0.0639, Valid Loss: 0.1561, LR: 0.0001
Epoch: 33, Train Loss: 0.0585, Valid Loss: 0.1547, LR: 0.0001
Epoch: 34, Train Loss: 0.0552, Valid Loss: 0.1610, LR: 0.0001
Epoch: 35, Train Loss: 0.0574, Valid Loss: 0.1604, LR: 0.0001
Epoch: 36, Train Loss: 0.0520, Valid Loss: 0.1762, LR: 1e-05
Epoch: 37, Train Loss: 0.0508, Valid Loss: 0.1698, LR: 1e-05
Epoch: 38, Train Loss: 0.0526, Valid Loss: 0.1673, LR: 1e-05
Epoch: 39, Train Loss: 0.0552, Valid Loss: 0.1622, LR: 1e-05
Epoch: 40, Train Loss: 0.0509, Valid Loss: 0.1720, LR: 1e-05
Epoch: 41, Train Loss: 0.0509, Valid Loss: 0.1671, LR: 1e-05
Epoch: 42, Train Loss: 0.0499, Valid Loss: 0.1648, LR: 1e-05
Epoch: 43, Train Loss: 0.0494, Valid Loss: 0.1669, LR: 1e-05
Epoch: 44, Train Loss: 0.0507, Valid Loss: 0.1625, LR: 1e-05
Epoch: 45, Train Loss: 0.0494, Valid Loss: 0.1616, LR: 1e-05
Epoch: 46, Train Loss: 0.0511, Valid Loss: 0.1714, LR: 1e-05
Epoch: 47, Train Loss: 0.0511, Valid Loss: 0.1648, LR: 1.0000000000000002e-06
Epoch: 48, Train Loss: 0.0535, Valid Loss: 0.1656, LR: 1.0000000000000002e-06
Epoch: 49, Train Loss: 0.0502, Valid Loss: 0.1670, LR: 1.0000000000000002e-06
Epoch: 50, Train Loss: 0.0541, Valid Loss: 0.1645, LR: 1.0000000000000002e-06
Epoch: 51, Train Loss: 0.0551, Valid Loss: 0.1697, LR: 1.0000000000000002e-06
Epoch: 52, Train Loss: 0.0490, Valid Loss: 0.1654, LR: 1.0000000000000002e-06
Epoch: 53, Train Loss: 0.0535, Valid Loss: 0.1678, LR: 1.0000000000000002e-06
Epoch: 54, Train Loss: 0.0516, Valid Loss: 0.1590, LR: 1.0000000000000002e-06
Epoch: 55, Train Loss: 0.0500, Valid Loss: 0.1626, LR: 1.0000000000000002e-06
Epoch: 56, Train Loss: 0.0497, Valid Loss: 0.1660, LR: 1.0000000000000002e-06
Epoch: 57, Train Loss: 0.0490, Valid Loss: 0.1656, LR: 1.0000000000000002e-06
Epoch: 58, Train Loss: 0.0537, Valid Loss: 0.1643, LR: 1.0000000000000002e-07
Epoch: 59, Train Loss: 0.0551, Valid Loss: 0.1598, LR: 1.0000000000000002e-07
Epoch: 60, Train Loss: 0.0512, Valid Loss: 0.1691, LR: 1.0000000000000002e-07
Epoch: 61, Train Loss: 0.0505, Valid Loss: 0.1641, LR: 1.0000000000000002e-07
Epoch: 62, Train Loss: 0.0531, Valid Loss: 0.1656, LR: 1.0000000000000002e-07
Epoch: 63, Train Loss: 0.0534, Valid Loss: 0.1665, LR: 1.0000000000000002e-07
Epoch: 64, Train Loss: 0.0461, Valid Loss: 0.1680, LR: 1.0000000000000002e-07
Epoch: 65, Train Loss: 0.0472, Valid Loss: 0.1596, LR: 1.0000000000000002e-07
Epoch: 66, Train Loss: 0.0570, Valid Loss: 0.1620, LR: 1.0000000000000002e-07
Epoch: 67, Train Loss: 0.0500, Valid Loss: 0.1647, LR: 1.0000000000000002e-07
Epoch: 68, Train Loss: 0.0507, Valid Loss: 0.1692, LR: 1.0000000000000002e-07
Epoch: 69, Train Loss: 0.0494, Valid Loss: 0.1624, LR: 1.0000000000000004e-08
Epoch: 70, Train Loss: 0.0530, Valid Loss: 0.1731, LR: 1.0000000000000004e-08
Epoch: 71, Train Loss: 0.0489, Valid Loss: 0.1683, LR: 1.0000000000000004e-08
Epoch: 72, Train Loss: 0.0508, Valid Loss: 0.1699, LR: 1.0000000000000004e-08
Epoch: 73, Train Loss: 0.0504, Valid Loss: 0.1638, LR: 1.0000000000000004e-08
Epoch: 74, Train Loss: 0.0504, Valid Loss: 0.1653, LR: 1.0000000000000004e-08
Epoch: 75, Train Loss: 0.0513, Valid Loss: 0.1632, LR: 1.0000000000000004e-08
Epoch: 76, Train Loss: 0.0546, Valid Loss: 0.1625, LR: 1.0000000000000004e-08
Epoch: 77, Train Loss: 0.0518, Valid Loss: 0.1667, LR: 1.0000000000000004e-08
Epoch: 78, Train Loss: 0.0528, Valid Loss: 0.1682, LR: 1.0000000000000004e-08
Epoch: 79, Train Loss: 0.0525, Valid Loss: 0.1634, LR: 1.0000000000000004e-08
Epoch: 80, Train Loss: 0.0533, Valid Loss: 0.1606, LR: 1.0000000000000004e-08
Epoch: 81, Train Loss: 0.0513, Valid Loss: 0.1689, LR: 1.0000000000000004e-08
Epoch: 82, Train Loss: 0.0550, Valid Loss: 0.1717, LR: 1.0000000000000004e-08
Epoch: 83, Train Loss: 0.0525, Valid Loss: 0.1681, LR: 1.0000000000000004e-08
Epoch: 84, Train Loss: 0.0524, Valid Loss: 0.1703, LR: 1.0000000000000004e-08
Epoch: 85, Train Loss: 0.0532, Valid Loss: 0.1600, LR: 1.0000000000000004e-08
Epoch: 86, Train Loss: 0.0494, Valid Loss: 0.1623, LR: 1.0000000000000004e-08
Epoch: 87, Train Loss: 0.0523, Valid Loss: 0.1643, LR: 1.0000000000000004e-08
Epoch: 88, Train Loss: 0.0529, Valid Loss: 0.1702, LR: 1.0000000000000004e-08
Epoch: 89, Train Loss: 0.0507, Valid Loss: 0.1659, LR: 1.0000000000000004e-08
Epoch: 90, Train Loss: 0.0530, Valid Loss: 0.1714, LR: 1.0000000000000004e-08
Epoch: 91, Train Loss: 0.0519, Valid Loss: 0.1655, LR: 1.0000000000000004e-08
Epoch: 92, Train Loss: 0.0512, Valid Loss: 0.1617, LR: 1.0000000000000004e-08
Epoch: 93, Train Loss: 0.0528, Valid Loss: 0.1641, LR: 1.0000000000000004e-08
Epoch: 94, Train Loss: 0.0525, Valid Loss: 0.1638, LR: 1.0000000000000004e-08
Epoch: 95, Train Loss: 0.0503, Valid Loss: 0.1659, LR: 1.0000000000000004e-08
Epoch: 96, Train Loss: 0.0518, Valid Loss: 0.1676, LR: 1.0000000000000004e-08
Epoch: 97, Train Loss: 0.0543, Valid Loss: 0.1644, LR: 1.0000000000000004e-08
Epoch: 98, Train Loss: 0.0546, Valid Loss: 0.1630, LR: 1.0000000000000004e-08
Epoch: 99, Train Loss: 0.0520, Valid Loss: 0.1652, LR: 1.0000000000000004e-08
Epoch: 100, Train Loss: 0.0502, Valid Loss: 0.1590, LR: 1.0000000000000004e-08
Test Loss: 0.1597
MSE Loss Between Generated and Conditioned: 315612.1250
Epoch: 1, Loss: 1.0132
MSE Loss Between Generated and Conditioned: 70414.6641
Epoch: 2, Loss: 0.9161
MSE Loss Between Generated and Conditioned: 46780.2070
Epoch: 3, Loss: 0.8461
MSE Loss Between Generated and Conditioned: 36475.3867
Epoch: 4, Loss: 0.7890
MSE Loss Between Generated and Conditioned: 29626.5254
Epoch: 5, Loss: 0.7402
MSE Loss Between Generated and Conditioned: 26579.8340
Epoch: 6, Loss: 0.6984
MSE Loss Between Generated and Conditioned: 22859.7031
Epoch: 7, Loss: 0.6621
MSE Loss Between Generated and Conditioned: 19276.0664
Epoch: 8, Loss: 0.6313
MSE Loss Between Generated and Conditioned: 14999.8623
Epoch: 9, Loss: 0.6038
MSE Loss Between Generated and Conditioned: 14259.0537
Epoch: 10, Loss: 0.5793
MSE Loss Between Generated and Conditioned: 11433.6689
Epoch: 11, Loss: 0.5568
MSE Loss Between Generated and Conditioned: 9341.5791
Epoch: 12, Loss: 0.5364
MSE Loss Between Generated and Conditioned: 8283.0107
Epoch: 13, Loss: 0.5177
MSE Loss Between Generated and Conditioned: 7161.4272
Epoch: 14, Loss: 0.5006
MSE Loss Between Generated and Conditioned: 6247.0210
Epoch: 15, Loss: 0.4851
MSE Loss Between Generated and Conditioned: 6284.2749
Epoch: 16, Loss: 0.4707
MSE Loss Between Generated and Conditioned: 5039.2446
Epoch: 17, Loss: 0.4578
MSE Loss Between Generated and Conditioned: 3732.6477
Epoch: 18, Loss: 0.4461
MSE Loss Between Generated and Conditioned: 3311.8625
Epoch: 19, Loss: 0.4354
MSE Loss Between Generated and Conditioned: 3132.2249
Epoch: 20, Loss: 0.4253
MSE Loss Between Generated and Conditioned: 4137.6987
Epoch: 21, Loss: 0.4161
MSE Loss Between Generated and Conditioned: 3660.8560
Epoch: 22, Loss: 0.4072
MSE Loss Between Generated and Conditioned: 2903.6399
Epoch: 23, Loss: 0.3992
MSE Loss Between Generated and Conditioned: 2943.3140
Epoch: 24, Loss: 0.3918
MSE Loss Between Generated and Conditioned: 3410.6218
Epoch: 25, Loss: 0.3847
MSE Loss Between Generated and Conditioned: 2824.9900
Epoch: 26, Loss: 0.3780
MSE Loss Between Generated and Conditioned: 2364.3845
Epoch: 27, Loss: 0.3717
MSE Loss Between Generated and Conditioned: 2604.4121
Epoch: 28, Loss: 0.3658
MSE Loss Between Generated and Conditioned: 2674.4399
Epoch: 29, Loss: 0.3601
MSE Loss Between Generated and Conditioned: 2361.9041
Epoch: 30, Loss: 0.3546
MSE Loss Between Generated and Conditioned: 1556.8436
Epoch: 31, Loss: 0.3493
MSE Loss Between Generated and Conditioned: 1815.4908
Epoch: 32, Loss: 0.3444
MSE Loss Between Generated and Conditioned: 1825.8387
Epoch: 33, Loss: 0.3398
MSE Loss Between Generated and Conditioned: 1677.2080
Epoch: 34, Loss: 0.3354
MSE Loss Between Generated and Conditioned: 2125.1133
Epoch: 35, Loss: 0.3310
MSE Loss Between Generated and Conditioned: 1581.2323
Epoch: 36, Loss: 0.3270
MSE Loss Between Generated and Conditioned: 1384.2252
Epoch: 37, Loss: 0.3230
MSE Loss Between Generated and Conditioned: 678.7917
Epoch: 38, Loss: 0.3192
MSE Loss Between Generated and Conditioned: 884.9826
Epoch: 39, Loss: 0.3154
MSE Loss Between Generated and Conditioned: 861.4797
Epoch: 40, Loss: 0.3118
MSE Loss Between Generated and Conditioned: 784.5322
Epoch: 41, Loss: 0.3086
MSE Loss Between Generated and Conditioned: 573.4857
Epoch: 42, Loss: 0.3053
MSE Loss Between Generated and Conditioned: 751.4968
Epoch: 43, Loss: 0.3023
MSE Loss Between Generated and Conditioned: 752.3546
Epoch: 44, Loss: 0.2992
MSE Loss Between Generated and Conditioned: 969.9216
Epoch: 45, Loss: 0.2963
MSE Loss Between Generated and Conditioned: 739.7675
Epoch: 46, Loss: 0.2934
MSE Loss Between Generated and Conditioned: 725.4634
Epoch: 47, Loss: 0.2907
MSE Loss Between Generated and Conditioned: 601.7462
Epoch: 48, Loss: 0.2880
MSE Loss Between Generated and Conditioned: 720.4788
Epoch: 49, Loss: 0.2854
MSE Loss Between Generated and Conditioned: 458.1109
Epoch: 50, Loss: 0.2830
MSE Loss Between Generated and Conditioned: 337.4915
Epoch: 51, Loss: 0.2805
MSE Loss Between Generated and Conditioned: 359.5182
Epoch: 52, Loss: 0.2782
MSE Loss Between Generated and Conditioned: 360.0150
Epoch: 53, Loss: 0.2758
MSE Loss Between Generated and Conditioned: 236.9606
Epoch: 54, Loss: 0.2736
MSE Loss Between Generated and Conditioned: 182.4593
Epoch: 55, Loss: 0.2714
MSE Loss Between Generated and Conditioned: 244.2697
Epoch: 56, Loss: 0.2693
MSE Loss Between Generated and Conditioned: 446.2264
Epoch: 57, Loss: 0.2673
MSE Loss Between Generated and Conditioned: 168.8639
Epoch: 58, Loss: 0.2653
MSE Loss Between Generated and Conditioned: 148.5929
Epoch: 59, Loss: 0.2634
MSE Loss Between Generated and Conditioned: 82.9929
Epoch: 60, Loss: 0.2615
MSE Loss Between Generated and Conditioned: 138.1259
Epoch: 61, Loss: 0.2596
MSE Loss Between Generated and Conditioned: 132.5346
Epoch: 62, Loss: 0.2580
MSE Loss Between Generated and Conditioned: 165.0661
Epoch: 63, Loss: 0.2561
MSE Loss Between Generated and Conditioned: 100.4363
Epoch: 64, Loss: 0.2545
MSE Loss Between Generated and Conditioned: 164.8696
Epoch: 65, Loss: 0.2529
MSE Loss Between Generated and Conditioned: 120.2336
Epoch: 66, Loss: 0.2512
MSE Loss Between Generated and Conditioned: 56.1687
Epoch: 67, Loss: 0.2497
MSE Loss Between Generated and Conditioned: 117.8074
Epoch: 68, Loss: 0.2482
MSE Loss Between Generated and Conditioned: 80.8330
Epoch: 69, Loss: 0.2466
MSE Loss Between Generated and Conditioned: 65.3354
Epoch: 70, Loss: 0.2451
MSE Loss Between Generated and Conditioned: 87.4540
Epoch: 71, Loss: 0.2437
MSE Loss Between Generated and Conditioned: 57.0311
Epoch: 72, Loss: 0.2424
MSE Loss Between Generated and Conditioned: 93.7497
Epoch: 73, Loss: 0.2411
MSE Loss Between Generated and Conditioned: 88.9684
Epoch: 74, Loss: 0.2397
MSE Loss Between Generated and Conditioned: 123.3322
Epoch: 75, Loss: 0.2384
MSE Loss Between Generated and Conditioned: 59.1664
Epoch: 76, Loss: 0.2371
MSE Loss Between Generated and Conditioned: 58.0939
Epoch: 77, Loss: 0.2359
MSE Loss Between Generated and Conditioned: 70.6822
Epoch: 78, Loss: 0.2348
MSE Loss Between Generated and Conditioned: 54.2702
Epoch: 79, Loss: 0.2336
MSE Loss Between Generated and Conditioned: 94.3846
Epoch: 80, Loss: 0.2324
MSE Loss Between Generated and Conditioned: 56.8480
Epoch: 81, Loss: 0.2314
MSE Loss Between Generated and Conditioned: 33.5151
Epoch: 82, Loss: 0.2303
MSE Loss Between Generated and Conditioned: 27.5993
Epoch: 83, Loss: 0.2292
MSE Loss Between Generated and Conditioned: 41.4980
Epoch: 84, Loss: 0.2281
MSE Loss Between Generated and Conditioned: 36.2844
Epoch: 85, Loss: 0.2271
MSE Loss Between Generated and Conditioned: 42.1522
Epoch: 86, Loss: 0.2261
MSE Loss Between Generated and Conditioned: 51.6521
Epoch: 87, Loss: 0.2250
MSE Loss Between Generated and Conditioned: 31.7038
Epoch: 88, Loss: 0.2241
MSE Loss Between Generated and Conditioned: 27.5051
Epoch: 89, Loss: 0.2232
MSE Loss Between Generated and Conditioned: 29.3438
Epoch: 90, Loss: 0.2223
MSE Loss Between Generated and Conditioned: 44.7189
Epoch: 91, Loss: 0.2214
MSE Loss Between Generated and Conditioned: 30.9642
Epoch: 92, Loss: 0.2206
MSE Loss Between Generated and Conditioned: 20.9781
Epoch: 93, Loss: 0.2198
MSE Loss Between Generated and Conditioned: 52.6258
Epoch: 94, Loss: 0.2189
MSE Loss Between Generated and Conditioned: 44.6934
Epoch: 95, Loss: 0.2181
MSE Loss Between Generated and Conditioned: 18.8304
Epoch: 96, Loss: 0.2173
MSE Loss Between Generated and Conditioned: 14.2182
Epoch: 97, Loss: 0.2166
MSE Loss Between Generated and Conditioned: 26.7974
Epoch: 98, Loss: 0.2158
MSE Loss Between Generated and Conditioned: 20.9395
Epoch: 99, Loss: 0.2150
MSE Loss Between Generated and Conditioned: 25.0331
Epoch: 100, Loss: 0.2142
MSE Loss Between Generated and Conditioned: 16.5938
Epoch: 101, Loss: 0.2135
MSE Loss Between Generated and Conditioned: 12.1883
Epoch: 102, Loss: 0.2128
MSE Loss Between Generated and Conditioned: 12.9835
Epoch: 103, Loss: 0.2121
MSE Loss Between Generated and Conditioned: 19.9988
Epoch: 104, Loss: 0.2114
MSE Loss Between Generated and Conditioned: 17.6734
Epoch: 105, Loss: 0.2107
MSE Loss Between Generated and Conditioned: 18.3986
Epoch: 106, Loss: 0.2100
MSE Loss Between Generated and Conditioned: 17.7451
Epoch: 107, Loss: 0.2093
MSE Loss Between Generated and Conditioned: 10.8583
Epoch: 108, Loss: 0.2087
MSE Loss Between Generated and Conditioned: 22.6821
Epoch: 109, Loss: 0.2082
MSE Loss Between Generated and Conditioned: 17.8007
Epoch: 110, Loss: 0.2076
MSE Loss Between Generated and Conditioned: 15.5868
Epoch: 111, Loss: 0.2069
MSE Loss Between Generated and Conditioned: 14.8708
Epoch: 112, Loss: 0.2064
MSE Loss Between Generated and Conditioned: 14.7502
Epoch: 113, Loss: 0.2058
MSE Loss Between Generated and Conditioned: 9.8858
Epoch: 114, Loss: 0.2052
MSE Loss Between Generated and Conditioned: 17.7926
Epoch: 115, Loss: 0.2047
MSE Loss Between Generated and Conditioned: 29.2765
Epoch: 116, Loss: 0.2041
MSE Loss Between Generated and Conditioned: 8.1363
Epoch: 117, Loss: 0.2036
MSE Loss Between Generated and Conditioned: 11.5641
Epoch: 118, Loss: 0.2030
MSE Loss Between Generated and Conditioned: 16.1505
Epoch: 119, Loss: 0.2026
MSE Loss Between Generated and Conditioned: 15.0291
Epoch: 120, Loss: 0.2021
MSE Loss Between Generated and Conditioned: 18.0336
Epoch: 121, Loss: 0.2016
MSE Loss Between Generated and Conditioned: 14.9660
Epoch: 122, Loss: 0.2012
MSE Loss Between Generated and Conditioned: 11.6433
Epoch: 123, Loss: 0.2006
MSE Loss Between Generated and Conditioned: 6.0142
Epoch: 124, Loss: 0.2001
MSE Loss Between Generated and Conditioned: 9.5135
Epoch: 125, Loss: 0.1996
MSE Loss Between Generated and Conditioned: 14.1656
Epoch: 126, Loss: 0.1992
MSE Loss Between Generated and Conditioned: 20.8795
Epoch: 127, Loss: 0.1987
MSE Loss Between Generated and Conditioned: 8.7856
Epoch: 128, Loss: 0.1983
MSE Loss Between Generated and Conditioned: 4.4509
Epoch: 129, Loss: 0.1978
MSE Loss Between Generated and Conditioned: 9.3270
Epoch: 130, Loss: 0.1974
MSE Loss Between Generated and Conditioned: 11.4415
Epoch: 131, Loss: 0.1969
MSE Loss Between Generated and Conditioned: 10.7411
Epoch: 132, Loss: 0.1964
MSE Loss Between Generated and Conditioned: 8.0857
Epoch: 133, Loss: 0.1961
MSE Loss Between Generated and Conditioned: 6.0737
Epoch: 134, Loss: 0.1957
MSE Loss Between Generated and Conditioned: 6.3732
Epoch: 135, Loss: 0.1953
MSE Loss Between Generated and Conditioned: 9.2972
Epoch: 136, Loss: 0.1949
MSE Loss Between Generated and Conditioned: 17.9116
Epoch: 137, Loss: 0.1945
MSE Loss Between Generated and Conditioned: 6.4918
Epoch: 138, Loss: 0.1942
MSE Loss Between Generated and Conditioned: 4.6406
Epoch: 139, Loss: 0.1938
MSE Loss Between Generated and Conditioned: 4.1049
Epoch: 140, Loss: 0.1935
MSE Loss Between Generated and Conditioned: 6.4488
Epoch: 141, Loss: 0.1930
MSE Loss Between Generated and Conditioned: 5.6078
Epoch: 142, Loss: 0.1927
MSE Loss Between Generated and Conditioned: 4.1002
Epoch: 143, Loss: 0.1923
MSE Loss Between Generated and Conditioned: 4.1269
Epoch: 144, Loss: 0.1920
MSE Loss Between Generated and Conditioned: 6.5036
Epoch: 145, Loss: 0.1916
MSE Loss Between Generated and Conditioned: 12.3820
Epoch: 146, Loss: 0.1912
MSE Loss Between Generated and Conditioned: 9.7003
Epoch: 147, Loss: 0.1909
MSE Loss Between Generated and Conditioned: 4.6856
Epoch: 148, Loss: 0.1905
MSE Loss Between Generated and Conditioned: 4.5994
Epoch: 149, Loss: 0.1902
MSE Loss Between Generated and Conditioned: 7.2492
Epoch: 150, Loss: 0.1898
MSE Loss Between Generated and Conditioned: 10.8812
Epoch: 151, Loss: 0.1895
MSE Loss Between Generated and Conditioned: 3.9937
Epoch: 152, Loss: 0.1891
MSE Loss Between Generated and Conditioned: 2.8211
Epoch: 153, Loss: 0.1889
MSE Loss Between Generated and Conditioned: 3.7258
Epoch: 154, Loss: 0.1886
MSE Loss Between Generated and Conditioned: 10.3122
Epoch: 155, Loss: 0.1883
MSE Loss Between Generated and Conditioned: 5.7231
Epoch: 156, Loss: 0.1880
MSE Loss Between Generated and Conditioned: 3.2847
Epoch: 157, Loss: 0.1877
MSE Loss Between Generated and Conditioned: 4.2070
Epoch: 158, Loss: 0.1873
MSE Loss Between Generated and Conditioned: 5.2827
Epoch: 159, Loss: 0.1870
MSE Loss Between Generated and Conditioned: 4.1277
Epoch: 160, Loss: 0.1867
MSE Loss Between Generated and Conditioned: 9.8857
Epoch: 161, Loss: 0.1864
MSE Loss Between Generated and Conditioned: 5.5501
Epoch: 162, Loss: 0.1861
MSE Loss Between Generated and Conditioned: 4.0635
Epoch: 163, Loss: 0.1858
MSE Loss Between Generated and Conditioned: 3.3444
Epoch: 164, Loss: 0.1855
MSE Loss Between Generated and Conditioned: 4.7121
Epoch: 165, Loss: 0.1852
MSE Loss Between Generated and Conditioned: 2.8727
Epoch: 166, Loss: 0.1849
MSE Loss Between Generated and Conditioned: 3.3866
Epoch: 167, Loss: 0.1847
MSE Loss Between Generated and Conditioned: 3.5036
Epoch: 168, Loss: 0.1844
MSE Loss Between Generated and Conditioned: 3.4237
Epoch: 169, Loss: 0.1841
MSE Loss Between Generated and Conditioned: 2.7464
Epoch: 170, Loss: 0.1839
MSE Loss Between Generated and Conditioned: 2.1028
Epoch: 171, Loss: 0.1836
MSE Loss Between Generated and Conditioned: 3.2961
Epoch: 172, Loss: 0.1833
MSE Loss Between Generated and Conditioned: 2.0869
Epoch: 173, Loss: 0.1831
MSE Loss Between Generated and Conditioned: 1.8303
Epoch: 174, Loss: 0.1829
MSE Loss Between Generated and Conditioned: 4.3436
Epoch: 175, Loss: 0.1826
MSE Loss Between Generated and Conditioned: 4.0919
Epoch: 176, Loss: 0.1824
MSE Loss Between Generated and Conditioned: 2.1798
Epoch: 177, Loss: 0.1822
MSE Loss Between Generated and Conditioned: 4.1823
Epoch: 178, Loss: 0.1819
MSE Loss Between Generated and Conditioned: 1.9989
Epoch: 179, Loss: 0.1817
MSE Loss Between Generated and Conditioned: 2.9877
Epoch: 180, Loss: 0.1814
MSE Loss Between Generated and Conditioned: 8.0014
Epoch: 181, Loss: 0.1812
MSE Loss Between Generated and Conditioned: 1.7356
Epoch: 182, Loss: 0.1809
MSE Loss Between Generated and Conditioned: 1.8386
Epoch: 183, Loss: 0.1807
MSE Loss Between Generated and Conditioned: 5.7383
Epoch: 184, Loss: 0.1804
MSE Loss Between Generated and Conditioned: 2.4941
Epoch: 185, Loss: 0.1802
MSE Loss Between Generated and Conditioned: 4.5944
Epoch: 186, Loss: 0.1799
MSE Loss Between Generated and Conditioned: 2.3692
Epoch: 187, Loss: 0.1797
MSE Loss Between Generated and Conditioned: 4.4045
Epoch: 188, Loss: 0.1795
MSE Loss Between Generated and Conditioned: 2.2610
Epoch: 189, Loss: 0.1793
MSE Loss Between Generated and Conditioned: 2.4313
Epoch: 190, Loss: 0.1791
MSE Loss Between Generated and Conditioned: 3.1112
Epoch: 191, Loss: 0.1788
MSE Loss Between Generated and Conditioned: 2.4594
Epoch: 192, Loss: 0.1786
MSE Loss Between Generated and Conditioned: 2.1897
Epoch: 193, Loss: 0.1784
MSE Loss Between Generated and Conditioned: 1.5516
Epoch: 194, Loss: 0.1782
MSE Loss Between Generated and Conditioned: 2.0240
Epoch: 195, Loss: 0.1780
MSE Loss Between Generated and Conditioned: 2.0383
Epoch: 196, Loss: 0.1778
MSE Loss Between Generated and Conditioned: 3.2812
Epoch: 197, Loss: 0.1775
MSE Loss Between Generated and Conditioned: 3.0129
Epoch: 198, Loss: 0.1773
MSE Loss Between Generated and Conditioned: 4.3719
Epoch: 199, Loss: 0.1771
MSE Loss Between Generated and Conditioned: 2.8218
Epoch: 200, Loss: 0.1769
MSE Loss Between Generated and Conditioned: 1.2815
Epoch: 201, Loss: 0.1767
MSE Loss Between Generated and Conditioned: 3.2742
Epoch: 202, Loss: 0.1765
MSE Loss Between Generated and Conditioned: 3.2629
Epoch: 203, Loss: 0.1764
MSE Loss Between Generated and Conditioned: 1.8870
Epoch: 204, Loss: 0.1762
MSE Loss Between Generated and Conditioned: 1.4500
Epoch: 205, Loss: 0.1760
MSE Loss Between Generated and Conditioned: 2.0462
Epoch: 206, Loss: 0.1758
MSE Loss Between Generated and Conditioned: 1.9961
Epoch: 207, Loss: 0.1756
MSE Loss Between Generated and Conditioned: 1.6629
Epoch: 208, Loss: 0.1753
MSE Loss Between Generated and Conditioned: 1.8518
Epoch: 209, Loss: 0.1751
MSE Loss Between Generated and Conditioned: 1.9090
Epoch: 210, Loss: 0.1749
MSE Loss Between Generated and Conditioned: 4.8110
Epoch: 211, Loss: 0.1748
MSE Loss Between Generated and Conditioned: 1.6614
Epoch: 212, Loss: 0.1745
MSE Loss Between Generated and Conditioned: 2.6400
Epoch: 213, Loss: 0.1744
MSE Loss Between Generated and Conditioned: 2.3339
Epoch: 214, Loss: 0.1742
MSE Loss Between Generated and Conditioned: 2.1465
Epoch: 215, Loss: 0.1741
MSE Loss Between Generated and Conditioned: 1.8279
Epoch: 216, Loss: 0.1739
MSE Loss Between Generated and Conditioned: 1.7975
Epoch: 217, Loss: 0.1738
MSE Loss Between Generated and Conditioned: 1.9031
Epoch: 218, Loss: 0.1736
MSE Loss Between Generated and Conditioned: 1.5488
Epoch: 219, Loss: 0.1735
MSE Loss Between Generated and Conditioned: 1.1567
Epoch: 220, Loss: 0.1733
MSE Loss Between Generated and Conditioned: 1.5670
Epoch: 221, Loss: 0.1732
MSE Loss Between Generated and Conditioned: 1.1123
Epoch: 222, Loss: 0.1730
MSE Loss Between Generated and Conditioned: 1.2921
Epoch: 223, Loss: 0.1728
MSE Loss Between Generated and Conditioned: 2.1614
Epoch: 224, Loss: 0.1726
MSE Loss Between Generated and Conditioned: 1.8537
Epoch: 225, Loss: 0.1725
MSE Loss Between Generated and Conditioned: 1.5271
Epoch: 226, Loss: 0.1723
MSE Loss Between Generated and Conditioned: 1.0451
Epoch: 227, Loss: 0.1721
MSE Loss Between Generated and Conditioned: 1.3690
Epoch: 228, Loss: 0.1720
MSE Loss Between Generated and Conditioned: 1.2450
Epoch: 229, Loss: 0.1719
MSE Loss Between Generated and Conditioned: 1.4619
Epoch: 230, Loss: 0.1717
MSE Loss Between Generated and Conditioned: 1.5187
Epoch: 231, Loss: 0.1715
MSE Loss Between Generated and Conditioned: 1.5003
Epoch: 232, Loss: 0.1714
MSE Loss Between Generated and Conditioned: 1.2330
Epoch: 233, Loss: 0.1713
MSE Loss Between Generated and Conditioned: 1.2705
Epoch: 234, Loss: 0.1711
MSE Loss Between Generated and Conditioned: 1.3626
Epoch: 235, Loss: 0.1709
MSE Loss Between Generated and Conditioned: 1.0232
Epoch: 236, Loss: 0.1707
MSE Loss Between Generated and Conditioned: 1.4174
Epoch: 237, Loss: 0.1706
MSE Loss Between Generated and Conditioned: 2.0951
Epoch: 238, Loss: 0.1704
MSE Loss Between Generated and Conditioned: 2.2017
Epoch: 239, Loss: 0.1703
MSE Loss Between Generated and Conditioned: 1.1523
Epoch: 240, Loss: 0.1702
MSE Loss Between Generated and Conditioned: 2.3974
Epoch: 241, Loss: 0.1700
MSE Loss Between Generated and Conditioned: 1.0395
Epoch: 242, Loss: 0.1699
MSE Loss Between Generated and Conditioned: 1.2037
Epoch: 243, Loss: 0.1698
MSE Loss Between Generated and Conditioned: 1.1031
Epoch: 244, Loss: 0.1697
MSE Loss Between Generated and Conditioned: 1.6516
Epoch: 245, Loss: 0.1695
MSE Loss Between Generated and Conditioned: 1.3061
Epoch: 246, Loss: 0.1694
MSE Loss Between Generated and Conditioned: 1.2243
Epoch: 247, Loss: 0.1693
MSE Loss Between Generated and Conditioned: 1.0463
Epoch: 248, Loss: 0.1691
MSE Loss Between Generated and Conditioned: 1.3545
Epoch: 249, Loss: 0.1690
MSE Loss Between Generated and Conditioned: 1.1272
Epoch: 250, Loss: 0.1688
MSE Loss Between Generated and Conditioned: 1.1334
Epoch: 251, Loss: 0.1687
MSE Loss Between Generated and Conditioned: 1.4195
Epoch: 252, Loss: 0.1686
MSE Loss Between Generated and Conditioned: 1.3304
Epoch: 253, Loss: 0.1684
MSE Loss Between Generated and Conditioned: 1.5049
Epoch: 254, Loss: 0.1683
MSE Loss Between Generated and Conditioned: 1.0971
Epoch: 255, Loss: 0.1682
MSE Loss Between Generated and Conditioned: 1.4988
Epoch: 256, Loss: 0.1681
MSE Loss Between Generated and Conditioned: 1.3029
Epoch: 257, Loss: 0.1679
MSE Loss Between Generated and Conditioned: 1.4745
Epoch: 258, Loss: 0.1678
MSE Loss Between Generated and Conditioned: 1.4638
Epoch: 259, Loss: 0.1677
MSE Loss Between Generated and Conditioned: 1.0209
Epoch: 260, Loss: 0.1675
MSE Loss Between Generated and Conditioned: 1.2233
Epoch: 261, Loss: 0.1674
MSE Loss Between Generated and Conditioned: 1.6169
Epoch: 262, Loss: 0.1673
MSE Loss Between Generated and Conditioned: 1.0210
Epoch: 263, Loss: 0.1672
MSE Loss Between Generated and Conditioned: 1.1231
Epoch: 264, Loss: 0.1671
MSE Loss Between Generated and Conditioned: 1.7008
Epoch: 265, Loss: 0.1670
MSE Loss Between Generated and Conditioned: 1.0935
Epoch: 266, Loss: 0.1669
MSE Loss Between Generated and Conditioned: 1.0353
Epoch: 267, Loss: 0.1667
MSE Loss Between Generated and Conditioned: 1.1462
Epoch: 268, Loss: 0.1666
MSE Loss Between Generated and Conditioned: 1.4668
Epoch: 269, Loss: 0.1665
MSE Loss Between Generated and Conditioned: 1.0962
Epoch: 270, Loss: 0.1664
MSE Loss Between Generated and Conditioned: 1.2251
Epoch: 271, Loss: 0.1663
MSE Loss Between Generated and Conditioned: 1.3699
Epoch: 272, Loss: 0.1662
MSE Loss Between Generated and Conditioned: 1.0667
Epoch: 273, Loss: 0.1661
MSE Loss Between Generated and Conditioned: 1.2014
Epoch: 274, Loss: 0.1660
MSE Loss Between Generated and Conditioned: 1.0445
Epoch: 275, Loss: 0.1658
MSE Loss Between Generated and Conditioned: 1.1542
Epoch: 276, Loss: 0.1658
MSE Loss Between Generated and Conditioned: 1.5385
Epoch: 277, Loss: 0.1656
MSE Loss Between Generated and Conditioned: 1.3215
Epoch: 278, Loss: 0.1655
MSE Loss Between Generated and Conditioned: 1.1276
Epoch: 279, Loss: 0.1654
MSE Loss Between Generated and Conditioned: 1.0548
Epoch: 280, Loss: 0.1653
MSE Loss Between Generated and Conditioned: 1.1369
Epoch: 281, Loss: 0.1652
MSE Loss Between Generated and Conditioned: 1.1831
Epoch: 282, Loss: 0.1651
MSE Loss Between Generated and Conditioned: 1.3645
Epoch: 283, Loss: 0.1650
MSE Loss Between Generated and Conditioned: 1.0181
Epoch: 284, Loss: 0.1649
MSE Loss Between Generated and Conditioned: 1.1647
Epoch: 285, Loss: 0.1648
MSE Loss Between Generated and Conditioned: 1.1850
Epoch: 286, Loss: 0.1647
MSE Loss Between Generated and Conditioned: 1.1194
Epoch: 287, Loss: 0.1646
MSE Loss Between Generated and Conditioned: 1.2453
Epoch: 288, Loss: 0.1645
MSE Loss Between Generated and Conditioned: 1.0876
Epoch: 289, Loss: 0.1644
MSE Loss Between Generated and Conditioned: 1.1607
Epoch: 290, Loss: 0.1643
MSE Loss Between Generated and Conditioned: 1.2667
Epoch: 291, Loss: 0.1642
MSE Loss Between Generated and Conditioned: 1.0550
Epoch: 292, Loss: 0.1641
MSE Loss Between Generated and Conditioned: 1.3244
Epoch: 293, Loss: 0.1640
MSE Loss Between Generated and Conditioned: 1.5752
Epoch: 294, Loss: 0.1639
MSE Loss Between Generated and Conditioned: 1.2414
Epoch: 295, Loss: 0.1638
MSE Loss Between Generated and Conditioned: 1.1640
Epoch: 296, Loss: 0.1637
MSE Loss Between Generated and Conditioned: 1.0782
Epoch: 297, Loss: 0.1636
MSE Loss Between Generated and Conditioned: 1.0725
Epoch: 298, Loss: 0.1635
MSE Loss Between Generated and Conditioned: 1.0158
Epoch: 299, Loss: 0.1634
MSE Loss Between Generated and Conditioned: 1.0537
Epoch: 300, Loss: 0.1633
Train: torch.Size([14031, 5, 64, 32]), Valid: torch.Size([4677, 5, 64, 32]), Test: torch.Size([4678, 5, 64, 32])
Starting Downstream Task
Running context window: 5 with stride: 5 with seed: 0
Shape: (5, 144, 72)
Epoch: 0, Train Loss: 0.01005, Valid Loss: 0.00729, EPS: 0.991
Epoch: 1, Train Loss: 0.00669, Valid Loss: 0.00601, EPS: 0.982
Epoch: 2, Train Loss: 0.00564, Valid Loss: 0.00554, EPS: 0.973
Epoch: 3, Train Loss: 0.00519, Valid Loss: 0.00520, EPS: 0.964
Epoch: 4, Train Loss: 0.00498, Valid Loss: 0.00512, EPS: 0.955
Epoch: 5, Train Loss: 0.00487, Valid Loss: 0.00501, EPS: 0.946
Epoch: 6, Train Loss: 0.00482, Valid Loss: 0.00504, EPS: 0.9369999999999999
Epoch: 7, Train Loss: 0.00486, Valid Loss: 0.00506, EPS: 0.928
Epoch: 8, Train Loss: 0.00489, Valid Loss: 0.00505, EPS: 0.919
Epoch: 9, Train Loss: 0.00489, Valid Loss: 0.00498, EPS: 0.91
Epoch: 10, Train Loss: 0.00491, Valid Loss: 0.00500, EPS: 0.901
Epoch: 11, Train Loss: 0.00494, Valid Loss: 0.00498, EPS: 0.892
Epoch: 12, Train Loss: 0.00492, Valid Loss: 0.00507, EPS: 0.883
Epoch: 13, Train Loss: 0.00491, Valid Loss: 0.00499, EPS: 0.874
Epoch: 14, Train Loss: 0.00488, Valid Loss: 0.00499, EPS: 0.865
Epoch: 15, Train Loss: 0.00488, Valid Loss: 0.00500, EPS: 0.856
Epoch: 16, Train Loss: 0.00487, Valid Loss: 0.00500, EPS: 0.847
Epoch: 17, Train Loss: 0.00487, Valid Loss: 0.00502, EPS: 0.8380000000000001
Epoch: 18, Train Loss: 0.00489, Valid Loss: 0.00504, EPS: 0.8290000000000001
Epoch: 19, Train Loss: 0.00488, Valid Loss: 0.00509, EPS: 0.8200000000000001
Epoch: 20, Train Loss: 0.00489, Valid Loss: 0.00501, EPS: 0.811
Epoch: 21, Train Loss: 0.00489, Valid Loss: 0.00501, EPS: 0.802
Epoch: 22, Train Loss: 0.00490, Valid Loss: 0.00506, EPS: 0.793
Epoch: 23, Train Loss: 0.00458, Valid Loss: 0.00482, EPS: 0.784
Epoch: 24, Train Loss: 0.00428, Valid Loss: 0.00466, EPS: 0.775
Epoch: 25, Train Loss: 0.00416, Valid Loss: 0.00457, EPS: 0.766
Epoch: 26, Train Loss: 0.00405, Valid Loss: 0.00452, EPS: 0.757
Epoch: 27, Train Loss: 0.00400, Valid Loss: 0.00449, EPS: 0.748
Epoch: 28, Train Loss: 0.00396, Valid Loss: 0.00446, EPS: 0.739
Epoch: 29, Train Loss: 0.00395, Valid Loss: 0.00445, EPS: 0.73
Epoch: 30, Train Loss: 0.00392, Valid Loss: 0.00445, EPS: 0.721
Epoch: 31, Train Loss: 0.00392, Valid Loss: 0.00444, EPS: 0.712
Epoch: 32, Train Loss: 0.00391, Valid Loss: 0.00441, EPS: 0.703
Epoch: 33, Train Loss: 0.00391, Valid Loss: 0.00441, EPS: 0.694
Epoch: 34, Train Loss: 0.00388, Valid Loss: 0.00440, EPS: 0.685
Epoch: 35, Train Loss: 0.00389, Valid Loss: 0.00442, EPS: 0.676
Epoch: 36, Train Loss: 0.00387, Valid Loss: 0.00441, EPS: 0.667
Epoch: 37, Train Loss: 0.00387, Valid Loss: 0.00443, EPS: 0.658
Epoch: 38, Train Loss: 0.00386, Valid Loss: 0.00441, EPS: 0.649
Epoch: 39, Train Loss: 0.00387, Valid Loss: 0.00441, EPS: 0.64
Epoch: 40, Train Loss: 0.00385, Valid Loss: 0.00441, EPS: 0.6310000000000001
Epoch: 41, Train Loss: 0.00388, Valid Loss: 0.00441, EPS: 0.6220000000000001
Epoch: 42, Train Loss: 0.00388, Valid Loss: 0.00439, EPS: 0.6130000000000001
Epoch: 43, Train Loss: 0.00384, Valid Loss: 0.00440, EPS: 0.6040000000000001
Epoch: 44, Train Loss: 0.00384, Valid Loss: 0.00441, EPS: 0.5950000000000001
Epoch: 45, Train Loss: 0.00382, Valid Loss: 0.00442, EPS: 0.5860000000000001
Epoch: 46, Train Loss: 0.00384, Valid Loss: 0.00440, EPS: 0.5770000000000001
Epoch: 47, Train Loss: 0.00383, Valid Loss: 0.00441, EPS: 0.5680000000000001
Epoch: 48, Train Loss: 0.00383, Valid Loss: 0.00440, EPS: 0.559
Epoch: 49, Train Loss: 0.00385, Valid Loss: 0.00440, EPS: 0.55
Epoch: 50, Train Loss: 0.00385, Valid Loss: 0.00439, EPS: 0.541
Epoch: 51, Train Loss: 0.00382, Valid Loss: 0.00441, EPS: 0.532
Epoch: 52, Train Loss: 0.00385, Valid Loss: 0.00439, EPS: 0.523
Epoch: 53, Train Loss: 0.00383, Valid Loss: 0.00438, EPS: 0.514
Epoch: 54, Train Loss: 0.00384, Valid Loss: 0.00440, EPS: 0.505
Epoch: 55, Train Loss: 0.00381, Valid Loss: 0.00438, EPS: 0.496
Epoch: 56, Train Loss: 0.00383, Valid Loss: 0.00440, EPS: 0.4870000000000001
Epoch: 57, Train Loss: 0.00380, Valid Loss: 0.00438, EPS: 0.4780000000000001
Epoch: 58, Train Loss: 0.00381, Valid Loss: 0.00438, EPS: 0.4690000000000001
Epoch: 59, Train Loss: 0.00381, Valid Loss: 0.00439, EPS: 0.4600000000000001
Epoch: 60, Train Loss: 0.00381, Valid Loss: 0.00439, EPS: 0.45100000000000007
Epoch: 61, Train Loss: 0.00382, Valid Loss: 0.00437, EPS: 0.44200000000000006
Epoch: 62, Train Loss: 0.00381, Valid Loss: 0.00438, EPS: 0.43300000000000005
Epoch: 63, Train Loss: 0.00380, Valid Loss: 0.00440, EPS: 0.42400000000000004
Epoch: 64, Train Loss: 0.00382, Valid Loss: 0.00438, EPS: 0.41500000000000004
Epoch: 65, Train Loss: 0.00383, Valid Loss: 0.00439, EPS: 0.406
Epoch: 66, Train Loss: 0.00380, Valid Loss: 0.00438, EPS: 0.397
Epoch: 67, Train Loss: 0.00382, Valid Loss: 0.00437, EPS: 0.388
Epoch: 68, Train Loss: 0.00379, Valid Loss: 0.00437, EPS: 0.3790000000000001
Epoch: 69, Train Loss: 0.00380, Valid Loss: 0.00439, EPS: 0.3700000000000001
Epoch: 70, Train Loss: 0.00380, Valid Loss: 0.00436, EPS: 0.3610000000000001
Epoch: 71, Train Loss: 0.00379, Valid Loss: 0.00438, EPS: 0.3520000000000001
Epoch: 72, Train Loss: 0.00377, Valid Loss: 0.00438, EPS: 0.343
Epoch: 73, Train Loss: 0.00379, Valid Loss: 0.00437, EPS: 0.334
Epoch: 74, Train Loss: 0.00379, Valid Loss: 0.00438, EPS: 0.325
Epoch: 75, Train Loss: 0.00378, Valid Loss: 0.00439, EPS: 0.316
Epoch: 76, Train Loss: 0.00376, Valid Loss: 0.00437, EPS: 0.307
Epoch: 77, Train Loss: 0.00379, Valid Loss: 0.00436, EPS: 0.298
Epoch: 78, Train Loss: 0.00379, Valid Loss: 0.00437, EPS: 0.289
Epoch: 79, Train Loss: 0.00378, Valid Loss: 0.00437, EPS: 0.27999999999999997
Epoch: 80, Train Loss: 0.00379, Valid Loss: 0.00438, EPS: 0.27099999999999996
Epoch: 81, Train Loss: 0.00376, Valid Loss: 0.00437, EPS: 0.26200000000000007
Epoch: 82, Train Loss: 0.00371, Valid Loss: 0.00434, EPS: 0.25300000000000006
Epoch: 83, Train Loss: 0.00372, Valid Loss: 0.00433, EPS: 0.24400000000000005
Epoch: 84, Train Loss: 0.00371, Valid Loss: 0.00432, EPS: 0.23500000000000004
Epoch: 85, Train Loss: 0.00367, Valid Loss: 0.00432, EPS: 0.22600000000000003
Epoch: 86, Train Loss: 0.00370, Valid Loss: 0.00431, EPS: 0.21700000000000003
Epoch: 87, Train Loss: 0.00365, Valid Loss: 0.00433, EPS: 0.20800000000000002
Epoch: 88, Train Loss: 0.00368, Valid Loss: 0.00430, EPS: 0.199
Epoch: 89, Train Loss: 0.00367, Valid Loss: 0.00432, EPS: 0.19
Epoch: 90, Train Loss: 0.00369, Valid Loss: 0.00432, EPS: 0.181
Epoch: 91, Train Loss: 0.00366, Valid Loss: 0.00430, EPS: 0.172
Epoch: 92, Train Loss: 0.00367, Valid Loss: 0.00431, EPS: 0.16299999999999998
Epoch: 93, Train Loss: 0.00363, Valid Loss: 0.00431, EPS: 0.15400000000000005
Epoch: 94, Train Loss: 0.00367, Valid Loss: 0.00430, EPS: 0.14500000000000005
Epoch: 95, Train Loss: 0.00367, Valid Loss: 0.00430, EPS: 0.13600000000000004
Epoch: 96, Train Loss: 0.00368, Valid Loss: 0.00430, EPS: 0.12700000000000003
Epoch: 97, Train Loss: 0.00364, Valid Loss: 0.00429, EPS: 0.11800000000000002
Epoch: 98, Train Loss: 0.00363, Valid Loss: 0.00429, EPS: 0.10900000000000001
Epoch: 99, Train Loss: 0.00362, Valid Loss: 0.00430, EPS: 0.1
Test Loss: 0.00429
Test Loss: 0.00424
Running context window: 5 with stride: 10 with seed: 0
Shape: (5, 144, 72)
Epoch: 0, Train Loss: 0.01070, Valid Loss: 0.00821, EPS: 0.991
Epoch: 1, Train Loss: 0.00726, Valid Loss: 0.00679, EPS: 0.982
Epoch: 2, Train Loss: 0.00577, Valid Loss: 0.00608, EPS: 0.973
Epoch: 3, Train Loss: 0.00492, Valid Loss: 0.00565, EPS: 0.964
Epoch: 4, Train Loss: 0.00432, Valid Loss: 0.00543, EPS: 0.955
Epoch: 5, Train Loss: 0.00395, Valid Loss: 0.00523, EPS: 0.946
Epoch: 6, Train Loss: 0.00363, Valid Loss: 0.00511, EPS: 0.9369999999999999
Epoch: 7, Train Loss: 0.00347, Valid Loss: 0.00502, EPS: 0.928
Epoch: 8, Train Loss: 0.00331, Valid Loss: 0.00500, EPS: 0.919
Epoch: 9, Train Loss: 0.00326, Valid Loss: 0.00498, EPS: 0.91
Epoch: 10, Train Loss: 0.00319, Valid Loss: 0.00496, EPS: 0.901
Epoch: 11, Train Loss: 0.00311, Valid Loss: 0.00496, EPS: 0.892
Epoch: 12, Train Loss: 0.00310, Valid Loss: 0.00501, EPS: 0.883
Epoch: 13, Train Loss: 0.00305, Valid Loss: 0.00496, EPS: 0.874
Epoch: 14, Train Loss: 0.00300, Valid Loss: 0.00491, EPS: 0.865
Epoch: 15, Train Loss: 0.00303, Valid Loss: 0.00498, EPS: 0.856
Epoch: 16, Train Loss: 0.00304, Valid Loss: 0.00492, EPS: 0.847
Epoch: 17, Train Loss: 0.00297, Valid Loss: 0.00490, EPS: 0.8380000000000001
Epoch: 18, Train Loss: 0.00292, Valid Loss: 0.00488, EPS: 0.8290000000000001
Epoch: 19, Train Loss: 0.00289, Valid Loss: 0.00489, EPS: 0.8200000000000001
Epoch: 20, Train Loss: 0.00290, Valid Loss: 0.00486, EPS: 0.811
Epoch: 21, Train Loss: 0.00292, Valid Loss: 0.00497, EPS: 0.802
Epoch: 22, Train Loss: 0.00286, Valid Loss: 0.00486, EPS: 0.793
Epoch: 23, Train Loss: 0.00286, Valid Loss: 0.00485, EPS: 0.784
Epoch: 24, Train Loss: 0.00286, Valid Loss: 0.00490, EPS: 0.775
Epoch: 25, Train Loss: 0.00283, Valid Loss: 0.00495, EPS: 0.766
Epoch: 26, Train Loss: 0.00286, Valid Loss: 0.00486, EPS: 0.757
Epoch: 27, Train Loss: 0.00283, Valid Loss: 0.00488, EPS: 0.748
Epoch: 28, Train Loss: 0.00284, Valid Loss: 0.00490, EPS: 0.739
Epoch: 29, Train Loss: 0.00283, Valid Loss: 0.00486, EPS: 0.73
Epoch: 30, Train Loss: 0.00279, Valid Loss: 0.00481, EPS: 0.721
Epoch: 31, Train Loss: 0.00275, Valid Loss: 0.00482, EPS: 0.712
Epoch: 32, Train Loss: 0.00279, Valid Loss: 0.00476, EPS: 0.703
Epoch: 33, Train Loss: 0.00271, Valid Loss: 0.00480, EPS: 0.694
Epoch: 34, Train Loss: 0.00274, Valid Loss: 0.00484, EPS: 0.685
Epoch: 35, Train Loss: 0.00272, Valid Loss: 0.00489, EPS: 0.676
Epoch: 36, Train Loss: 0.00276, Valid Loss: 0.00482, EPS: 0.667
Epoch: 37, Train Loss: 0.00272, Valid Loss: 0.00481, EPS: 0.658
Epoch: 38, Train Loss: 0.00272, Valid Loss: 0.00486, EPS: 0.649
Epoch: 39, Train Loss: 0.00272, Valid Loss: 0.00482, EPS: 0.64
Epoch: 40, Train Loss: 0.00274, Valid Loss: 0.00492, EPS: 0.6310000000000001
Epoch: 41, Train Loss: 0.00277, Valid Loss: 0.00482, EPS: 0.6220000000000001
Epoch: 42, Train Loss: 0.00276, Valid Loss: 0.00488, EPS: 0.6130000000000001
Epoch: 43, Train Loss: 0.00272, Valid Loss: 0.00481, EPS: 0.6040000000000001
Epoch: 44, Train Loss: 0.00244, Valid Loss: 0.00467, EPS: 0.5950000000000001
Epoch: 45, Train Loss: 0.00222, Valid Loss: 0.00456, EPS: 0.5860000000000001
Epoch: 46, Train Loss: 0.00211, Valid Loss: 0.00454, EPS: 0.5770000000000001
Epoch: 47, Train Loss: 0.00202, Valid Loss: 0.00452, EPS: 0.5680000000000001
Epoch: 48, Train Loss: 0.00197, Valid Loss: 0.00452, EPS: 0.559
Epoch: 49, Train Loss: 0.00192, Valid Loss: 0.00448, EPS: 0.55
Epoch: 50, Train Loss: 0.00186, Valid Loss: 0.00449, EPS: 0.541
Epoch: 51, Train Loss: 0.00185, Valid Loss: 0.00447, EPS: 0.532
Epoch: 52, Train Loss: 0.00183, Valid Loss: 0.00448, EPS: 0.523
Epoch: 53, Train Loss: 0.00181, Valid Loss: 0.00447, EPS: 0.514
Epoch: 54, Train Loss: 0.00181, Valid Loss: 0.00446, EPS: 0.505
Epoch: 55, Train Loss: 0.00179, Valid Loss: 0.00445, EPS: 0.496
Epoch: 56, Train Loss: 0.00178, Valid Loss: 0.00446, EPS: 0.4870000000000001
Epoch: 57, Train Loss: 0.00175, Valid Loss: 0.00447, EPS: 0.4780000000000001
Epoch: 58, Train Loss: 0.00176, Valid Loss: 0.00449, EPS: 0.4690000000000001
Epoch: 59, Train Loss: 0.00175, Valid Loss: 0.00447, EPS: 0.4600000000000001
Epoch: 60, Train Loss: 0.00173, Valid Loss: 0.00450, EPS: 0.45100000000000007
Epoch: 61, Train Loss: 0.00171, Valid Loss: 0.00449, EPS: 0.44200000000000006
Epoch: 62, Train Loss: 0.00171, Valid Loss: 0.00450, EPS: 0.43300000000000005
Epoch: 63, Train Loss: 0.00171, Valid Loss: 0.00451, EPS: 0.42400000000000004
Epoch: 64, Train Loss: 0.00169, Valid Loss: 0.00452, EPS: 0.41500000000000004
Epoch: 65, Train Loss: 0.00166, Valid Loss: 0.00455, EPS: 0.406
Epoch: 66, Train Loss: 0.00166, Valid Loss: 0.00457, EPS: 0.397
Epoch: 67, Train Loss: 0.00163, Valid Loss: 0.00454, EPS: 0.388
Epoch: 68, Train Loss: 0.00163, Valid Loss: 0.00452, EPS: 0.3790000000000001
Epoch: 69, Train Loss: 0.00162, Valid Loss: 0.00451, EPS: 0.3700000000000001
Epoch: 70, Train Loss: 0.00161, Valid Loss: 0.00452, EPS: 0.3610000000000001
Epoch: 71, Train Loss: 0.00162, Valid Loss: 0.00449, EPS: 0.3520000000000001
Epoch: 72, Train Loss: 0.00161, Valid Loss: 0.00454, EPS: 0.343
Epoch: 73, Train Loss: 0.00161, Valid Loss: 0.00453, EPS: 0.334
Epoch: 74, Train Loss: 0.00161, Valid Loss: 0.00453, EPS: 0.325
Epoch: 75, Train Loss: 0.00160, Valid Loss: 0.00453, EPS: 0.316
Epoch: 76, Train Loss: 0.00159, Valid Loss: 0.00455, EPS: 0.307
Epoch: 77, Train Loss: 0.00159, Valid Loss: 0.00455, EPS: 0.298
Epoch: 78, Train Loss: 0.00159, Valid Loss: 0.00454, EPS: 0.289
Epoch: 79, Train Loss: 0.00158, Valid Loss: 0.00454, EPS: 0.27999999999999997
Epoch: 80, Train Loss: 0.00159, Valid Loss: 0.00454, EPS: 0.27099999999999996
Epoch: 81, Train Loss: 0.00158, Valid Loss: 0.00455, EPS: 0.26200000000000007
Epoch: 82, Train Loss: 0.00159, Valid Loss: 0.00452, EPS: 0.25300000000000006
Epoch: 83, Train Loss: 0.00159, Valid Loss: 0.00452, EPS: 0.24400000000000005
Epoch: 84, Train Loss: 0.00158, Valid Loss: 0.00452, EPS: 0.23500000000000004
Epoch: 85, Train Loss: 0.00159, Valid Loss: 0.00452, EPS: 0.22600000000000003
Epoch: 86, Train Loss: 0.00159, Valid Loss: 0.00451, EPS: 0.21700000000000003
Epoch: 87, Train Loss: 0.00158, Valid Loss: 0.00454, EPS: 0.20800000000000002
Epoch: 88, Train Loss: 0.00159, Valid Loss: 0.00456, EPS: 0.199
Epoch: 89, Train Loss: 0.00159, Valid Loss: 0.00454, EPS: 0.19
Epoch: 90, Train Loss: 0.00158, Valid Loss: 0.00453, EPS: 0.181
Epoch: 91, Train Loss: 0.00158, Valid Loss: 0.00453, EPS: 0.172
Epoch: 92, Train Loss: 0.00159, Valid Loss: 0.00454, EPS: 0.16299999999999998
Epoch: 93, Train Loss: 0.00159, Valid Loss: 0.00454, EPS: 0.15400000000000005
Epoch: 94, Train Loss: 0.00158, Valid Loss: 0.00455, EPS: 0.14500000000000005
Epoch: 95, Train Loss: 0.00158, Valid Loss: 0.00452, EPS: 0.13600000000000004
Epoch: 96, Train Loss: 0.00158, Valid Loss: 0.00456, EPS: 0.12700000000000003
Epoch: 97, Train Loss: 0.00158, Valid Loss: 0.00454, EPS: 0.11800000000000002
Epoch: 98, Train Loss: 0.00159, Valid Loss: 0.00453, EPS: 0.10900000000000001
Epoch: 99, Train Loss: 0.00158, Valid Loss: 0.00455, EPS: 0.1
Test Loss: 0.00452
Test Loss: 0.00454
Running context window: 5 with stride: 5 with seed: 42
Shape: (5, 144, 72)
Epoch: 0, Train Loss: 0.00991, Valid Loss: 0.00718, EPS: 0.991
Epoch: 1, Train Loss: 0.00668, Valid Loss: 0.00601, EPS: 0.982
Epoch: 2, Train Loss: 0.00563, Valid Loss: 0.00548, EPS: 0.973
Epoch: 3, Train Loss: 0.00521, Valid Loss: 0.00522, EPS: 0.964
Epoch: 4, Train Loss: 0.00501, Valid Loss: 0.00507, EPS: 0.955
Epoch: 5, Train Loss: 0.00491, Valid Loss: 0.00501, EPS: 0.946
Epoch: 6, Train Loss: 0.00488, Valid Loss: 0.00505, EPS: 0.9369999999999999
Epoch: 7, Train Loss: 0.00491, Valid Loss: 0.00509, EPS: 0.928
Epoch: 8, Train Loss: 0.00495, Valid Loss: 0.00506, EPS: 0.919
Epoch: 9, Train Loss: 0.00492, Valid Loss: 0.00504, EPS: 0.91
Epoch: 10, Train Loss: 0.00490, Valid Loss: 0.00503, EPS: 0.901
Epoch: 11, Train Loss: 0.00492, Valid Loss: 0.00503, EPS: 0.892
Epoch: 12, Train Loss: 0.00488, Valid Loss: 0.00503, EPS: 0.883
Epoch: 13, Train Loss: 0.00489, Valid Loss: 0.00504, EPS: 0.874
Epoch: 14, Train Loss: 0.00485, Valid Loss: 0.00499, EPS: 0.865
Epoch: 15, Train Loss: 0.00488, Valid Loss: 0.00503, EPS: 0.856
Epoch: 16, Train Loss: 0.00494, Valid Loss: 0.00507, EPS: 0.847
Epoch: 17, Train Loss: 0.00497, Valid Loss: 0.00510, EPS: 0.8380000000000001
Epoch: 18, Train Loss: 0.00488, Valid Loss: 0.00505, EPS: 0.8290000000000001
Epoch: 19, Train Loss: 0.00489, Valid Loss: 0.00494, EPS: 0.8200000000000001
Epoch: 20, Train Loss: 0.00487, Valid Loss: 0.00495, EPS: 0.811
Epoch: 21, Train Loss: 0.00485, Valid Loss: 0.00494, EPS: 0.802
Epoch: 22, Train Loss: 0.00490, Valid Loss: 0.00503, EPS: 0.793
Epoch: 23, Train Loss: 0.00486, Valid Loss: 0.00500, EPS: 0.784
Epoch: 24, Train Loss: 0.00485, Valid Loss: 0.00501, EPS: 0.775
Epoch: 25, Train Loss: 0.00493, Valid Loss: 0.00500, EPS: 0.766
Epoch: 26, Train Loss: 0.00492, Valid Loss: 0.00500, EPS: 0.757
Epoch: 27, Train Loss: 0.00488, Valid Loss: 0.00494, EPS: 0.748
Epoch: 28, Train Loss: 0.00488, Valid Loss: 0.00503, EPS: 0.739
Epoch: 29, Train Loss: 0.00489, Valid Loss: 0.00497, EPS: 0.73
Epoch: 30, Train Loss: 0.00489, Valid Loss: 0.00500, EPS: 0.721
Epoch: 31, Train Loss: 0.00490, Valid Loss: 0.00500, EPS: 0.712
Epoch: 32, Train Loss: 0.00488, Valid Loss: 0.00500, EPS: 0.703
Epoch: 33, Train Loss: 0.00485, Valid Loss: 0.00495, EPS: 0.694
Epoch: 34, Train Loss: 0.00486, Valid Loss: 0.00495, EPS: 0.685
Epoch: 35, Train Loss: 0.00488, Valid Loss: 0.00498, EPS: 0.676
Epoch: 36, Train Loss: 0.00487, Valid Loss: 0.00498, EPS: 0.667
Epoch: 37, Train Loss: 0.00485, Valid Loss: 0.00500, EPS: 0.658
Epoch: 38, Train Loss: 0.00488, Valid Loss: 0.00502, EPS: 0.649
Epoch: 39, Train Loss: 0.00452, Valid Loss: 0.00478, EPS: 0.64
Epoch: 40, Train Loss: 0.00428, Valid Loss: 0.00462, EPS: 0.6310000000000001
Epoch: 41, Train Loss: 0.00415, Valid Loss: 0.00455, EPS: 0.6220000000000001
Epoch: 42, Train Loss: 0.00406, Valid Loss: 0.00448, EPS: 0.6130000000000001
Epoch: 43, Train Loss: 0.00400, Valid Loss: 0.00447, EPS: 0.6040000000000001
Epoch: 44, Train Loss: 0.00398, Valid Loss: 0.00446, EPS: 0.5950000000000001
Epoch: 45, Train Loss: 0.00393, Valid Loss: 0.00443, EPS: 0.5860000000000001
Epoch: 46, Train Loss: 0.00392, Valid Loss: 0.00443, EPS: 0.5770000000000001
Epoch: 47, Train Loss: 0.00391, Valid Loss: 0.00442, EPS: 0.5680000000000001
Epoch: 48, Train Loss: 0.00389, Valid Loss: 0.00441, EPS: 0.559
Epoch: 49, Train Loss: 0.00389, Valid Loss: 0.00440, EPS: 0.55
Epoch: 50, Train Loss: 0.00390, Valid Loss: 0.00442, EPS: 0.541
Epoch: 51, Train Loss: 0.00388, Valid Loss: 0.00440, EPS: 0.532
Epoch: 52, Train Loss: 0.00388, Valid Loss: 0.00441, EPS: 0.523
Epoch: 53, Train Loss: 0.00386, Valid Loss: 0.00439, EPS: 0.514
Epoch: 54, Train Loss: 0.00387, Valid Loss: 0.00439, EPS: 0.505
Epoch: 55, Train Loss: 0.00386, Valid Loss: 0.00442, EPS: 0.496
Epoch: 56, Train Loss: 0.00385, Valid Loss: 0.00439, EPS: 0.4870000000000001
Epoch: 57, Train Loss: 0.00389, Valid Loss: 0.00440, EPS: 0.4780000000000001
Epoch: 58, Train Loss: 0.00386, Valid Loss: 0.00439, EPS: 0.4690000000000001
Epoch: 59, Train Loss: 0.00386, Valid Loss: 0.00441, EPS: 0.4600000000000001
Epoch: 60, Train Loss: 0.00385, Valid Loss: 0.00438, EPS: 0.45100000000000007
Epoch: 61, Train Loss: 0.00383, Valid Loss: 0.00438, EPS: 0.44200000000000006
Epoch: 62, Train Loss: 0.00381, Valid Loss: 0.00441, EPS: 0.43300000000000005
Epoch: 63, Train Loss: 0.00382, Valid Loss: 0.00439, EPS: 0.42400000000000004
Epoch: 64, Train Loss: 0.00383, Valid Loss: 0.00439, EPS: 0.41500000000000004
Epoch: 65, Train Loss: 0.00382, Valid Loss: 0.00438, EPS: 0.406
Epoch: 66, Train Loss: 0.00384, Valid Loss: 0.00440, EPS: 0.397
Epoch: 67, Train Loss: 0.00382, Valid Loss: 0.00439, EPS: 0.388
Epoch: 68, Train Loss: 0.00383, Valid Loss: 0.00439, EPS: 0.3790000000000001
Epoch: 69, Train Loss: 0.00381, Valid Loss: 0.00437, EPS: 0.3700000000000001
Epoch: 70, Train Loss: 0.00381, Valid Loss: 0.00439, EPS: 0.3610000000000001
Epoch: 71, Train Loss: 0.00383, Valid Loss: 0.00437, EPS: 0.3520000000000001
Epoch: 72, Train Loss: 0.00380, Valid Loss: 0.00437, EPS: 0.343
Epoch: 73, Train Loss: 0.00378, Valid Loss: 0.00439, EPS: 0.334
Epoch: 74, Train Loss: 0.00381, Valid Loss: 0.00438, EPS: 0.325
Epoch: 75, Train Loss: 0.00384, Valid Loss: 0.00438, EPS: 0.316
Epoch: 76, Train Loss: 0.00380, Valid Loss: 0.00436, EPS: 0.307
Epoch: 77, Train Loss: 0.00381, Valid Loss: 0.00438, EPS: 0.298
Epoch: 78, Train Loss: 0.00379, Valid Loss: 0.00437, EPS: 0.289
Epoch: 79, Train Loss: 0.00382, Valid Loss: 0.00437, EPS: 0.27999999999999997
Epoch: 80, Train Loss: 0.00381, Valid Loss: 0.00436, EPS: 0.27099999999999996
Epoch: 81, Train Loss: 0.00382, Valid Loss: 0.00438, EPS: 0.26200000000000007
Epoch: 82, Train Loss: 0.00380, Valid Loss: 0.00441, EPS: 0.25300000000000006
Epoch: 83, Train Loss: 0.00380, Valid Loss: 0.00439, EPS: 0.24400000000000005
Epoch: 84, Train Loss: 0.00380, Valid Loss: 0.00437, EPS: 0.23500000000000004
Epoch: 85, Train Loss: 0.00380, Valid Loss: 0.00438, EPS: 0.22600000000000003
Epoch: 86, Train Loss: 0.00379, Valid Loss: 0.00436, EPS: 0.21700000000000003
Epoch: 87, Train Loss: 0.00380, Valid Loss: 0.00437, EPS: 0.20800000000000002
Epoch: 88, Train Loss: 0.00380, Valid Loss: 0.00439, EPS: 0.199
Epoch: 89, Train Loss: 0.00377, Valid Loss: 0.00437, EPS: 0.19
Epoch: 90, Train Loss: 0.00381, Valid Loss: 0.00437, EPS: 0.181
Epoch: 91, Train Loss: 0.00379, Valid Loss: 0.00437, EPS: 0.172
Epoch: 92, Train Loss: 0.00373, Valid Loss: 0.00437, EPS: 0.16299999999999998
Epoch: 93, Train Loss: 0.00372, Valid Loss: 0.00436, EPS: 0.15400000000000005
Epoch: 94, Train Loss: 0.00371, Valid Loss: 0.00434, EPS: 0.14500000000000005
Epoch: 95, Train Loss: 0.00370, Valid Loss: 0.00434, EPS: 0.13600000000000004
Epoch: 96, Train Loss: 0.00370, Valid Loss: 0.00434, EPS: 0.12700000000000003
Epoch: 97, Train Loss: 0.00370, Valid Loss: 0.00434, EPS: 0.11800000000000002
Epoch: 98, Train Loss: 0.00368, Valid Loss: 0.00434, EPS: 0.10900000000000001
Epoch: 99, Train Loss: 0.00370, Valid Loss: 0.00433, EPS: 0.1
Test Loss: 0.00433
Test Loss: 0.00428
Running context window: 5 with stride: 10 with seed: 42
Shape: (5, 144, 72)
Epoch: 0, Train Loss: 0.01082, Valid Loss: 0.00826, EPS: 0.991
Epoch: 1, Train Loss: 0.00728, Valid Loss: 0.00675, EPS: 0.982
Epoch: 2, Train Loss: 0.00580, Valid Loss: 0.00614, EPS: 0.973
Epoch: 3, Train Loss: 0.00491, Valid Loss: 0.00577, EPS: 0.964
Epoch: 4, Train Loss: 0.00437, Valid Loss: 0.00540, EPS: 0.955
Epoch: 5, Train Loss: 0.00396, Valid Loss: 0.00531, EPS: 0.946
Epoch: 6, Train Loss: 0.00368, Valid Loss: 0.00514, EPS: 0.9369999999999999
Epoch: 7, Train Loss: 0.00348, Valid Loss: 0.00502, EPS: 0.928
Epoch: 8, Train Loss: 0.00338, Valid Loss: 0.00498, EPS: 0.919
Epoch: 9, Train Loss: 0.00327, Valid Loss: 0.00499, EPS: 0.91
Epoch: 10, Train Loss: 0.00320, Valid Loss: 0.00495, EPS: 0.901
Epoch: 11, Train Loss: 0.00310, Valid Loss: 0.00489, EPS: 0.892
Epoch: 12, Train Loss: 0.00307, Valid Loss: 0.00486, EPS: 0.883
Epoch: 13, Train Loss: 0.00302, Valid Loss: 0.00495, EPS: 0.874
Epoch: 14, Train Loss: 0.00302, Valid Loss: 0.00489, EPS: 0.865
Epoch: 15, Train Loss: 0.00299, Valid Loss: 0.00493, EPS: 0.856
Epoch: 16, Train Loss: 0.00303, Valid Loss: 0.00494, EPS: 0.847
Epoch: 17, Train Loss: 0.00299, Valid Loss: 0.00495, EPS: 0.8380000000000001
Epoch: 18, Train Loss: 0.00298, Valid Loss: 0.00489, EPS: 0.8290000000000001
Epoch: 19, Train Loss: 0.00298, Valid Loss: 0.00495, EPS: 0.8200000000000001
Epoch: 20, Train Loss: 0.00293, Valid Loss: 0.00492, EPS: 0.811
Epoch: 21, Train Loss: 0.00292, Valid Loss: 0.00490, EPS: 0.802
Epoch: 22, Train Loss: 0.00293, Valid Loss: 0.00497, EPS: 0.793
Epoch: 23, Train Loss: 0.00292, Valid Loss: 0.00482, EPS: 0.784
Epoch: 24, Train Loss: 0.00287, Valid Loss: 0.00485, EPS: 0.775
Epoch: 25, Train Loss: 0.00286, Valid Loss: 0.00486, EPS: 0.766
Epoch: 26, Train Loss: 0.00284, Valid Loss: 0.00493, EPS: 0.757
Epoch: 27, Train Loss: 0.00281, Valid Loss: 0.00480, EPS: 0.748
Epoch: 28, Train Loss: 0.00280, Valid Loss: 0.00484, EPS: 0.739
Epoch: 29, Train Loss: 0.00276, Valid Loss: 0.00484, EPS: 0.73
Epoch: 30, Train Loss: 0.00280, Valid Loss: 0.00485, EPS: 0.721
Epoch: 31, Train Loss: 0.00278, Valid Loss: 0.00486, EPS: 0.712
Epoch: 32, Train Loss: 0.00281, Valid Loss: 0.00495, EPS: 0.703
Epoch: 33, Train Loss: 0.00282, Valid Loss: 0.00480, EPS: 0.694
Epoch: 34, Train Loss: 0.00277, Valid Loss: 0.00482, EPS: 0.685
Epoch: 35, Train Loss: 0.00278, Valid Loss: 0.00480, EPS: 0.676
Epoch: 36, Train Loss: 0.00276, Valid Loss: 0.00481, EPS: 0.667
Epoch: 37, Train Loss: 0.00274, Valid Loss: 0.00486, EPS: 0.658
Epoch: 38, Train Loss: 0.00273, Valid Loss: 0.00484, EPS: 0.649
Epoch: 39, Train Loss: 0.00245, Valid Loss: 0.00468, EPS: 0.64
Epoch: 40, Train Loss: 0.00225, Valid Loss: 0.00456, EPS: 0.6310000000000001
Epoch: 41, Train Loss: 0.00213, Valid Loss: 0.00449, EPS: 0.6220000000000001
Epoch: 42, Train Loss: 0.00205, Valid Loss: 0.00448, EPS: 0.6130000000000001
Epoch: 43, Train Loss: 0.00199, Valid Loss: 0.00445, EPS: 0.6040000000000001
Epoch: 44, Train Loss: 0.00193, Valid Loss: 0.00446, EPS: 0.5950000000000001
Epoch: 45, Train Loss: 0.00190, Valid Loss: 0.00446, EPS: 0.5860000000000001
Epoch: 46, Train Loss: 0.00187, Valid Loss: 0.00445, EPS: 0.5770000000000001
Epoch: 47, Train Loss: 0.00185, Valid Loss: 0.00444, EPS: 0.5680000000000001
Epoch: 48, Train Loss: 0.00182, Valid Loss: 0.00443, EPS: 0.559
Epoch: 49, Train Loss: 0.00182, Valid Loss: 0.00445, EPS: 0.55
Epoch: 50, Train Loss: 0.00180, Valid Loss: 0.00442, EPS: 0.541
Epoch: 51, Train Loss: 0.00181, Valid Loss: 0.00445, EPS: 0.532
Epoch: 52, Train Loss: 0.00177, Valid Loss: 0.00446, EPS: 0.523
Epoch: 53, Train Loss: 0.00178, Valid Loss: 0.00444, EPS: 0.514
Epoch: 54, Train Loss: 0.00177, Valid Loss: 0.00446, EPS: 0.505
Epoch: 55, Train Loss: 0.00174, Valid Loss: 0.00445, EPS: 0.496
Epoch: 56, Train Loss: 0.00174, Valid Loss: 0.00447, EPS: 0.4870000000000001
Epoch: 57, Train Loss: 0.00174, Valid Loss: 0.00448, EPS: 0.4780000000000001
Epoch: 58, Train Loss: 0.00173, Valid Loss: 0.00445, EPS: 0.4690000000000001
Epoch: 59, Train Loss: 0.00172, Valid Loss: 0.00448, EPS: 0.4600000000000001
Epoch: 60, Train Loss: 0.00169, Valid Loss: 0.00449, EPS: 0.45100000000000007
Epoch: 61, Train Loss: 0.00168, Valid Loss: 0.00452, EPS: 0.44200000000000006
Epoch: 62, Train Loss: 0.00166, Valid Loss: 0.00450, EPS: 0.43300000000000005
Epoch: 63, Train Loss: 0.00166, Valid Loss: 0.00450, EPS: 0.42400000000000004
Epoch: 64, Train Loss: 0.00165, Valid Loss: 0.00450, EPS: 0.41500000000000004
Epoch: 65, Train Loss: 0.00163, Valid Loss: 0.00448, EPS: 0.406
Epoch: 66, Train Loss: 0.00164, Valid Loss: 0.00449, EPS: 0.397
Epoch: 67, Train Loss: 0.00164, Valid Loss: 0.00448, EPS: 0.388
Epoch: 68, Train Loss: 0.00163, Valid Loss: 0.00451, EPS: 0.3790000000000001
Epoch: 69, Train Loss: 0.00163, Valid Loss: 0.00451, EPS: 0.3700000000000001
Epoch: 70, Train Loss: 0.00162, Valid Loss: 0.00450, EPS: 0.3610000000000001
Epoch: 71, Train Loss: 0.00162, Valid Loss: 0.00447, EPS: 0.3520000000000001
Epoch: 72, Train Loss: 0.00163, Valid Loss: 0.00449, EPS: 0.343
Epoch: 73, Train Loss: 0.00161, Valid Loss: 0.00447, EPS: 0.334
Epoch: 74, Train Loss: 0.00162, Valid Loss: 0.00448, EPS: 0.325
Epoch: 75, Train Loss: 0.00162, Valid Loss: 0.00447, EPS: 0.316
Epoch: 76, Train Loss: 0.00162, Valid Loss: 0.00450, EPS: 0.307
Epoch: 77, Train Loss: 0.00163, Valid Loss: 0.00447, EPS: 0.298
Epoch: 78, Train Loss: 0.00160, Valid Loss: 0.00449, EPS: 0.289
Epoch: 79, Train Loss: 0.00162, Valid Loss: 0.00449, EPS: 0.27999999999999997
Epoch: 80, Train Loss: 0.00162, Valid Loss: 0.00450, EPS: 0.27099999999999996
Epoch: 81, Train Loss: 0.00162, Valid Loss: 0.00451, EPS: 0.26200000000000007
Epoch: 82, Train Loss: 0.00160, Valid Loss: 0.00450, EPS: 0.25300000000000006
Epoch: 83, Train Loss: 0.00160, Valid Loss: 0.00449, EPS: 0.24400000000000005
Epoch: 84, Train Loss: 0.00162, Valid Loss: 0.00447, EPS: 0.23500000000000004
Epoch: 85, Train Loss: 0.00160, Valid Loss: 0.00450, EPS: 0.22600000000000003
Epoch: 86, Train Loss: 0.00161, Valid Loss: 0.00446, EPS: 0.21700000000000003
Epoch: 87, Train Loss: 0.00161, Valid Loss: 0.00449, EPS: 0.20800000000000002
Epoch: 88, Train Loss: 0.00162, Valid Loss: 0.00449, EPS: 0.199
Epoch: 89, Train Loss: 0.00162, Valid Loss: 0.00449, EPS: 0.19
Epoch: 90, Train Loss: 0.00162, Valid Loss: 0.00449, EPS: 0.181
Epoch: 91, Train Loss: 0.00162, Valid Loss: 0.00450, EPS: 0.172
Epoch: 92, Train Loss: 0.00161, Valid Loss: 0.00448, EPS: 0.16299999999999998
Epoch: 93, Train Loss: 0.00162, Valid Loss: 0.00448, EPS: 0.15400000000000005
Epoch: 94, Train Loss: 0.00161, Valid Loss: 0.00450, EPS: 0.14500000000000005
Epoch: 95, Train Loss: 0.00161, Valid Loss: 0.00450, EPS: 0.13600000000000004
Epoch: 96, Train Loss: 0.00162, Valid Loss: 0.00450, EPS: 0.12700000000000003
Epoch: 97, Train Loss: 0.00162, Valid Loss: 0.00450, EPS: 0.11800000000000002
Epoch: 98, Train Loss: 0.00162, Valid Loss: 0.00451, EPS: 0.10900000000000001
Epoch: 99, Train Loss: 0.00161, Valid Loss: 0.00450, EPS: 0.1
Test Loss: 0.00447
Test Loss: 0.00452
Running context window: 5 with stride: 5 with seed: 123
Shape: (5, 144, 72)
Epoch: 0, Train Loss: 0.00989, Valid Loss: 0.00731, EPS: 0.991
Epoch: 1, Train Loss: 0.00673, Valid Loss: 0.00603, EPS: 0.982
Epoch: 2, Train Loss: 0.00563, Valid Loss: 0.00546, EPS: 0.973
Epoch: 3, Train Loss: 0.00517, Valid Loss: 0.00521, EPS: 0.964
Epoch: 4, Train Loss: 0.00497, Valid Loss: 0.00511, EPS: 0.955
Epoch: 5, Train Loss: 0.00494, Valid Loss: 0.00512, EPS: 0.946
Epoch: 6, Train Loss: 0.00491, Valid Loss: 0.00507, EPS: 0.9369999999999999
Epoch: 7, Train Loss: 0.00494, Valid Loss: 0.00507, EPS: 0.928
Epoch: 8, Train Loss: 0.00493, Valid Loss: 0.00506, EPS: 0.919
Epoch: 9, Train Loss: 0.00493, Valid Loss: 0.00502, EPS: 0.91
Epoch: 10, Train Loss: 0.00493, Valid Loss: 0.00504, EPS: 0.901
Epoch: 11, Train Loss: 0.00493, Valid Loss: 0.00506, EPS: 0.892
Epoch: 12, Train Loss: 0.00490, Valid Loss: 0.00502, EPS: 0.883
Epoch: 13, Train Loss: 0.00490, Valid Loss: 0.00496, EPS: 0.874
Epoch: 14, Train Loss: 0.00489, Valid Loss: 0.00500, EPS: 0.865
Epoch: 15, Train Loss: 0.00491, Valid Loss: 0.00505, EPS: 0.856
Epoch: 16, Train Loss: 0.00492, Valid Loss: 0.00501, EPS: 0.847
Epoch: 17, Train Loss: 0.00494, Valid Loss: 0.00505, EPS: 0.8380000000000001
Epoch: 18, Train Loss: 0.00492, Valid Loss: 0.00501, EPS: 0.8290000000000001
Epoch: 19, Train Loss: 0.00489, Valid Loss: 0.00505, EPS: 0.8200000000000001
Epoch: 20, Train Loss: 0.00488, Valid Loss: 0.00501, EPS: 0.811
Epoch: 21, Train Loss: 0.00488, Valid Loss: 0.00496, EPS: 0.802
Epoch: 22, Train Loss: 0.00486, Valid Loss: 0.00504, EPS: 0.793
Epoch: 23, Train Loss: 0.00490, Valid Loss: 0.00498, EPS: 0.784
Epoch: 24, Train Loss: 0.00492, Valid Loss: 0.00499, EPS: 0.775
Epoch: 25, Train Loss: 0.00453, Valid Loss: 0.00477, EPS: 0.766
Epoch: 26, Train Loss: 0.00432, Valid Loss: 0.00464, EPS: 0.757
Epoch: 27, Train Loss: 0.00414, Valid Loss: 0.00456, EPS: 0.748
Epoch: 28, Train Loss: 0.00403, Valid Loss: 0.00451, EPS: 0.739
Epoch: 29, Train Loss: 0.00398, Valid Loss: 0.00446, EPS: 0.73
Epoch: 30, Train Loss: 0.00396, Valid Loss: 0.00444, EPS: 0.721
Epoch: 31, Train Loss: 0.00393, Valid Loss: 0.00443, EPS: 0.712
Epoch: 32, Train Loss: 0.00392, Valid Loss: 0.00442, EPS: 0.703
Epoch: 33, Train Loss: 0.00392, Valid Loss: 0.00442, EPS: 0.694
Epoch: 34, Train Loss: 0.00393, Valid Loss: 0.00443, EPS: 0.685
Epoch: 35, Train Loss: 0.00389, Valid Loss: 0.00440, EPS: 0.676
Epoch: 36, Train Loss: 0.00390, Valid Loss: 0.00441, EPS: 0.667
Epoch: 37, Train Loss: 0.00387, Valid Loss: 0.00441, EPS: 0.658
Epoch: 38, Train Loss: 0.00387, Valid Loss: 0.00439, EPS: 0.649
Epoch: 39, Train Loss: 0.00387, Valid Loss: 0.00439, EPS: 0.64
Epoch: 40, Train Loss: 0.00386, Valid Loss: 0.00440, EPS: 0.6310000000000001
Epoch: 41, Train Loss: 0.00387, Valid Loss: 0.00439, EPS: 0.6220000000000001
Epoch: 42, Train Loss: 0.00387, Valid Loss: 0.00439, EPS: 0.6130000000000001
Epoch: 43, Train Loss: 0.00382, Valid Loss: 0.00441, EPS: 0.6040000000000001
Epoch: 44, Train Loss: 0.00386, Valid Loss: 0.00438, EPS: 0.5950000000000001
Epoch: 45, Train Loss: 0.00383, Valid Loss: 0.00439, EPS: 0.5860000000000001
Epoch: 46, Train Loss: 0.00385, Valid Loss: 0.00439, EPS: 0.5770000000000001
Epoch: 47, Train Loss: 0.00387, Valid Loss: 0.00438, EPS: 0.5680000000000001
Epoch: 48, Train Loss: 0.00384, Valid Loss: 0.00439, EPS: 0.559
Epoch: 49, Train Loss: 0.00383, Valid Loss: 0.00438, EPS: 0.55
Epoch: 50, Train Loss: 0.00385, Valid Loss: 0.00439, EPS: 0.541
Epoch: 51, Train Loss: 0.00381, Valid Loss: 0.00439, EPS: 0.532
Epoch: 52, Train Loss: 0.00384, Valid Loss: 0.00440, EPS: 0.523
Epoch: 53, Train Loss: 0.00382, Valid Loss: 0.00438, EPS: 0.514
Epoch: 54, Train Loss: 0.00382, Valid Loss: 0.00438, EPS: 0.505
Epoch: 55, Train Loss: 0.00382, Valid Loss: 0.00439, EPS: 0.496
Epoch: 56, Train Loss: 0.00381, Valid Loss: 0.00438, EPS: 0.4870000000000001
Epoch: 57, Train Loss: 0.00382, Valid Loss: 0.00438, EPS: 0.4780000000000001
Epoch: 58, Train Loss: 0.00380, Valid Loss: 0.00439, EPS: 0.4690000000000001
Epoch: 59, Train Loss: 0.00382, Valid Loss: 0.00438, EPS: 0.4600000000000001
Epoch: 60, Train Loss: 0.00382, Valid Loss: 0.00438, EPS: 0.45100000000000007
Epoch: 61, Train Loss: 0.00384, Valid Loss: 0.00437, EPS: 0.44200000000000006
Epoch: 62, Train Loss: 0.00383, Valid Loss: 0.00438, EPS: 0.43300000000000005
Epoch: 63, Train Loss: 0.00378, Valid Loss: 0.00439, EPS: 0.42400000000000004
Epoch: 64, Train Loss: 0.00379, Valid Loss: 0.00435, EPS: 0.41500000000000004
Epoch: 65, Train Loss: 0.00382, Valid Loss: 0.00438, EPS: 0.406
Epoch: 66, Train Loss: 0.00379, Valid Loss: 0.00438, EPS: 0.397
Epoch: 67, Train Loss: 0.00378, Valid Loss: 0.00437, EPS: 0.388
Epoch: 68, Train Loss: 0.00379, Valid Loss: 0.00436, EPS: 0.3790000000000001
Epoch: 69, Train Loss: 0.00380, Valid Loss: 0.00435, EPS: 0.3700000000000001
Epoch: 70, Train Loss: 0.00380, Valid Loss: 0.00439, EPS: 0.3610000000000001
Epoch: 71, Train Loss: 0.00381, Valid Loss: 0.00437, EPS: 0.3520000000000001
Epoch: 72, Train Loss: 0.00379, Valid Loss: 0.00438, EPS: 0.343
Epoch: 73, Train Loss: 0.00376, Valid Loss: 0.00435, EPS: 0.334
Epoch: 74, Train Loss: 0.00379, Valid Loss: 0.00439, EPS: 0.325
Epoch: 75, Train Loss: 0.00379, Valid Loss: 0.00437, EPS: 0.316
Epoch: 76, Train Loss: 0.00380, Valid Loss: 0.00439, EPS: 0.307
Epoch: 77, Train Loss: 0.00377, Valid Loss: 0.00437, EPS: 0.298
Epoch: 78, Train Loss: 0.00380, Valid Loss: 0.00436, EPS: 0.289
Epoch: 79, Train Loss: 0.00378, Valid Loss: 0.00436, EPS: 0.27999999999999997
Epoch: 80, Train Loss: 0.00377, Valid Loss: 0.00436, EPS: 0.27099999999999996
Epoch: 81, Train Loss: 0.00372, Valid Loss: 0.00434, EPS: 0.26200000000000007
Epoch: 82, Train Loss: 0.00369, Valid Loss: 0.00435, EPS: 0.25300000000000006
Epoch: 83, Train Loss: 0.00373, Valid Loss: 0.00433, EPS: 0.24400000000000005
Epoch: 84, Train Loss: 0.00369, Valid Loss: 0.00433, EPS: 0.23500000000000004
Epoch: 85, Train Loss: 0.00368, Valid Loss: 0.00432, EPS: 0.22600000000000003
Epoch: 86, Train Loss: 0.00367, Valid Loss: 0.00432, EPS: 0.21700000000000003
Epoch: 87, Train Loss: 0.00369, Valid Loss: 0.00431, EPS: 0.20800000000000002
Epoch: 88, Train Loss: 0.00368, Valid Loss: 0.00431, EPS: 0.199
Epoch: 89, Train Loss: 0.00368, Valid Loss: 0.00432, EPS: 0.19
Epoch: 90, Train Loss: 0.00364, Valid Loss: 0.00431, EPS: 0.181
Epoch: 91, Train Loss: 0.00366, Valid Loss: 0.00430, EPS: 0.172
Epoch: 92, Train Loss: 0.00362, Valid Loss: 0.00430, EPS: 0.16299999999999998
Epoch: 93, Train Loss: 0.00368, Valid Loss: 0.00430, EPS: 0.15400000000000005
Epoch: 94, Train Loss: 0.00365, Valid Loss: 0.00431, EPS: 0.14500000000000005
Epoch: 95, Train Loss: 0.00367, Valid Loss: 0.00430, EPS: 0.13600000000000004
Epoch: 96, Train Loss: 0.00363, Valid Loss: 0.00429, EPS: 0.12700000000000003
Epoch: 97, Train Loss: 0.00367, Valid Loss: 0.00431, EPS: 0.11800000000000002
Epoch: 98, Train Loss: 0.00364, Valid Loss: 0.00428, EPS: 0.10900000000000001
Epoch: 99, Train Loss: 0.00361, Valid Loss: 0.00431, EPS: 0.1
Test Loss: 0.00431
Test Loss: 0.00424
Running context window: 5 with stride: 10 with seed: 123
Shape: (5, 144, 72)
Epoch: 0, Train Loss: 0.01091, Valid Loss: 0.00832, EPS: 0.991
Epoch: 1, Train Loss: 0.00741, Valid Loss: 0.00708, EPS: 0.982
Epoch: 2, Train Loss: 0.00595, Valid Loss: 0.00620, EPS: 0.973
Epoch: 3, Train Loss: 0.00503, Valid Loss: 0.00573, EPS: 0.964
Epoch: 4, Train Loss: 0.00447, Valid Loss: 0.00544, EPS: 0.955
Epoch: 5, Train Loss: 0.00404, Valid Loss: 0.00529, EPS: 0.946
Epoch: 6, Train Loss: 0.00377, Valid Loss: 0.00515, EPS: 0.9369999999999999
Epoch: 7, Train Loss: 0.00355, Valid Loss: 0.00501, EPS: 0.928
Epoch: 8, Train Loss: 0.00342, Valid Loss: 0.00504, EPS: 0.919
Epoch: 9, Train Loss: 0.00330, Valid Loss: 0.00500, EPS: 0.91
Epoch: 10, Train Loss: 0.00321, Valid Loss: 0.00495, EPS: 0.901
Epoch: 11, Train Loss: 0.00314, Valid Loss: 0.00489, EPS: 0.892
Epoch: 12, Train Loss: 0.00307, Valid Loss: 0.00486, EPS: 0.883
Epoch: 13, Train Loss: 0.00303, Valid Loss: 0.00487, EPS: 0.874
Epoch: 14, Train Loss: 0.00299, Valid Loss: 0.00488, EPS: 0.865
Epoch: 15, Train Loss: 0.00302, Valid Loss: 0.00490, EPS: 0.856
Epoch: 16, Train Loss: 0.00299, Valid Loss: 0.00486, EPS: 0.847
Epoch: 17, Train Loss: 0.00295, Valid Loss: 0.00487, EPS: 0.8380000000000001
Epoch: 18, Train Loss: 0.00292, Valid Loss: 0.00483, EPS: 0.8290000000000001
Epoch: 19, Train Loss: 0.00293, Valid Loss: 0.00486, EPS: 0.8200000000000001
Epoch: 20, Train Loss: 0.00291, Valid Loss: 0.00486, EPS: 0.811
Epoch: 21, Train Loss: 0.00290, Valid Loss: 0.00488, EPS: 0.802
Epoch: 22, Train Loss: 0.00285, Valid Loss: 0.00486, EPS: 0.793
Epoch: 23, Train Loss: 0.00282, Valid Loss: 0.00484, EPS: 0.784
Epoch: 24, Train Loss: 0.00285, Valid Loss: 0.00487, EPS: 0.775
Epoch: 25, Train Loss: 0.00287, Valid Loss: 0.00494, EPS: 0.766
Epoch: 26, Train Loss: 0.00286, Valid Loss: 0.00486, EPS: 0.757
Epoch: 27, Train Loss: 0.00283, Valid Loss: 0.00493, EPS: 0.748
Epoch: 28, Train Loss: 0.00284, Valid Loss: 0.00481, EPS: 0.739
Epoch: 29, Train Loss: 0.00281, Valid Loss: 0.00482, EPS: 0.73
Epoch: 30, Train Loss: 0.00279, Valid Loss: 0.00485, EPS: 0.721
Epoch: 31, Train Loss: 0.00279, Valid Loss: 0.00490, EPS: 0.712
Epoch: 32, Train Loss: 0.00276, Valid Loss: 0.00483, EPS: 0.703
Epoch: 33, Train Loss: 0.00276, Valid Loss: 0.00484, EPS: 0.694
Epoch: 34, Train Loss: 0.00277, Valid Loss: 0.00484, EPS: 0.685
Epoch: 35, Train Loss: 0.00276, Valid Loss: 0.00478, EPS: 0.676
Epoch: 36, Train Loss: 0.00276, Valid Loss: 0.00481, EPS: 0.667
Epoch: 37, Train Loss: 0.00274, Valid Loss: 0.00480, EPS: 0.658
Epoch: 38, Train Loss: 0.00271, Valid Loss: 0.00482, EPS: 0.649
Epoch: 39, Train Loss: 0.00270, Valid Loss: 0.00481, EPS: 0.64
Epoch: 40, Train Loss: 0.00271, Valid Loss: 0.00487, EPS: 0.6310000000000001
Epoch: 41, Train Loss: 0.00272, Valid Loss: 0.00486, EPS: 0.6220000000000001
Epoch: 42, Train Loss: 0.00273, Valid Loss: 0.00489, EPS: 0.6130000000000001
Epoch: 43, Train Loss: 0.00274, Valid Loss: 0.00485, EPS: 0.6040000000000001
Epoch: 44, Train Loss: 0.00272, Valid Loss: 0.00484, EPS: 0.5950000000000001
Epoch: 45, Train Loss: 0.00269, Valid Loss: 0.00486, EPS: 0.5860000000000001
Epoch: 46, Train Loss: 0.00269, Valid Loss: 0.00493, EPS: 0.5770000000000001
Epoch: 47, Train Loss: 0.00246, Valid Loss: 0.00472, EPS: 0.5680000000000001
Epoch: 48, Train Loss: 0.00224, Valid Loss: 0.00460, EPS: 0.559
Epoch: 49, Train Loss: 0.00210, Valid Loss: 0.00452, EPS: 0.55
Epoch: 50, Train Loss: 0.00202, Valid Loss: 0.00451, EPS: 0.541
Epoch: 51, Train Loss: 0.00195, Valid Loss: 0.00448, EPS: 0.532
Epoch: 52, Train Loss: 0.00190, Valid Loss: 0.00448, EPS: 0.523
Epoch: 53, Train Loss: 0.00187, Valid Loss: 0.00447, EPS: 0.514
Epoch: 54, Train Loss: 0.00184, Valid Loss: 0.00447, EPS: 0.505
Epoch: 55, Train Loss: 0.00183, Valid Loss: 0.00448, EPS: 0.496
Epoch: 56, Train Loss: 0.00182, Valid Loss: 0.00447, EPS: 0.4870000000000001
Epoch: 57, Train Loss: 0.00181, Valid Loss: 0.00445, EPS: 0.4780000000000001
Epoch: 58, Train Loss: 0.00179, Valid Loss: 0.00450, EPS: 0.4690000000000001
Epoch: 59, Train Loss: 0.00177, Valid Loss: 0.00447, EPS: 0.4600000000000001
Epoch: 60, Train Loss: 0.00176, Valid Loss: 0.00446, EPS: 0.45100000000000007
Epoch: 61, Train Loss: 0.00175, Valid Loss: 0.00448, EPS: 0.44200000000000006
Epoch: 62, Train Loss: 0.00174, Valid Loss: 0.00446, EPS: 0.43300000000000005
Epoch: 63, Train Loss: 0.00173, Valid Loss: 0.00448, EPS: 0.42400000000000004
Epoch: 64, Train Loss: 0.00172, Valid Loss: 0.00448, EPS: 0.41500000000000004
Epoch: 65, Train Loss: 0.00171, Valid Loss: 0.00449, EPS: 0.406
Epoch: 66, Train Loss: 0.00171, Valid Loss: 0.00450, EPS: 0.397
Epoch: 67, Train Loss: 0.00169, Valid Loss: 0.00448, EPS: 0.388
Epoch: 68, Train Loss: 0.00168, Valid Loss: 0.00450, EPS: 0.3790000000000001
Epoch: 69, Train Loss: 0.00165, Valid Loss: 0.00452, EPS: 0.3700000000000001
Epoch: 70, Train Loss: 0.00164, Valid Loss: 0.00451, EPS: 0.3610000000000001
Epoch: 71, Train Loss: 0.00164, Valid Loss: 0.00452, EPS: 0.3520000000000001
Epoch: 72, Train Loss: 0.00164, Valid Loss: 0.00452, EPS: 0.343
Epoch: 73, Train Loss: 0.00164, Valid Loss: 0.00450, EPS: 0.334
Epoch: 74, Train Loss: 0.00163, Valid Loss: 0.00450, EPS: 0.325
Epoch: 75, Train Loss: 0.00163, Valid Loss: 0.00452, EPS: 0.316
Epoch: 76, Train Loss: 0.00162, Valid Loss: 0.00450, EPS: 0.307
Epoch: 77, Train Loss: 0.00161, Valid Loss: 0.00450, EPS: 0.298
Epoch: 78, Train Loss: 0.00162, Valid Loss: 0.00448, EPS: 0.289
Epoch: 79, Train Loss: 0.00161, Valid Loss: 0.00449, EPS: 0.27999999999999997
Epoch: 80, Train Loss: 0.00161, Valid Loss: 0.00449, EPS: 0.27099999999999996
Epoch: 81, Train Loss: 0.00161, Valid Loss: 0.00452, EPS: 0.26200000000000007
Epoch: 82, Train Loss: 0.00161, Valid Loss: 0.00454, EPS: 0.25300000000000006
Epoch: 83, Train Loss: 0.00161, Valid Loss: 0.00449, EPS: 0.24400000000000005
Epoch: 84, Train Loss: 0.00161, Valid Loss: 0.00451, EPS: 0.23500000000000004
Epoch: 85, Train Loss: 0.00161, Valid Loss: 0.00452, EPS: 0.22600000000000003
Epoch: 86, Train Loss: 0.00160, Valid Loss: 0.00451, EPS: 0.21700000000000003
Epoch: 87, Train Loss: 0.00162, Valid Loss: 0.00452, EPS: 0.20800000000000002
Epoch: 88, Train Loss: 0.00161, Valid Loss: 0.00453, EPS: 0.199
Epoch: 89, Train Loss: 0.00161, Valid Loss: 0.00452, EPS: 0.19
Epoch: 90, Train Loss: 0.00161, Valid Loss: 0.00450, EPS: 0.181
Epoch: 91, Train Loss: 0.00161, Valid Loss: 0.00450, EPS: 0.172
Epoch: 92, Train Loss: 0.00160, Valid Loss: 0.00451, EPS: 0.16299999999999998
Epoch: 93, Train Loss: 0.00160, Valid Loss: 0.00453, EPS: 0.15400000000000005
Epoch: 94, Train Loss: 0.00160, Valid Loss: 0.00450, EPS: 0.14500000000000005
Epoch: 95, Train Loss: 0.00161, Valid Loss: 0.00453, EPS: 0.13600000000000004
Epoch: 96, Train Loss: 0.00160, Valid Loss: 0.00453, EPS: 0.12700000000000003
Epoch: 97, Train Loss: 0.00161, Valid Loss: 0.00451, EPS: 0.11800000000000002
Epoch: 98, Train Loss: 0.00160, Valid Loss: 0.00455, EPS: 0.10900000000000001
Epoch: 99, Train Loss: 0.00161, Valid Loss: 0.00452, EPS: 0.1
Test Loss: 0.00452
Test Loss: 0.00455
