nohup: ignoring input
Train: torch.Size([14031, 5, 64, 32]), Valid: torch.Size([4677, 5, 64, 32]), Test: torch.Size([4678, 5, 64, 32])
Input shape: (C=5, H=144, W=72)
Epoch: 0, Con Train Loss 1: 4.85, Con Train Loss 2: 4.85, Train Cycle Loss: 0.02, Train Loss: 9.71, Con Valid Loss 1: 4.90, Con Valid Loss 2: 4.89, Valid Cycle Loss: 0.02, Validation Loss: 9.80, Learning Rate: 0.0001
Epoch: 1, Con Train Loss 1: 4.10, Con Train Loss 2: 4.10, Train Cycle Loss: 0.01, Train Loss: 8.21, Con Valid Loss 1: 4.54, Con Valid Loss 2: 4.54, Valid Cycle Loss: 0.01, Validation Loss: 9.09, Learning Rate: 0.0001
Epoch: 2, Con Train Loss 1: 3.68, Con Train Loss 2: 3.68, Train Cycle Loss: 0.01, Train Loss: 7.37, Con Valid Loss 1: 4.37, Con Valid Loss 2: 4.37, Valid Cycle Loss: 0.01, Validation Loss: 8.75, Learning Rate: 0.0001
Epoch: 3, Con Train Loss 1: 3.46, Con Train Loss 2: 3.47, Train Cycle Loss: 0.01, Train Loss: 6.94, Con Valid Loss 1: 4.27, Con Valid Loss 2: 4.25, Valid Cycle Loss: 0.01, Validation Loss: 8.53, Learning Rate: 0.0001
Epoch: 4, Con Train Loss 1: 3.33, Con Train Loss 2: 3.34, Train Cycle Loss: 0.01, Train Loss: 6.67, Con Valid Loss 1: 4.21, Con Valid Loss 2: 4.20, Valid Cycle Loss: 0.01, Validation Loss: 8.41, Learning Rate: 0.0001
Epoch: 5, Con Train Loss 1: 3.26, Con Train Loss 2: 3.26, Train Cycle Loss: 0.01, Train Loss: 6.52, Con Valid Loss 1: 4.15, Con Valid Loss 2: 4.17, Valid Cycle Loss: 0.01, Validation Loss: 8.33, Learning Rate: 0.0001
Epoch: 6, Con Train Loss 1: 3.19, Con Train Loss 2: 3.20, Train Cycle Loss: 0.00, Train Loss: 6.39, Con Valid Loss 1: 4.12, Con Valid Loss 2: 4.12, Valid Cycle Loss: 0.00, Validation Loss: 8.25, Learning Rate: 0.0001
Epoch: 7, Con Train Loss 1: 3.14, Con Train Loss 2: 3.15, Train Cycle Loss: 0.00, Train Loss: 6.29, Con Valid Loss 1: 4.10, Con Valid Loss 2: 4.10, Valid Cycle Loss: 0.00, Validation Loss: 8.21, Learning Rate: 0.0001
Epoch: 8, Con Train Loss 1: 3.10, Con Train Loss 2: 3.10, Train Cycle Loss: 0.00, Train Loss: 6.20, Con Valid Loss 1: 4.10, Con Valid Loss 2: 4.10, Valid Cycle Loss: 0.00, Validation Loss: 8.21, Learning Rate: 0.0001
Epoch: 9, Con Train Loss 1: 3.07, Con Train Loss 2: 3.08, Train Cycle Loss: 0.00, Train Loss: 6.15, Con Valid Loss 1: 4.06, Con Valid Loss 2: 4.08, Valid Cycle Loss: 0.00, Validation Loss: 8.14, Learning Rate: 0.0001
Epoch: 10, Con Train Loss 1: 3.05, Con Train Loss 2: 3.05, Train Cycle Loss: 0.00, Train Loss: 6.11, Con Valid Loss 1: 4.05, Con Valid Loss 2: 4.03, Valid Cycle Loss: 0.00, Validation Loss: 8.09, Learning Rate: 0.0001
Epoch: 11, Con Train Loss 1: 3.02, Con Train Loss 2: 3.03, Train Cycle Loss: 0.00, Train Loss: 6.05, Con Valid Loss 1: 4.03, Con Valid Loss 2: 4.03, Valid Cycle Loss: 0.00, Validation Loss: 8.07, Learning Rate: 0.0001
Epoch: 12, Con Train Loss 1: 3.00, Con Train Loss 2: 3.00, Train Cycle Loss: 0.00, Train Loss: 6.01, Con Valid Loss 1: 4.02, Con Valid Loss 2: 4.04, Valid Cycle Loss: 0.00, Validation Loss: 8.06, Learning Rate: 0.0001
Epoch: 13, Con Train Loss 1: 2.98, Con Train Loss 2: 2.99, Train Cycle Loss: 0.00, Train Loss: 5.98, Con Valid Loss 1: 4.01, Con Valid Loss 2: 4.01, Valid Cycle Loss: 0.00, Validation Loss: 8.03, Learning Rate: 0.0001
Epoch: 14, Con Train Loss 1: 2.97, Con Train Loss 2: 2.97, Train Cycle Loss: 0.00, Train Loss: 5.94, Con Valid Loss 1: 4.02, Con Valid Loss 2: 4.03, Valid Cycle Loss: 0.00, Validation Loss: 8.05, Learning Rate: 0.0001
Epoch: 15, Con Train Loss 1: 2.95, Con Train Loss 2: 2.96, Train Cycle Loss: 0.00, Train Loss: 5.92, Con Valid Loss 1: 4.01, Con Valid Loss 2: 4.01, Valid Cycle Loss: 0.00, Validation Loss: 8.03, Learning Rate: 0.0001
Epoch: 16, Con Train Loss 1: 2.95, Con Train Loss 2: 2.95, Train Cycle Loss: 0.00, Train Loss: 5.89, Con Valid Loss 1: 4.00, Con Valid Loss 2: 3.99, Valid Cycle Loss: 0.00, Validation Loss: 7.99, Learning Rate: 0.0001
Epoch: 17, Con Train Loss 1: 2.93, Con Train Loss 2: 2.94, Train Cycle Loss: 0.00, Train Loss: 5.87, Con Valid Loss 1: 3.99, Con Valid Loss 2: 3.98, Valid Cycle Loss: 0.00, Validation Loss: 7.97, Learning Rate: 0.0001
Epoch: 18, Con Train Loss 1: 2.92, Con Train Loss 2: 2.92, Train Cycle Loss: 0.00, Train Loss: 5.85, Con Valid Loss 1: 3.99, Con Valid Loss 2: 3.99, Valid Cycle Loss: 0.00, Validation Loss: 7.98, Learning Rate: 0.0001
Epoch: 19, Con Train Loss 1: 2.91, Con Train Loss 2: 2.91, Train Cycle Loss: 0.00, Train Loss: 5.82, Con Valid Loss 1: 4.01, Con Valid Loss 2: 4.00, Valid Cycle Loss: 0.00, Validation Loss: 8.01, Learning Rate: 0.0001
Epoch: 20, Con Train Loss 1: 2.90, Con Train Loss 2: 2.90, Train Cycle Loss: 0.00, Train Loss: 5.80, Con Valid Loss 1: 4.00, Con Valid Loss 2: 4.00, Valid Cycle Loss: 0.00, Validation Loss: 8.01, Learning Rate: 0.0001
Epoch: 21, Con Train Loss 1: 2.89, Con Train Loss 2: 2.89, Train Cycle Loss: 0.00, Train Loss: 5.78, Con Valid Loss 1: 4.00, Con Valid Loss 2: 3.98, Valid Cycle Loss: 0.00, Validation Loss: 7.99, Learning Rate: 0.0001
Epoch: 22, Con Train Loss 1: 2.88, Con Train Loss 2: 2.88, Train Cycle Loss: 0.00, Train Loss: 5.76, Con Valid Loss 1: 3.98, Con Valid Loss 2: 3.99, Valid Cycle Loss: 0.00, Validation Loss: 7.97, Learning Rate: 0.0001
Epoch: 23, Con Train Loss 1: 2.87, Con Train Loss 2: 2.87, Train Cycle Loss: 0.00, Train Loss: 5.75, Con Valid Loss 1: 3.99, Con Valid Loss 2: 3.97, Valid Cycle Loss: 0.00, Validation Loss: 7.97, Learning Rate: 0.0001
Epoch: 24, Con Train Loss 1: 2.86, Con Train Loss 2: 2.86, Train Cycle Loss: 0.00, Train Loss: 5.73, Con Valid Loss 1: 3.98, Con Valid Loss 2: 3.97, Valid Cycle Loss: 0.00, Validation Loss: 7.96, Learning Rate: 0.0001
Epoch: 25, Con Train Loss 1: 2.85, Con Train Loss 2: 2.85, Train Cycle Loss: 0.00, Train Loss: 5.71, Con Valid Loss 1: 4.01, Con Valid Loss 2: 4.01, Valid Cycle Loss: 0.00, Validation Loss: 8.02, Learning Rate: 0.0001
Epoch: 26, Con Train Loss 1: 2.85, Con Train Loss 2: 2.84, Train Cycle Loss: 0.00, Train Loss: 5.69, Con Valid Loss 1: 4.02, Con Valid Loss 2: 4.00, Valid Cycle Loss: 0.00, Validation Loss: 8.02, Learning Rate: 0.0001
Epoch: 27, Con Train Loss 1: 2.83, Con Train Loss 2: 2.83, Train Cycle Loss: 0.00, Train Loss: 5.67, Con Valid Loss 1: 4.01, Con Valid Loss 2: 4.01, Valid Cycle Loss: 0.00, Validation Loss: 8.03, Learning Rate: 0.0001
Epoch: 28, Con Train Loss 1: 2.83, Con Train Loss 2: 2.83, Train Cycle Loss: 0.00, Train Loss: 5.66, Con Valid Loss 1: 4.02, Con Valid Loss 2: 4.00, Valid Cycle Loss: 0.00, Validation Loss: 8.02, Learning Rate: 0.0001
Epoch: 29, Con Train Loss 1: 2.82, Con Train Loss 2: 2.82, Train Cycle Loss: 0.00, Train Loss: 5.64, Con Valid Loss 1: 4.03, Con Valid Loss 2: 4.00, Valid Cycle Loss: 0.00, Validation Loss: 8.03, Learning Rate: 0.0001
Epoch: 30, Con Train Loss 1: 2.81, Con Train Loss 2: 2.81, Train Cycle Loss: 0.00, Train Loss: 5.63, Con Valid Loss 1: 4.01, Con Valid Loss 2: 3.99, Valid Cycle Loss: 0.00, Validation Loss: 8.01, Learning Rate: 0.0001
Epoch: 31, Con Train Loss 1: 2.81, Con Train Loss 2: 2.80, Train Cycle Loss: 0.00, Train Loss: 5.61, Con Valid Loss 1: 4.03, Con Valid Loss 2: 4.01, Valid Cycle Loss: 0.00, Validation Loss: 8.04, Learning Rate: 0.0001
Epoch: 32, Con Train Loss 1: 2.79, Con Train Loss 2: 2.79, Train Cycle Loss: 0.00, Train Loss: 5.59, Con Valid Loss 1: 4.05, Con Valid Loss 2: 4.02, Valid Cycle Loss: 0.00, Validation Loss: 8.08, Learning Rate: 0.0001
Epoch: 33, Con Train Loss 1: 2.79, Con Train Loss 2: 2.78, Train Cycle Loss: 0.00, Train Loss: 5.57, Con Valid Loss 1: 4.05, Con Valid Loss 2: 4.02, Valid Cycle Loss: 0.00, Validation Loss: 8.08, Learning Rate: 0.0001
Epoch: 34, Con Train Loss 1: 2.78, Con Train Loss 2: 2.78, Train Cycle Loss: 0.00, Train Loss: 5.56, Con Valid Loss 1: 4.06, Con Valid Loss 2: 4.04, Valid Cycle Loss: 0.00, Validation Loss: 8.10, Learning Rate: 0.0001
Epoch: 35, Con Train Loss 1: 2.77, Con Train Loss 2: 2.77, Train Cycle Loss: 0.00, Train Loss: 5.55, Con Valid Loss 1: 4.06, Con Valid Loss 2: 4.03, Valid Cycle Loss: 0.00, Validation Loss: 8.09, Learning Rate: 0.0001
Epoch: 36, Con Train Loss 1: 2.75, Con Train Loss 2: 2.75, Train Cycle Loss: 0.00, Train Loss: 5.50, Con Valid Loss 1: 4.06, Con Valid Loss 2: 4.03, Valid Cycle Loss: 0.00, Validation Loss: 8.09, Learning Rate: 1e-05
Epoch: 37, Con Train Loss 1: 2.74, Con Train Loss 2: 2.74, Train Cycle Loss: 0.00, Train Loss: 5.48, Con Valid Loss 1: 4.06, Con Valid Loss 2: 4.03, Valid Cycle Loss: 0.00, Validation Loss: 8.09, Learning Rate: 1e-05
Epoch: 38, Con Train Loss 1: 2.73, Con Train Loss 2: 2.73, Train Cycle Loss: 0.00, Train Loss: 5.47, Con Valid Loss 1: 4.05, Con Valid Loss 2: 4.05, Valid Cycle Loss: 0.00, Validation Loss: 8.10, Learning Rate: 1e-05
Epoch: 39, Con Train Loss 1: 2.73, Con Train Loss 2: 2.73, Train Cycle Loss: 0.00, Train Loss: 5.46, Con Valid Loss 1: 4.07, Con Valid Loss 2: 4.03, Valid Cycle Loss: 0.00, Validation Loss: 8.11, Learning Rate: 1e-05
Epoch: 40, Con Train Loss 1: 2.73, Con Train Loss 2: 2.73, Train Cycle Loss: 0.00, Train Loss: 5.46, Con Valid Loss 1: 4.07, Con Valid Loss 2: 4.03, Valid Cycle Loss: 0.00, Validation Loss: 8.10, Learning Rate: 1e-05
Epoch: 41, Con Train Loss 1: 2.72, Con Train Loss 2: 2.72, Train Cycle Loss: 0.00, Train Loss: 5.45, Con Valid Loss 1: 4.06, Con Valid Loss 2: 4.04, Valid Cycle Loss: 0.00, Validation Loss: 8.10, Learning Rate: 1e-05
Epoch: 42, Con Train Loss 1: 2.72, Con Train Loss 2: 2.72, Train Cycle Loss: 0.00, Train Loss: 5.45, Con Valid Loss 1: 4.06, Con Valid Loss 2: 4.05, Valid Cycle Loss: 0.00, Validation Loss: 8.12, Learning Rate: 1e-05
Epoch: 43, Con Train Loss 1: 2.72, Con Train Loss 2: 2.72, Train Cycle Loss: 0.00, Train Loss: 5.45, Con Valid Loss 1: 4.07, Con Valid Loss 2: 4.04, Valid Cycle Loss: 0.00, Validation Loss: 8.12, Learning Rate: 1e-05
Epoch: 44, Con Train Loss 1: 2.72, Con Train Loss 2: 2.72, Train Cycle Loss: 0.00, Train Loss: 5.44, Con Valid Loss 1: 4.07, Con Valid Loss 2: 4.05, Valid Cycle Loss: 0.00, Validation Loss: 8.12, Learning Rate: 1e-05
Epoch: 45, Con Train Loss 1: 2.72, Con Train Loss 2: 2.72, Train Cycle Loss: 0.00, Train Loss: 5.44, Con Valid Loss 1: 4.07, Con Valid Loss 2: 4.04, Valid Cycle Loss: 0.00, Validation Loss: 8.11, Learning Rate: 1e-05
Epoch: 46, Con Train Loss 1: 2.71, Con Train Loss 2: 2.72, Train Cycle Loss: 0.00, Train Loss: 5.43, Con Valid Loss 1: 4.06, Con Valid Loss 2: 4.05, Valid Cycle Loss: 0.00, Validation Loss: 8.12, Learning Rate: 1e-05
Epoch: 47, Con Train Loss 1: 2.71, Con Train Loss 2: 2.71, Train Cycle Loss: 0.00, Train Loss: 5.43, Con Valid Loss 1: 4.07, Con Valid Loss 2: 4.05, Valid Cycle Loss: 0.00, Validation Loss: 8.13, Learning Rate: 1.0000000000000002e-06
Epoch: 48, Con Train Loss 1: 2.71, Con Train Loss 2: 2.71, Train Cycle Loss: 0.00, Train Loss: 5.43, Con Valid Loss 1: 4.09, Con Valid Loss 2: 4.06, Valid Cycle Loss: 0.00, Validation Loss: 8.15, Learning Rate: 1.0000000000000002e-06
Epoch: 49, Con Train Loss 1: 2.71, Con Train Loss 2: 2.71, Train Cycle Loss: 0.00, Train Loss: 5.43, Con Valid Loss 1: 4.08, Con Valid Loss 2: 4.06, Valid Cycle Loss: 0.00, Validation Loss: 8.14, Learning Rate: 1.0000000000000002e-06
Epoch: 50, Con Train Loss 1: 2.71, Con Train Loss 2: 2.71, Train Cycle Loss: 0.00, Train Loss: 5.42, Con Valid Loss 1: 4.09, Con Valid Loss 2: 4.06, Valid Cycle Loss: 0.00, Validation Loss: 8.15, Learning Rate: 1.0000000000000002e-06
Epoch: 51, Con Train Loss 1: 2.71, Con Train Loss 2: 2.71, Train Cycle Loss: 0.00, Train Loss: 5.42, Con Valid Loss 1: 4.07, Con Valid Loss 2: 4.04, Valid Cycle Loss: 0.00, Validation Loss: 8.11, Learning Rate: 1.0000000000000002e-06
Epoch: 52, Con Train Loss 1: 2.71, Con Train Loss 2: 2.71, Train Cycle Loss: 0.00, Train Loss: 5.42, Con Valid Loss 1: 4.08, Con Valid Loss 2: 4.06, Valid Cycle Loss: 0.00, Validation Loss: 8.15, Learning Rate: 1.0000000000000002e-06
Epoch: 53, Con Train Loss 1: 2.71, Con Train Loss 2: 2.71, Train Cycle Loss: 0.00, Train Loss: 5.42, Con Valid Loss 1: 4.08, Con Valid Loss 2: 4.05, Valid Cycle Loss: 0.00, Validation Loss: 8.14, Learning Rate: 1.0000000000000002e-06
Epoch: 54, Con Train Loss 1: 2.71, Con Train Loss 2: 2.71, Train Cycle Loss: 0.00, Train Loss: 5.42, Con Valid Loss 1: 4.08, Con Valid Loss 2: 4.05, Valid Cycle Loss: 0.00, Validation Loss: 8.13, Learning Rate: 1.0000000000000002e-06
Epoch: 55, Con Train Loss 1: 2.71, Con Train Loss 2: 2.71, Train Cycle Loss: 0.00, Train Loss: 5.42, Con Valid Loss 1: 4.08, Con Valid Loss 2: 4.05, Valid Cycle Loss: 0.00, Validation Loss: 8.14, Learning Rate: 1.0000000000000002e-06
Epoch: 56, Con Train Loss 1: 2.71, Con Train Loss 2: 2.71, Train Cycle Loss: 0.00, Train Loss: 5.42, Con Valid Loss 1: 4.07, Con Valid Loss 2: 4.05, Valid Cycle Loss: 0.00, Validation Loss: 8.13, Learning Rate: 1.0000000000000002e-06
Epoch: 57, Con Train Loss 1: 2.71, Con Train Loss 2: 2.71, Train Cycle Loss: 0.00, Train Loss: 5.41, Con Valid Loss 1: 4.09, Con Valid Loss 2: 4.06, Valid Cycle Loss: 0.00, Validation Loss: 8.15, Learning Rate: 1.0000000000000002e-06
Epoch: 58, Con Train Loss 1: 2.71, Con Train Loss 2: 2.71, Train Cycle Loss: 0.00, Train Loss: 5.42, Con Valid Loss 1: 4.08, Con Valid Loss 2: 4.06, Valid Cycle Loss: 0.00, Validation Loss: 8.14, Learning Rate: 1.0000000000000002e-07
Epoch: 59, Con Train Loss 1: 2.71, Con Train Loss 2: 2.70, Train Cycle Loss: 0.00, Train Loss: 5.41, Con Valid Loss 1: 4.07, Con Valid Loss 2: 4.05, Valid Cycle Loss: 0.00, Validation Loss: 8.12, Learning Rate: 1.0000000000000002e-07
Epoch: 60, Con Train Loss 1: 2.71, Con Train Loss 2: 2.71, Train Cycle Loss: 0.00, Train Loss: 5.42, Con Valid Loss 1: 4.08, Con Valid Loss 2: 4.06, Valid Cycle Loss: 0.00, Validation Loss: 8.14, Learning Rate: 1.0000000000000002e-07
Epoch: 61, Con Train Loss 1: 2.71, Con Train Loss 2: 2.71, Train Cycle Loss: 0.00, Train Loss: 5.42, Con Valid Loss 1: 4.07, Con Valid Loss 2: 4.05, Valid Cycle Loss: 0.00, Validation Loss: 8.13, Learning Rate: 1.0000000000000002e-07
Epoch: 62, Con Train Loss 1: 2.71, Con Train Loss 2: 2.71, Train Cycle Loss: 0.00, Train Loss: 5.41, Con Valid Loss 1: 4.08, Con Valid Loss 2: 4.05, Valid Cycle Loss: 0.00, Validation Loss: 8.14, Learning Rate: 1.0000000000000002e-07
Epoch: 63, Con Train Loss 1: 2.71, Con Train Loss 2: 2.70, Train Cycle Loss: 0.00, Train Loss: 5.42, Con Valid Loss 1: 4.08, Con Valid Loss 2: 4.07, Valid Cycle Loss: 0.00, Validation Loss: 8.15, Learning Rate: 1.0000000000000002e-07
Epoch: 64, Con Train Loss 1: 2.71, Con Train Loss 2: 2.71, Train Cycle Loss: 0.00, Train Loss: 5.42, Con Valid Loss 1: 4.08, Con Valid Loss 2: 4.07, Valid Cycle Loss: 0.00, Validation Loss: 8.15, Learning Rate: 1.0000000000000002e-07
Epoch: 65, Con Train Loss 1: 2.71, Con Train Loss 2: 2.71, Train Cycle Loss: 0.00, Train Loss: 5.42, Con Valid Loss 1: 4.09, Con Valid Loss 2: 4.06, Valid Cycle Loss: 0.00, Validation Loss: 8.15, Learning Rate: 1.0000000000000002e-07
Epoch: 66, Con Train Loss 1: 2.71, Con Train Loss 2: 2.71, Train Cycle Loss: 0.00, Train Loss: 5.42, Con Valid Loss 1: 4.09, Con Valid Loss 2: 4.06, Valid Cycle Loss: 0.00, Validation Loss: 8.15, Learning Rate: 1.0000000000000002e-07
Epoch: 67, Con Train Loss 1: 2.71, Con Train Loss 2: 2.71, Train Cycle Loss: 0.00, Train Loss: 5.42, Con Valid Loss 1: 4.09, Con Valid Loss 2: 4.06, Valid Cycle Loss: 0.00, Validation Loss: 8.16, Learning Rate: 1.0000000000000002e-07
Epoch: 68, Con Train Loss 1: 2.71, Con Train Loss 2: 2.71, Train Cycle Loss: 0.00, Train Loss: 5.42, Con Valid Loss 1: 4.08, Con Valid Loss 2: 4.07, Valid Cycle Loss: 0.00, Validation Loss: 8.16, Learning Rate: 1.0000000000000002e-07
Epoch: 69, Con Train Loss 1: 2.70, Con Train Loss 2: 2.71, Train Cycle Loss: 0.00, Train Loss: 5.41, Con Valid Loss 1: 4.08, Con Valid Loss 2: 4.07, Valid Cycle Loss: 0.00, Validation Loss: 8.15, Learning Rate: 1.0000000000000004e-08
Epoch: 70, Con Train Loss 1: 2.71, Con Train Loss 2: 2.71, Train Cycle Loss: 0.00, Train Loss: 5.41, Con Valid Loss 1: 4.09, Con Valid Loss 2: 4.04, Valid Cycle Loss: 0.00, Validation Loss: 8.13, Learning Rate: 1.0000000000000004e-08
Epoch: 71, Con Train Loss 1: 2.71, Con Train Loss 2: 2.71, Train Cycle Loss: 0.00, Train Loss: 5.42, Con Valid Loss 1: 4.07, Con Valid Loss 2: 4.04, Valid Cycle Loss: 0.00, Validation Loss: 8.12, Learning Rate: 1.0000000000000004e-08
Epoch: 72, Con Train Loss 1: 2.71, Con Train Loss 2: 2.71, Train Cycle Loss: 0.00, Train Loss: 5.41, Con Valid Loss 1: 4.09, Con Valid Loss 2: 4.07, Valid Cycle Loss: 0.00, Validation Loss: 8.16, Learning Rate: 1.0000000000000004e-08
Epoch: 73, Con Train Loss 1: 2.71, Con Train Loss 2: 2.71, Train Cycle Loss: 0.00, Train Loss: 5.42, Con Valid Loss 1: 4.09, Con Valid Loss 2: 4.06, Valid Cycle Loss: 0.00, Validation Loss: 8.16, Learning Rate: 1.0000000000000004e-08
Epoch: 74, Con Train Loss 1: 2.71, Con Train Loss 2: 2.71, Train Cycle Loss: 0.00, Train Loss: 5.42, Con Valid Loss 1: 4.09, Con Valid Loss 2: 4.06, Valid Cycle Loss: 0.00, Validation Loss: 8.15, Learning Rate: 1.0000000000000004e-08
Epoch: 75, Con Train Loss 1: 2.71, Con Train Loss 2: 2.71, Train Cycle Loss: 0.00, Train Loss: 5.42, Con Valid Loss 1: 4.08, Con Valid Loss 2: 4.03, Valid Cycle Loss: 0.00, Validation Loss: 8.12, Learning Rate: 1.0000000000000004e-08
Epoch: 76, Con Train Loss 1: 2.71, Con Train Loss 2: 2.71, Train Cycle Loss: 0.00, Train Loss: 5.42, Con Valid Loss 1: 4.08, Con Valid Loss 2: 4.06, Valid Cycle Loss: 0.00, Validation Loss: 8.14, Learning Rate: 1.0000000000000004e-08
Epoch: 77, Con Train Loss 1: 2.71, Con Train Loss 2: 2.71, Train Cycle Loss: 0.00, Train Loss: 5.42, Con Valid Loss 1: 4.09, Con Valid Loss 2: 4.06, Valid Cycle Loss: 0.00, Validation Loss: 8.16, Learning Rate: 1.0000000000000004e-08
Epoch: 78, Con Train Loss 1: 2.71, Con Train Loss 2: 2.71, Train Cycle Loss: 0.00, Train Loss: 5.42, Con Valid Loss 1: 4.07, Con Valid Loss 2: 4.05, Valid Cycle Loss: 0.00, Validation Loss: 8.13, Learning Rate: 1.0000000000000004e-08
Epoch: 79, Con Train Loss 1: 2.71, Con Train Loss 2: 2.71, Train Cycle Loss: 0.00, Train Loss: 5.42, Con Valid Loss 1: 4.08, Con Valid Loss 2: 4.05, Valid Cycle Loss: 0.00, Validation Loss: 8.14, Learning Rate: 1.0000000000000004e-08
Epoch: 80, Con Train Loss 1: 2.71, Con Train Loss 2: 2.71, Train Cycle Loss: 0.00, Train Loss: 5.42, Con Valid Loss 1: 4.08, Con Valid Loss 2: 4.06, Valid Cycle Loss: 0.00, Validation Loss: 8.14, Learning Rate: 1.0000000000000004e-08
Epoch: 81, Con Train Loss 1: 2.71, Con Train Loss 2: 2.71, Train Cycle Loss: 0.00, Train Loss: 5.42, Con Valid Loss 1: 4.08, Con Valid Loss 2: 4.06, Valid Cycle Loss: 0.00, Validation Loss: 8.14, Learning Rate: 1.0000000000000004e-08
Epoch: 82, Con Train Loss 1: 2.71, Con Train Loss 2: 2.71, Train Cycle Loss: 0.00, Train Loss: 5.41, Con Valid Loss 1: 4.09, Con Valid Loss 2: 4.05, Valid Cycle Loss: 0.00, Validation Loss: 8.15, Learning Rate: 1.0000000000000004e-08
Epoch: 83, Con Train Loss 1: 2.71, Con Train Loss 2: 2.70, Train Cycle Loss: 0.00, Train Loss: 5.41, Con Valid Loss 1: 4.09, Con Valid Loss 2: 4.07, Valid Cycle Loss: 0.00, Validation Loss: 8.16, Learning Rate: 1.0000000000000004e-08
Epoch: 84, Con Train Loss 1: 2.71, Con Train Loss 2: 2.71, Train Cycle Loss: 0.00, Train Loss: 5.42, Con Valid Loss 1: 4.08, Con Valid Loss 2: 4.06, Valid Cycle Loss: 0.00, Validation Loss: 8.15, Learning Rate: 1.0000000000000004e-08
Epoch: 85, Con Train Loss 1: 2.71, Con Train Loss 2: 2.71, Train Cycle Loss: 0.00, Train Loss: 5.42, Con Valid Loss 1: 4.08, Con Valid Loss 2: 4.05, Valid Cycle Loss: 0.00, Validation Loss: 8.13, Learning Rate: 1.0000000000000004e-08
Epoch: 86, Con Train Loss 1: 2.71, Con Train Loss 2: 2.71, Train Cycle Loss: 0.00, Train Loss: 5.42, Con Valid Loss 1: 4.09, Con Valid Loss 2: 4.06, Valid Cycle Loss: 0.00, Validation Loss: 8.15, Learning Rate: 1.0000000000000004e-08
Epoch: 87, Con Train Loss 1: 2.71, Con Train Loss 2: 2.71, Train Cycle Loss: 0.00, Train Loss: 5.42, Con Valid Loss 1: 4.09, Con Valid Loss 2: 4.05, Valid Cycle Loss: 0.00, Validation Loss: 8.14, Learning Rate: 1.0000000000000004e-08
Epoch: 88, Con Train Loss 1: 2.71, Con Train Loss 2: 2.71, Train Cycle Loss: 0.00, Train Loss: 5.42, Con Valid Loss 1: 4.07, Con Valid Loss 2: 4.06, Valid Cycle Loss: 0.00, Validation Loss: 8.13, Learning Rate: 1.0000000000000004e-08
Epoch: 89, Con Train Loss 1: 2.71, Con Train Loss 2: 2.71, Train Cycle Loss: 0.00, Train Loss: 5.42, Con Valid Loss 1: 4.09, Con Valid Loss 2: 4.05, Valid Cycle Loss: 0.00, Validation Loss: 8.15, Learning Rate: 1.0000000000000004e-08
Epoch: 90, Con Train Loss 1: 2.71, Con Train Loss 2: 2.71, Train Cycle Loss: 0.00, Train Loss: 5.42, Con Valid Loss 1: 4.08, Con Valid Loss 2: 4.06, Valid Cycle Loss: 0.00, Validation Loss: 8.14, Learning Rate: 1.0000000000000004e-08
Epoch: 91, Con Train Loss 1: 2.71, Con Train Loss 2: 2.71, Train Cycle Loss: 0.00, Train Loss: 5.42, Con Valid Loss 1: 4.09, Con Valid Loss 2: 4.05, Valid Cycle Loss: 0.00, Validation Loss: 8.14, Learning Rate: 1.0000000000000004e-08
Epoch: 92, Con Train Loss 1: 2.71, Con Train Loss 2: 2.71, Train Cycle Loss: 0.00, Train Loss: 5.42, Con Valid Loss 1: 4.08, Con Valid Loss 2: 4.06, Valid Cycle Loss: 0.00, Validation Loss: 8.15, Learning Rate: 1.0000000000000004e-08
Epoch: 93, Con Train Loss 1: 2.71, Con Train Loss 2: 2.71, Train Cycle Loss: 0.00, Train Loss: 5.42, Con Valid Loss 1: 4.08, Con Valid Loss 2: 4.05, Valid Cycle Loss: 0.00, Validation Loss: 8.14, Learning Rate: 1.0000000000000004e-08
Epoch: 94, Con Train Loss 1: 2.71, Con Train Loss 2: 2.71, Train Cycle Loss: 0.00, Train Loss: 5.42, Con Valid Loss 1: 4.08, Con Valid Loss 2: 4.04, Valid Cycle Loss: 0.00, Validation Loss: 8.12, Learning Rate: 1.0000000000000004e-08
Epoch: 95, Con Train Loss 1: 2.71, Con Train Loss 2: 2.71, Train Cycle Loss: 0.00, Train Loss: 5.41, Con Valid Loss 1: 4.08, Con Valid Loss 2: 4.05, Valid Cycle Loss: 0.00, Validation Loss: 8.13, Learning Rate: 1.0000000000000004e-08
Epoch: 96, Con Train Loss 1: 2.71, Con Train Loss 2: 2.71, Train Cycle Loss: 0.00, Train Loss: 5.42, Con Valid Loss 1: 4.09, Con Valid Loss 2: 4.06, Valid Cycle Loss: 0.00, Validation Loss: 8.16, Learning Rate: 1.0000000000000004e-08
Epoch: 97, Con Train Loss 1: 2.71, Con Train Loss 2: 2.71, Train Cycle Loss: 0.00, Train Loss: 5.42, Con Valid Loss 1: 4.09, Con Valid Loss 2: 4.05, Valid Cycle Loss: 0.00, Validation Loss: 8.14, Learning Rate: 1.0000000000000004e-08
Epoch: 98, Con Train Loss 1: 2.71, Con Train Loss 2: 2.71, Train Cycle Loss: 0.00, Train Loss: 5.42, Con Valid Loss 1: 4.08, Con Valid Loss 2: 4.05, Valid Cycle Loss: 0.00, Validation Loss: 8.14, Learning Rate: 1.0000000000000004e-08
Epoch: 99, Con Train Loss 1: 2.71, Con Train Loss 2: 2.71, Train Cycle Loss: 0.00, Train Loss: 5.42, Con Valid Loss 1: 4.07, Con Valid Loss 2: 4.04, Valid Cycle Loss: 0.00, Validation Loss: 8.12, Learning Rate: 1.0000000000000004e-08
Fine Tuning Both
Epoch: 0, Alpha: 1.00
  Total Train Loss:        13.60
    Contrastive Train Loss: 13.60
    Overall Recon Train Loss: 4.04
    Recon Train Loss:       0.81
    Cycle Train Loss:       0.00
  Total Valid Loss:        13.51
    Contrastive Valid Loss: 13.51
    Overall Recon Valid Loss: 2.70
    Recon Valid Loss:       0.54
    Cycle Valid Loss:       0.00
Learning Rate: 0.0001
Epoch: 1, Alpha: 0.99
  Total Train Loss:        10.80
    Contrastive Train Loss: 10.88
    Overall Recon Train Loss: 2.70
    Recon Train Loss:       0.54
    Cycle Train Loss:       0.00
  Total Valid Loss:        12.53
    Contrastive Valid Loss: 12.63
    Overall Recon Valid Loss: 2.25
    Recon Valid Loss:       0.45
    Cycle Valid Loss:       0.00
Learning Rate: 0.0001
Epoch: 2, Alpha: 0.98
  Total Train Loss:        10.11
    Contrastive Train Loss: 10.27
    Overall Recon Train Loss: 2.40
    Recon Train Loss:       0.48
    Cycle Train Loss:       0.00
  Total Valid Loss:        12.04
    Contrastive Valid Loss: 12.24
    Overall Recon Valid Loss: 2.08
    Recon Valid Loss:       0.42
    Cycle Valid Loss:       0.00
Learning Rate: 0.0001
Epoch: 3, Alpha: 0.97
  Total Train Loss:        9.75
    Contrastive Train Loss: 9.98
    Overall Recon Train Loss: 2.27
    Recon Train Loss:       0.45
    Cycle Train Loss:       0.00
  Total Valid Loss:        11.83
    Contrastive Valid Loss: 12.13
    Overall Recon Valid Loss: 2.00
    Recon Valid Loss:       0.40
    Cycle Valid Loss:       0.00
Learning Rate: 0.0001
Epoch: 4, Alpha: 0.96
  Total Train Loss:        9.52
    Contrastive Train Loss: 9.82
    Overall Recon Train Loss: 2.19
    Recon Train Loss:       0.44
    Cycle Train Loss:       0.00
  Total Valid Loss:        11.64
    Contrastive Valid Loss: 12.03
    Overall Recon Valid Loss: 1.95
    Recon Valid Loss:       0.39
    Cycle Valid Loss:       0.00
Learning Rate: 0.0001
Epoch: 5, Alpha: 0.95
  Total Train Loss:        9.33
    Contrastive Train Loss: 9.70
    Overall Recon Train Loss: 2.14
    Recon Train Loss:       0.43
    Cycle Train Loss:       0.00
  Total Valid Loss:        11.45
    Contrastive Valid Loss: 11.94
    Overall Recon Valid Loss: 1.90
    Recon Valid Loss:       0.38
    Cycle Valid Loss:       0.00
Learning Rate: 0.0001
Epoch: 6, Alpha: 0.94
  Total Train Loss:        9.16
    Contrastive Train Loss: 9.60
    Overall Recon Train Loss: 2.10
    Recon Train Loss:       0.42
    Cycle Train Loss:       0.00
  Total Valid Loss:        11.41
    Contrastive Valid Loss: 11.99
    Overall Recon Valid Loss: 1.91
    Recon Valid Loss:       0.38
    Cycle Valid Loss:       0.00
Learning Rate: 0.0001
Epoch: 7, Alpha: 0.93
  Total Train Loss:        9.01
    Contrastive Train Loss: 9.52
    Overall Recon Train Loss: 2.06
    Recon Train Loss:       0.41
    Cycle Train Loss:       0.00
  Total Valid Loss:        11.20
    Contrastive Valid Loss: 11.87
    Overall Recon Valid Loss: 1.87
    Recon Valid Loss:       0.37
    Cycle Valid Loss:       0.00
Learning Rate: 0.0001
Epoch: 8, Alpha: 0.92
  Total Train Loss:        8.87
    Contrastive Train Loss: 9.44
    Overall Recon Train Loss: 2.03
    Recon Train Loss:       0.41
    Cycle Train Loss:       0.00
  Total Valid Loss:        11.10
    Contrastive Valid Loss: 11.88
    Overall Recon Valid Loss: 1.84
    Recon Valid Loss:       0.37
    Cycle Valid Loss:       0.00
Learning Rate: 0.0001
Epoch: 9, Alpha: 0.91
  Total Train Loss:        8.74
    Contrastive Train Loss: 9.38
    Overall Recon Train Loss: 2.01
    Recon Train Loss:       0.40
    Cycle Train Loss:       0.00
  Total Valid Loss:        10.99
    Contrastive Valid Loss: 11.85
    Overall Recon Valid Loss: 1.83
    Recon Valid Loss:       0.37
    Cycle Valid Loss:       0.00
Learning Rate: 0.0001
Epoch: 10, Alpha: 0.90
  Total Train Loss:        8.62
    Contrastive Train Loss: 9.32
    Overall Recon Train Loss: 1.98
    Recon Train Loss:       0.40
    Cycle Train Loss:       0.00
  Total Valid Loss:        10.88
    Contrastive Valid Loss: 11.83
    Overall Recon Valid Loss: 1.82
    Recon Valid Loss:       0.36
    Cycle Valid Loss:       0.00
Learning Rate: 0.0001
Epoch: 11, Alpha: 0.90
  Total Train Loss:        8.51
    Contrastive Train Loss: 9.27
    Overall Recon Train Loss: 1.96
    Recon Train Loss:       0.39
    Cycle Train Loss:       0.00
  Total Valid Loss:        10.71
    Contrastive Valid Loss: 11.75
    Overall Recon Valid Loss: 1.80
    Recon Valid Loss:       0.36
    Cycle Valid Loss:       0.00
Learning Rate: 0.0001
Epoch: 12, Alpha: 0.89
  Total Train Loss:        8.40
    Contrastive Train Loss: 9.23
    Overall Recon Train Loss: 1.95
    Recon Train Loss:       0.39
    Cycle Train Loss:       0.00
  Total Valid Loss:        10.63
    Contrastive Valid Loss: 11.76
    Overall Recon Valid Loss: 1.78
    Recon Valid Loss:       0.36
    Cycle Valid Loss:       0.00
Learning Rate: 0.0001
Epoch: 13, Alpha: 0.88
  Total Train Loss:        8.30
    Contrastive Train Loss: 9.18
    Overall Recon Train Loss: 1.93
    Recon Train Loss:       0.39
    Cycle Train Loss:       0.00
  Total Valid Loss:        10.52
    Contrastive Valid Loss: 11.74
    Overall Recon Valid Loss: 1.77
    Recon Valid Loss:       0.35
    Cycle Valid Loss:       0.00
Learning Rate: 0.0001
Epoch: 14, Alpha: 0.87
  Total Train Loss:        8.20
    Contrastive Train Loss: 9.14
    Overall Recon Train Loss: 1.92
    Recon Train Loss:       0.38
    Cycle Train Loss:       0.00
  Total Valid Loss:        10.39
    Contrastive Valid Loss: 11.69
    Overall Recon Valid Loss: 1.76
    Recon Valid Loss:       0.35
    Cycle Valid Loss:       0.00
Learning Rate: 0.0001
Epoch: 15, Alpha: 0.86
  Total Train Loss:        8.10
    Contrastive Train Loss: 9.11
    Overall Recon Train Loss: 1.90
    Recon Train Loss:       0.38
    Cycle Train Loss:       0.00
  Total Valid Loss:        10.28
    Contrastive Valid Loss: 11.66
    Overall Recon Valid Loss: 1.74
    Recon Valid Loss:       0.35
    Cycle Valid Loss:       0.00
Learning Rate: 0.0001
Epoch: 16, Alpha: 0.85
  Total Train Loss:        8.00
    Contrastive Train Loss: 9.07
    Overall Recon Train Loss: 1.88
    Recon Train Loss:       0.38
    Cycle Train Loss:       0.00
  Total Valid Loss:        10.19
    Contrastive Valid Loss: 11.66
    Overall Recon Valid Loss: 1.72
    Recon Valid Loss:       0.34
    Cycle Valid Loss:       0.00
Learning Rate: 0.0001
Epoch: 17, Alpha: 0.84
  Total Train Loss:        7.91
    Contrastive Train Loss: 9.03
    Overall Recon Train Loss: 1.87
    Recon Train Loss:       0.37
    Cycle Train Loss:       0.00
  Total Valid Loss:        10.08
    Contrastive Valid Loss: 11.63
    Overall Recon Valid Loss: 1.71
    Recon Valid Loss:       0.34
    Cycle Valid Loss:       0.00
Learning Rate: 0.0001
Epoch: 18, Alpha: 0.84
  Total Train Loss:        7.81
    Contrastive Train Loss: 8.99
    Overall Recon Train Loss: 1.86
    Recon Train Loss:       0.37
    Cycle Train Loss:       0.00
  Total Valid Loss:        10.00
    Contrastive Valid Loss: 11.64
    Overall Recon Valid Loss: 1.69
    Recon Valid Loss:       0.34
    Cycle Valid Loss:       0.00
Learning Rate: 0.0001
Epoch: 19, Alpha: 0.83
  Total Train Loss:        7.72
    Contrastive Train Loss: 8.95
    Overall Recon Train Loss: 1.84
    Recon Train Loss:       0.37
    Cycle Train Loss:       0.00
  Total Valid Loss:        9.88
    Contrastive Valid Loss: 11.60
    Overall Recon Valid Loss: 1.67
    Recon Valid Loss:       0.33
    Cycle Valid Loss:       0.00
Learning Rate: 0.0001
Epoch: 20, Alpha: 0.82
  Total Train Loss:        7.63
    Contrastive Train Loss: 8.91
    Overall Recon Train Loss: 1.83
    Recon Train Loss:       0.37
    Cycle Train Loss:       0.00
  Total Valid Loss:        9.76
    Contrastive Valid Loss: 11.55
    Overall Recon Valid Loss: 1.67
    Recon Valid Loss:       0.33
    Cycle Valid Loss:       0.00
Learning Rate: 0.0001
Epoch: 21, Alpha: 0.81
  Total Train Loss:        7.54
    Contrastive Train Loss: 8.88
    Overall Recon Train Loss: 1.81
    Recon Train Loss:       0.36
    Cycle Train Loss:       0.00
  Total Valid Loss:        9.65
    Contrastive Valid Loss: 11.52
    Overall Recon Valid Loss: 1.65
    Recon Valid Loss:       0.33
    Cycle Valid Loss:       0.00
Learning Rate: 0.0001
Epoch: 22, Alpha: 0.80
  Total Train Loss:        7.44
    Contrastive Train Loss: 8.83
    Overall Recon Train Loss: 1.79
    Recon Train Loss:       0.36
    Cycle Train Loss:       0.00
  Total Valid Loss:        9.55
    Contrastive Valid Loss: 11.50
    Overall Recon Valid Loss: 1.63
    Recon Valid Loss:       0.33
    Cycle Valid Loss:       0.00
Learning Rate: 0.0001
Epoch: 23, Alpha: 0.79
  Total Train Loss:        7.35
    Contrastive Train Loss: 8.79
    Overall Recon Train Loss: 1.77
    Recon Train Loss:       0.35
    Cycle Train Loss:       0.00
  Total Valid Loss:        9.46
    Contrastive Valid Loss: 11.49
    Overall Recon Valid Loss: 1.61
    Recon Valid Loss:       0.32
    Cycle Valid Loss:       0.00
Learning Rate: 0.0001
Epoch: 24, Alpha: 0.79
  Total Train Loss:        7.26
    Contrastive Train Loss: 8.75
    Overall Recon Train Loss: 1.76
    Recon Train Loss:       0.35
    Cycle Train Loss:       0.00
  Total Valid Loss:        9.35
    Contrastive Valid Loss: 11.45
    Overall Recon Valid Loss: 1.60
    Recon Valid Loss:       0.32
    Cycle Valid Loss:       0.00
Learning Rate: 0.0001
Epoch: 25, Alpha: 0.78
  Total Train Loss:        7.17
    Contrastive Train Loss: 8.72
    Overall Recon Train Loss: 1.74
    Recon Train Loss:       0.35
    Cycle Train Loss:       0.00
  Total Valid Loss:        9.26
    Contrastive Valid Loss: 11.44
    Overall Recon Valid Loss: 1.57
    Recon Valid Loss:       0.31
    Cycle Valid Loss:       0.01
Learning Rate: 0.0001
Epoch: 26, Alpha: 0.77
  Total Train Loss:        7.09
    Contrastive Train Loss: 8.68
    Overall Recon Train Loss: 1.73
    Recon Train Loss:       0.35
    Cycle Train Loss:       0.00
  Total Valid Loss:        9.17
    Contrastive Valid Loss: 11.43
    Overall Recon Valid Loss: 1.57
    Recon Valid Loss:       0.31
    Cycle Valid Loss:       0.01
Learning Rate: 0.0001
Epoch: 27, Alpha: 0.76
  Total Train Loss:        7.01
    Contrastive Train Loss: 8.65
    Overall Recon Train Loss: 1.72
    Recon Train Loss:       0.34
    Cycle Train Loss:       0.00
  Total Valid Loss:        9.10
    Contrastive Valid Loss: 11.43
    Overall Recon Valid Loss: 1.56
    Recon Valid Loss:       0.31
    Cycle Valid Loss:       0.01
Learning Rate: 0.0001
Epoch: 28, Alpha: 0.76
  Total Train Loss:        6.94
    Contrastive Train Loss: 8.63
    Overall Recon Train Loss: 1.70
    Recon Train Loss:       0.34
    Cycle Train Loss:       0.00
  Total Valid Loss:        8.96
    Contrastive Valid Loss: 11.36
    Overall Recon Valid Loss: 1.54
    Recon Valid Loss:       0.31
    Cycle Valid Loss:       0.01
Learning Rate: 0.0001
Epoch: 29, Alpha: 0.75
  Total Train Loss:        6.86
    Contrastive Train Loss: 8.60
    Overall Recon Train Loss: 1.69
    Recon Train Loss:       0.34
    Cycle Train Loss:       0.00
  Total Valid Loss:        8.93
    Contrastive Valid Loss: 11.42
    Overall Recon Valid Loss: 1.53
    Recon Valid Loss:       0.31
    Cycle Valid Loss:       0.01
Learning Rate: 0.0001
Epoch: 30, Alpha: 0.74
  Total Train Loss:        6.78
    Contrastive Train Loss: 8.56
    Overall Recon Train Loss: 1.68
    Recon Train Loss:       0.34
    Cycle Train Loss:       0.00
  Total Valid Loss:        8.81
    Contrastive Valid Loss: 11.37
    Overall Recon Valid Loss: 1.52
    Recon Valid Loss:       0.30
    Cycle Valid Loss:       0.01
Learning Rate: 0.0001
Epoch: 31, Alpha: 0.73
  Total Train Loss:        6.70
    Contrastive Train Loss: 8.53
    Overall Recon Train Loss: 1.66
    Recon Train Loss:       0.33
    Cycle Train Loss:       0.00
  Total Valid Loss:        8.73
    Contrastive Valid Loss: 11.36
    Overall Recon Valid Loss: 1.50
    Recon Valid Loss:       0.30
    Cycle Valid Loss:       0.01
Learning Rate: 0.0001
Epoch: 32, Alpha: 0.73
  Total Train Loss:        6.62
    Contrastive Train Loss: 8.50
    Overall Recon Train Loss: 1.65
    Recon Train Loss:       0.33
    Cycle Train Loss:       0.00
  Total Valid Loss:        8.62
    Contrastive Valid Loss: 11.31
    Overall Recon Valid Loss: 1.49
    Recon Valid Loss:       0.30
    Cycle Valid Loss:       0.01
Learning Rate: 0.0001
Epoch: 33, Alpha: 0.72
  Total Train Loss:        6.55
    Contrastive Train Loss: 8.47
    Overall Recon Train Loss: 1.64
    Recon Train Loss:       0.33
    Cycle Train Loss:       0.00
  Total Valid Loss:        8.56
    Contrastive Valid Loss: 11.32
    Overall Recon Valid Loss: 1.48
    Recon Valid Loss:       0.30
    Cycle Valid Loss:       0.01
Learning Rate: 0.0001
Epoch: 34, Alpha: 0.71
  Total Train Loss:        6.48
    Contrastive Train Loss: 8.45
    Overall Recon Train Loss: 1.63
    Recon Train Loss:       0.33
    Cycle Train Loss:       0.00
  Total Valid Loss:        8.45
    Contrastive Valid Loss: 11.28
    Overall Recon Valid Loss: 1.46
    Recon Valid Loss:       0.29
    Cycle Valid Loss:       0.01
Learning Rate: 0.0001
Epoch: 35, Alpha: 0.70
  Total Train Loss:        6.41
    Contrastive Train Loss: 8.42
    Overall Recon Train Loss: 1.62
    Recon Train Loss:       0.32
    Cycle Train Loss:       0.00
  Total Valid Loss:        8.37
    Contrastive Valid Loss: 11.27
    Overall Recon Valid Loss: 1.46
    Recon Valid Loss:       0.29
    Cycle Valid Loss:       0.01
Learning Rate: 0.0001
Epoch: 36, Alpha: 0.70
  Total Train Loss:        6.34
    Contrastive Train Loss: 8.39
    Overall Recon Train Loss: 1.61
    Recon Train Loss:       0.32
    Cycle Train Loss:       0.00
  Total Valid Loss:        8.30
    Contrastive Valid Loss: 11.28
    Overall Recon Valid Loss: 1.44
    Recon Valid Loss:       0.29
    Cycle Valid Loss:       0.01
Learning Rate: 0.0001
Epoch: 37, Alpha: 0.69
  Total Train Loss:        6.27
    Contrastive Train Loss: 8.36
    Overall Recon Train Loss: 1.59
    Recon Train Loss:       0.32
    Cycle Train Loss:       0.00
  Total Valid Loss:        8.22
    Contrastive Valid Loss: 11.26
    Overall Recon Valid Loss: 1.43
    Recon Valid Loss:       0.29
    Cycle Valid Loss:       0.01
Learning Rate: 0.0001
Epoch: 38, Alpha: 0.68
  Total Train Loss:        6.20
    Contrastive Train Loss: 8.34
    Overall Recon Train Loss: 1.58
    Recon Train Loss:       0.32
    Cycle Train Loss:       0.00
  Total Valid Loss:        8.14
    Contrastive Valid Loss: 11.24
    Overall Recon Valid Loss: 1.42
    Recon Valid Loss:       0.28
    Cycle Valid Loss:       0.01
Learning Rate: 0.0001
Epoch: 39, Alpha: 0.68
  Total Train Loss:        6.13
    Contrastive Train Loss: 8.30
    Overall Recon Train Loss: 1.57
    Recon Train Loss:       0.31
    Cycle Train Loss:       0.01
  Total Valid Loss:        8.05
    Contrastive Valid Loss: 11.22
    Overall Recon Valid Loss: 1.41
    Recon Valid Loss:       0.28
    Cycle Valid Loss:       0.01
Learning Rate: 0.0001
Epoch: 40, Alpha: 0.67
  Total Train Loss:        6.06
    Contrastive Train Loss: 8.28
    Overall Recon Train Loss: 1.56
    Recon Train Loss:       0.31
    Cycle Train Loss:       0.01
  Total Valid Loss:        7.95
    Contrastive Valid Loss: 11.18
    Overall Recon Valid Loss: 1.40
    Recon Valid Loss:       0.28
    Cycle Valid Loss:       0.01
Learning Rate: 0.0001
Epoch: 41, Alpha: 0.66
  Total Train Loss:        6.00
    Contrastive Train Loss: 8.26
    Overall Recon Train Loss: 1.55
    Recon Train Loss:       0.31
    Cycle Train Loss:       0.01
  Total Valid Loss:        7.90
    Contrastive Valid Loss: 11.21
    Overall Recon Valid Loss: 1.38
    Recon Valid Loss:       0.28
    Cycle Valid Loss:       0.01
Learning Rate: 0.0001
Epoch: 42, Alpha: 0.66
  Total Train Loss:        5.93
    Contrastive Train Loss: 8.23
    Overall Recon Train Loss: 1.54
    Recon Train Loss:       0.31
    Cycle Train Loss:       0.01
  Total Valid Loss:        7.82
    Contrastive Valid Loss: 11.19
    Overall Recon Valid Loss: 1.38
    Recon Valid Loss:       0.28
    Cycle Valid Loss:       0.01
Learning Rate: 0.0001
Epoch: 43, Alpha: 0.65
  Total Train Loss:        5.87
    Contrastive Train Loss: 8.20
    Overall Recon Train Loss: 1.52
    Recon Train Loss:       0.30
    Cycle Train Loss:       0.01
  Total Valid Loss:        7.74
    Contrastive Valid Loss: 11.17
    Overall Recon Valid Loss: 1.35
    Recon Valid Loss:       0.27
    Cycle Valid Loss:       0.01
Learning Rate: 0.0001
Epoch: 44, Alpha: 0.64
  Total Train Loss:        5.80
    Contrastive Train Loss: 8.17
    Overall Recon Train Loss: 1.51
    Recon Train Loss:       0.30
    Cycle Train Loss:       0.01
  Total Valid Loss:        7.65
    Contrastive Valid Loss: 11.13
    Overall Recon Valid Loss: 1.34
    Recon Valid Loss:       0.27
    Cycle Valid Loss:       0.01
Learning Rate: 0.0001
Epoch: 45, Alpha: 0.64
  Total Train Loss:        5.74
    Contrastive Train Loss: 8.16
    Overall Recon Train Loss: 1.50
    Recon Train Loss:       0.30
    Cycle Train Loss:       0.01
  Total Valid Loss:        7.57
    Contrastive Valid Loss: 11.11
    Overall Recon Valid Loss: 1.33
    Recon Valid Loss:       0.27
    Cycle Valid Loss:       0.01
Learning Rate: 0.0001
Epoch: 46, Alpha: 0.63
  Total Train Loss:        5.68
    Contrastive Train Loss: 8.13
    Overall Recon Train Loss: 1.49
    Recon Train Loss:       0.30
    Cycle Train Loss:       0.01
  Total Valid Loss:        7.51
    Contrastive Valid Loss: 11.12
    Overall Recon Valid Loss: 1.33
    Recon Valid Loss:       0.27
    Cycle Valid Loss:       0.01
Learning Rate: 0.0001
Epoch: 47, Alpha: 0.63
  Total Train Loss:        5.62
    Contrastive Train Loss: 8.11
    Overall Recon Train Loss: 1.48
    Recon Train Loss:       0.30
    Cycle Train Loss:       0.01
  Total Valid Loss:        7.45
    Contrastive Valid Loss: 11.12
    Overall Recon Valid Loss: 1.32
    Recon Valid Loss:       0.26
    Cycle Valid Loss:       0.01
Learning Rate: 0.0001
Epoch: 48, Alpha: 0.62
  Total Train Loss:        5.57
    Contrastive Train Loss: 8.09
    Overall Recon Train Loss: 1.47
    Recon Train Loss:       0.29
    Cycle Train Loss:       0.01
  Total Valid Loss:        7.39
    Contrastive Valid Loss: 11.13
    Overall Recon Valid Loss: 1.31
    Recon Valid Loss:       0.26
    Cycle Valid Loss:       0.01
Learning Rate: 0.0001
Epoch: 49, Alpha: 0.61
  Total Train Loss:        5.51
    Contrastive Train Loss: 8.06
    Overall Recon Train Loss: 1.46
    Recon Train Loss:       0.29
    Cycle Train Loss:       0.01
  Total Valid Loss:        7.31
    Contrastive Valid Loss: 11.11
    Overall Recon Valid Loss: 1.30
    Recon Valid Loss:       0.26
    Cycle Valid Loss:       0.01
Learning Rate: 0.0001
Epoch: 50, Alpha: 0.61
  Total Train Loss:        5.45
    Contrastive Train Loss: 8.04
    Overall Recon Train Loss: 1.45
    Recon Train Loss:       0.29
    Cycle Train Loss:       0.01
  Total Valid Loss:        7.23
    Contrastive Valid Loss: 11.08
    Overall Recon Valid Loss: 1.29
    Recon Valid Loss:       0.26
    Cycle Valid Loss:       0.01
Learning Rate: 0.0001
Epoch: 51, Alpha: 0.60
  Total Train Loss:        5.40
    Contrastive Train Loss: 8.03
    Overall Recon Train Loss: 1.45
    Recon Train Loss:       0.29
    Cycle Train Loss:       0.01
  Total Valid Loss:        7.18
    Contrastive Valid Loss: 11.10
    Overall Recon Valid Loss: 1.28
    Recon Valid Loss:       0.26
    Cycle Valid Loss:       0.01
Learning Rate: 0.0001
Epoch: 52, Alpha: 0.59
  Total Train Loss:        5.34
    Contrastive Train Loss: 8.01
    Overall Recon Train Loss: 1.44
    Recon Train Loss:       0.29
    Cycle Train Loss:       0.01
  Total Valid Loss:        7.10
    Contrastive Valid Loss: 11.07
    Overall Recon Valid Loss: 1.27
    Recon Valid Loss:       0.25
    Cycle Valid Loss:       0.01
Learning Rate: 0.0001
Epoch: 53, Alpha: 0.59
  Total Train Loss:        5.29
    Contrastive Train Loss: 7.99
    Overall Recon Train Loss: 1.43
    Recon Train Loss:       0.29
    Cycle Train Loss:       0.01
  Total Valid Loss:        7.03
    Contrastive Valid Loss: 11.06
    Overall Recon Valid Loss: 1.27
    Recon Valid Loss:       0.25
    Cycle Valid Loss:       0.01
Learning Rate: 0.0001
Epoch: 54, Alpha: 0.58
  Total Train Loss:        5.24
    Contrastive Train Loss: 7.97
    Overall Recon Train Loss: 1.42
    Recon Train Loss:       0.28
    Cycle Train Loss:       0.01
  Total Valid Loss:        6.99
    Contrastive Valid Loss: 11.10
    Overall Recon Valid Loss: 1.26
    Recon Valid Loss:       0.25
    Cycle Valid Loss:       0.01
Learning Rate: 0.0001
Epoch: 55, Alpha: 0.58
  Total Train Loss:        5.18
    Contrastive Train Loss: 7.95
    Overall Recon Train Loss: 1.41
    Recon Train Loss:       0.28
    Cycle Train Loss:       0.01
  Total Valid Loss:        6.90
    Contrastive Valid Loss: 11.06
    Overall Recon Valid Loss: 1.24
    Recon Valid Loss:       0.25
    Cycle Valid Loss:       0.01
Learning Rate: 0.0001
Epoch: 56, Alpha: 0.57
  Total Train Loss:        5.13
    Contrastive Train Loss: 7.93
    Overall Recon Train Loss: 1.40
    Recon Train Loss:       0.28
    Cycle Train Loss:       0.01
  Total Valid Loss:        6.84
    Contrastive Valid Loss: 11.05
    Overall Recon Valid Loss: 1.24
    Recon Valid Loss:       0.25
    Cycle Valid Loss:       0.01
Learning Rate: 0.0001
Epoch: 57, Alpha: 0.57
  Total Train Loss:        5.08
    Contrastive Train Loss: 7.91
    Overall Recon Train Loss: 1.39
    Recon Train Loss:       0.28
    Cycle Train Loss:       0.01
  Total Valid Loss:        6.77
    Contrastive Valid Loss: 11.03
    Overall Recon Valid Loss: 1.23
    Recon Valid Loss:       0.25
    Cycle Valid Loss:       0.01
Learning Rate: 0.0001
Epoch: 58, Alpha: 0.56
  Total Train Loss:        5.03
    Contrastive Train Loss: 7.89
    Overall Recon Train Loss: 1.38
    Recon Train Loss:       0.28
    Cycle Train Loss:       0.01
  Total Valid Loss:        6.68
    Contrastive Valid Loss: 10.98
    Overall Recon Valid Loss: 1.21
    Recon Valid Loss:       0.24
    Cycle Valid Loss:       0.01
Learning Rate: 0.0001
Epoch: 59, Alpha: 0.55
  Total Train Loss:        4.98
    Contrastive Train Loss: 7.87
    Overall Recon Train Loss: 1.37
    Recon Train Loss:       0.27
    Cycle Train Loss:       0.01
  Total Valid Loss:        6.66
    Contrastive Valid Loss: 11.03
    Overall Recon Valid Loss: 1.21
    Recon Valid Loss:       0.24
    Cycle Valid Loss:       0.01
Learning Rate: 0.0001
Epoch: 60, Alpha: 0.55
  Total Train Loss:        4.93
    Contrastive Train Loss: 7.85
    Overall Recon Train Loss: 1.37
    Recon Train Loss:       0.27
    Cycle Train Loss:       0.01
  Total Valid Loss:        6.57
    Contrastive Valid Loss: 10.98
    Overall Recon Valid Loss: 1.20
    Recon Valid Loss:       0.24
    Cycle Valid Loss:       0.01
Learning Rate: 0.0001
Epoch: 61, Alpha: 0.54
  Total Train Loss:        4.88
    Contrastive Train Loss: 7.84
    Overall Recon Train Loss: 1.36
    Recon Train Loss:       0.27
    Cycle Train Loss:       0.01
  Total Valid Loss:        6.52
    Contrastive Valid Loss: 11.00
    Overall Recon Valid Loss: 1.20
    Recon Valid Loss:       0.24
    Cycle Valid Loss:       0.01
Learning Rate: 0.0001
Epoch: 62, Alpha: 0.54
  Total Train Loss:        4.83
    Contrastive Train Loss: 7.82
    Overall Recon Train Loss: 1.35
    Recon Train Loss:       0.27
    Cycle Train Loss:       0.01
  Total Valid Loss:        6.43
    Contrastive Valid Loss: 10.95
    Overall Recon Valid Loss: 1.17
    Recon Valid Loss:       0.23
    Cycle Valid Loss:       0.01
Learning Rate: 0.0001
Epoch: 63, Alpha: 0.53
  Total Train Loss:        4.78
    Contrastive Train Loss: 7.80
    Overall Recon Train Loss: 1.34
    Recon Train Loss:       0.27
    Cycle Train Loss:       0.01
  Total Valid Loss:        6.39
    Contrastive Valid Loss: 10.97
    Overall Recon Valid Loss: 1.18
    Recon Valid Loss:       0.24
    Cycle Valid Loss:       0.01
Learning Rate: 0.0001
Epoch: 64, Alpha: 0.53
  Total Train Loss:        4.73
    Contrastive Train Loss: 7.78
    Overall Recon Train Loss: 1.33
    Recon Train Loss:       0.27
    Cycle Train Loss:       0.01
  Total Valid Loss:        6.32
    Contrastive Valid Loss: 10.95
    Overall Recon Valid Loss: 1.16
    Recon Valid Loss:       0.23
    Cycle Valid Loss:       0.01
Learning Rate: 0.0001
Epoch: 65, Alpha: 0.52
  Total Train Loss:        4.69
    Contrastive Train Loss: 7.77
    Overall Recon Train Loss: 1.32
    Recon Train Loss:       0.26
    Cycle Train Loss:       0.01
  Total Valid Loss:        6.26
    Contrastive Valid Loss: 10.92
    Overall Recon Valid Loss: 1.16
    Recon Valid Loss:       0.23
    Cycle Valid Loss:       0.01
Learning Rate: 0.0001
Epoch: 66, Alpha: 0.52
  Total Train Loss:        4.64
    Contrastive Train Loss: 7.75
    Overall Recon Train Loss: 1.32
    Recon Train Loss:       0.26
    Cycle Train Loss:       0.01
  Total Valid Loss:        6.21
    Contrastive Valid Loss: 10.93
    Overall Recon Valid Loss: 1.15
    Recon Valid Loss:       0.23
    Cycle Valid Loss:       0.01
Learning Rate: 0.0001
Epoch: 67, Alpha: 0.51
  Total Train Loss:        4.59
    Contrastive Train Loss: 7.73
    Overall Recon Train Loss: 1.31
    Recon Train Loss:       0.26
    Cycle Train Loss:       0.01
  Total Valid Loss:        6.15
    Contrastive Valid Loss: 10.93
    Overall Recon Valid Loss: 1.14
    Recon Valid Loss:       0.23
    Cycle Valid Loss:       0.01
Learning Rate: 0.0001
Epoch: 68, Alpha: 0.51
  Total Train Loss:        4.55
    Contrastive Train Loss: 7.71
    Overall Recon Train Loss: 1.30
    Recon Train Loss:       0.26
    Cycle Train Loss:       0.01
  Total Valid Loss:        6.11
    Contrastive Valid Loss: 10.94
    Overall Recon Valid Loss: 1.14
    Recon Valid Loss:       0.23
    Cycle Valid Loss:       0.01
Learning Rate: 0.0001
Epoch: 69, Alpha: 0.50
  Total Train Loss:        4.51
    Contrastive Train Loss: 7.70
    Overall Recon Train Loss: 1.30
    Recon Train Loss:       0.26
    Cycle Train Loss:       0.01
  Total Valid Loss:        6.03
    Contrastive Valid Loss: 10.90
    Overall Recon Valid Loss: 1.13
    Recon Valid Loss:       0.23
    Cycle Valid Loss:       0.01
Learning Rate: 0.0001
Epoch: 70, Alpha: 0.50
  Total Train Loss:        4.46
    Contrastive Train Loss: 7.68
    Overall Recon Train Loss: 1.29
    Recon Train Loss:       0.26
    Cycle Train Loss:       0.01
  Total Valid Loss:        5.97
    Contrastive Valid Loss: 10.89
    Overall Recon Valid Loss: 1.12
    Recon Valid Loss:       0.22
    Cycle Valid Loss:       0.01
Learning Rate: 0.0001
Epoch: 71, Alpha: 0.49
  Total Train Loss:        4.42
    Contrastive Train Loss: 7.67
    Overall Recon Train Loss: 1.28
    Recon Train Loss:       0.26
    Cycle Train Loss:       0.01
  Total Valid Loss:        5.93
    Contrastive Valid Loss: 10.92
    Overall Recon Valid Loss: 1.12
    Recon Valid Loss:       0.22
    Cycle Valid Loss:       0.01
Learning Rate: 0.0001
Epoch: 72, Alpha: 0.49
  Total Train Loss:        4.38
    Contrastive Train Loss: 7.65
    Overall Recon Train Loss: 1.28
    Recon Train Loss:       0.26
    Cycle Train Loss:       0.01
  Total Valid Loss:        5.89
    Contrastive Valid Loss: 10.93
    Overall Recon Valid Loss: 1.12
    Recon Valid Loss:       0.22
    Cycle Valid Loss:       0.01
Learning Rate: 0.0001
Epoch: 73, Alpha: 0.48
  Total Train Loss:        4.34
    Contrastive Train Loss: 7.64
    Overall Recon Train Loss: 1.27
    Recon Train Loss:       0.25
    Cycle Train Loss:       0.01
  Total Valid Loss:        5.83
    Contrastive Valid Loss: 10.92
    Overall Recon Valid Loss: 1.10
    Recon Valid Loss:       0.22
    Cycle Valid Loss:       0.01
Learning Rate: 0.0001
Epoch: 74, Alpha: 0.48
  Total Train Loss:        4.30
    Contrastive Train Loss: 7.62
    Overall Recon Train Loss: 1.26
    Recon Train Loss:       0.25
    Cycle Train Loss:       0.01
  Total Valid Loss:        5.78
    Contrastive Valid Loss: 10.91
    Overall Recon Valid Loss: 1.10
    Recon Valid Loss:       0.22
    Cycle Valid Loss:       0.01
Learning Rate: 0.0001
Epoch: 75, Alpha: 0.47
  Total Train Loss:        4.26
    Contrastive Train Loss: 7.61
    Overall Recon Train Loss: 1.26
    Recon Train Loss:       0.25
    Cycle Train Loss:       0.01
  Total Valid Loss:        5.73
    Contrastive Valid Loss: 10.91
    Overall Recon Valid Loss: 1.10
    Recon Valid Loss:       0.22
    Cycle Valid Loss:       0.01
Learning Rate: 0.0001
Epoch: 76, Alpha: 0.47
  Total Train Loss:        4.22
    Contrastive Train Loss: 7.59
    Overall Recon Train Loss: 1.25
    Recon Train Loss:       0.25
    Cycle Train Loss:       0.01
  Total Valid Loss:        5.67
    Contrastive Valid Loss: 10.88
    Overall Recon Valid Loss: 1.09
    Recon Valid Loss:       0.22
    Cycle Valid Loss:       0.01
Learning Rate: 0.0001
Epoch: 77, Alpha: 0.46
  Total Train Loss:        4.18
    Contrastive Train Loss: 7.58
    Overall Recon Train Loss: 1.24
    Recon Train Loss:       0.25
    Cycle Train Loss:       0.01
  Total Valid Loss:        5.63
    Contrastive Valid Loss: 10.91
    Overall Recon Valid Loss: 1.08
    Recon Valid Loss:       0.22
    Cycle Valid Loss:       0.01
Learning Rate: 0.0001
Epoch: 78, Alpha: 0.46
  Total Train Loss:        4.14
    Contrastive Train Loss: 7.57
    Overall Recon Train Loss: 1.24
    Recon Train Loss:       0.25
    Cycle Train Loss:       0.01
  Total Valid Loss:        5.57
    Contrastive Valid Loss: 10.89
    Overall Recon Valid Loss: 1.08
    Recon Valid Loss:       0.22
    Cycle Valid Loss:       0.01
Learning Rate: 0.0001
Epoch: 79, Alpha: 0.45
  Total Train Loss:        4.10
    Contrastive Train Loss: 7.55
    Overall Recon Train Loss: 1.23
    Recon Train Loss:       0.25
    Cycle Train Loss:       0.01
  Total Valid Loss:        5.50
    Contrastive Valid Loss: 10.83
    Overall Recon Valid Loss: 1.06
    Recon Valid Loss:       0.21
    Cycle Valid Loss:       0.01
Learning Rate: 0.0001
Epoch: 80, Alpha: 0.45
  Total Train Loss:        4.06
    Contrastive Train Loss: 7.54
    Overall Recon Train Loss: 1.22
    Recon Train Loss:       0.24
    Cycle Train Loss:       0.01
  Total Valid Loss:        5.46
    Contrastive Valid Loss: 10.86
    Overall Recon Valid Loss: 1.06
    Recon Valid Loss:       0.21
    Cycle Valid Loss:       0.01
Learning Rate: 0.0001
Epoch: 81, Alpha: 0.44
  Total Train Loss:        4.02
    Contrastive Train Loss: 7.52
    Overall Recon Train Loss: 1.22
    Recon Train Loss:       0.24
    Cycle Train Loss:       0.01
  Total Valid Loss:        5.41
    Contrastive Valid Loss: 10.85
    Overall Recon Valid Loss: 1.05
    Recon Valid Loss:       0.21
    Cycle Valid Loss:       0.01
Learning Rate: 0.0001
Epoch: 82, Alpha: 0.44
  Total Train Loss:        3.99
    Contrastive Train Loss: 7.51
    Overall Recon Train Loss: 1.21
    Recon Train Loss:       0.24
    Cycle Train Loss:       0.01
  Total Valid Loss:        5.38
    Contrastive Valid Loss: 10.88
    Overall Recon Valid Loss: 1.06
    Recon Valid Loss:       0.21
    Cycle Valid Loss:       0.01
Learning Rate: 0.0001
Epoch: 83, Alpha: 0.44
  Total Train Loss:        3.95
    Contrastive Train Loss: 7.50
    Overall Recon Train Loss: 1.20
    Recon Train Loss:       0.24
    Cycle Train Loss:       0.01
  Total Valid Loss:        5.32
    Contrastive Valid Loss: 10.85
    Overall Recon Valid Loss: 1.04
    Recon Valid Loss:       0.21
    Cycle Valid Loss:       0.01
Learning Rate: 0.0001
Epoch: 84, Alpha: 0.43
  Total Train Loss:        3.91
    Contrastive Train Loss: 7.48
    Overall Recon Train Loss: 1.20
    Recon Train Loss:       0.24
    Cycle Train Loss:       0.01
  Total Valid Loss:        5.26
    Contrastive Valid Loss: 10.82
    Overall Recon Valid Loss: 1.03
    Recon Valid Loss:       0.21
    Cycle Valid Loss:       0.01
Learning Rate: 0.0001
Epoch: 85, Alpha: 0.43
  Total Train Loss:        3.87
    Contrastive Train Loss: 7.47
    Overall Recon Train Loss: 1.19
    Recon Train Loss:       0.24
    Cycle Train Loss:       0.01
  Total Valid Loss:        5.21
    Contrastive Valid Loss: 10.82
    Overall Recon Valid Loss: 1.03
    Recon Valid Loss:       0.21
    Cycle Valid Loss:       0.01
Learning Rate: 0.0001
Epoch: 86, Alpha: 0.42
  Total Train Loss:        3.84
    Contrastive Train Loss: 7.46
    Overall Recon Train Loss: 1.19
    Recon Train Loss:       0.24
    Cycle Train Loss:       0.01
  Total Valid Loss:        5.16
    Contrastive Valid Loss: 10.80
    Overall Recon Valid Loss: 1.02
    Recon Valid Loss:       0.20
    Cycle Valid Loss:       0.01
Learning Rate: 0.0001
Epoch: 87, Alpha: 0.42
  Total Train Loss:        3.80
    Contrastive Train Loss: 7.44
    Overall Recon Train Loss: 1.18
    Recon Train Loss:       0.24
    Cycle Train Loss:       0.01
  Total Valid Loss:        5.12
    Contrastive Valid Loss: 10.80
    Overall Recon Valid Loss: 1.02
    Recon Valid Loss:       0.20
    Cycle Valid Loss:       0.01
Learning Rate: 0.0001
Epoch: 88, Alpha: 0.41
  Total Train Loss:        3.77
    Contrastive Train Loss: 7.43
    Overall Recon Train Loss: 1.17
    Recon Train Loss:       0.23
    Cycle Train Loss:       0.01
  Total Valid Loss:        5.08
    Contrastive Valid Loss: 10.83
    Overall Recon Valid Loss: 1.01
    Recon Valid Loss:       0.20
    Cycle Valid Loss:       0.01
Learning Rate: 0.0001
Epoch: 89, Alpha: 0.41
  Total Train Loss:        3.73
    Contrastive Train Loss: 7.42
    Overall Recon Train Loss: 1.17
    Recon Train Loss:       0.23
    Cycle Train Loss:       0.01
  Total Valid Loss:        5.03
    Contrastive Valid Loss: 10.80
    Overall Recon Valid Loss: 1.01
    Recon Valid Loss:       0.20
    Cycle Valid Loss:       0.01
Learning Rate: 0.0001
Epoch: 90, Alpha: 0.41
  Total Train Loss:        3.70
    Contrastive Train Loss: 7.41
    Overall Recon Train Loss: 1.16
    Recon Train Loss:       0.23
    Cycle Train Loss:       0.01
  Total Valid Loss:        4.98
    Contrastive Valid Loss: 10.80
    Overall Recon Valid Loss: 1.00
    Recon Valid Loss:       0.20
    Cycle Valid Loss:       0.01
Learning Rate: 0.0001
Epoch: 91, Alpha: 0.40
  Total Train Loss:        3.67
    Contrastive Train Loss: 7.40
    Overall Recon Train Loss: 1.15
    Recon Train Loss:       0.23
    Cycle Train Loss:       0.01
  Total Valid Loss:        4.95
    Contrastive Valid Loss: 10.81
    Overall Recon Valid Loss: 1.00
    Recon Valid Loss:       0.20
    Cycle Valid Loss:       0.01
Learning Rate: 0.0001
Epoch: 92, Alpha: 0.40
  Total Train Loss:        3.63
    Contrastive Train Loss: 7.38
    Overall Recon Train Loss: 1.15
    Recon Train Loss:       0.23
    Cycle Train Loss:       0.01
  Total Valid Loss:        4.91
    Contrastive Valid Loss: 10.81
    Overall Recon Valid Loss: 0.99
    Recon Valid Loss:       0.20
    Cycle Valid Loss:       0.01
Learning Rate: 0.0001
Epoch: 93, Alpha: 0.39
  Total Train Loss:        3.60
    Contrastive Train Loss: 7.37
    Overall Recon Train Loss: 1.14
    Recon Train Loss:       0.23
    Cycle Train Loss:       0.01
  Total Valid Loss:        4.87
    Contrastive Valid Loss: 10.82
    Overall Recon Valid Loss: 0.98
    Recon Valid Loss:       0.20
    Cycle Valid Loss:       0.01
Learning Rate: 0.0001
Epoch: 94, Alpha: 0.39
  Total Train Loss:        3.57
    Contrastive Train Loss: 7.36
    Overall Recon Train Loss: 1.14
    Recon Train Loss:       0.23
    Cycle Train Loss:       0.01
  Total Valid Loss:        4.80
    Contrastive Valid Loss: 10.76
    Overall Recon Valid Loss: 0.98
    Recon Valid Loss:       0.20
    Cycle Valid Loss:       0.01
Learning Rate: 0.0001
Epoch: 95, Alpha: 0.39
  Total Train Loss:        3.54
    Contrastive Train Loss: 7.35
    Overall Recon Train Loss: 1.13
    Recon Train Loss:       0.23
    Cycle Train Loss:       0.01
  Total Valid Loss:        4.76
    Contrastive Valid Loss: 10.76
    Overall Recon Valid Loss: 0.97
    Recon Valid Loss:       0.19
    Cycle Valid Loss:       0.01
Learning Rate: 0.0001
Epoch: 96, Alpha: 0.38
  Total Train Loss:        3.51
    Contrastive Train Loss: 7.34
    Overall Recon Train Loss: 1.13
    Recon Train Loss:       0.23
    Cycle Train Loss:       0.01
  Total Valid Loss:        4.73
    Contrastive Valid Loss: 10.78
    Overall Recon Valid Loss: 0.97
    Recon Valid Loss:       0.19
    Cycle Valid Loss:       0.01
Learning Rate: 0.0001
Epoch: 97, Alpha: 0.38
  Total Train Loss:        3.48
    Contrastive Train Loss: 7.33
    Overall Recon Train Loss: 1.12
    Recon Train Loss:       0.22
    Cycle Train Loss:       0.01
  Total Valid Loss:        4.68
    Contrastive Valid Loss: 10.77
    Overall Recon Valid Loss: 0.97
    Recon Valid Loss:       0.19
    Cycle Valid Loss:       0.01
Learning Rate: 0.0001
Epoch: 98, Alpha: 0.38
  Total Train Loss:        3.44
    Contrastive Train Loss: 7.31
    Overall Recon Train Loss: 1.12
    Recon Train Loss:       0.22
    Cycle Train Loss:       0.01
  Total Valid Loss:        4.65
    Contrastive Valid Loss: 10.78
    Overall Recon Valid Loss: 0.96
    Recon Valid Loss:       0.19
    Cycle Valid Loss:       0.01
Learning Rate: 0.0001
Epoch: 99, Alpha: 0.37
  Total Train Loss:        3.41
    Contrastive Train Loss: 7.30
    Overall Recon Train Loss: 1.11
    Recon Train Loss:       0.22
    Cycle Train Loss:       0.01
  Total Valid Loss:        4.61
    Contrastive Valid Loss: 10.80
    Overall Recon Valid Loss: 0.96
    Recon Valid Loss:       0.19
    Cycle Valid Loss:       0.01
Learning Rate: 0.0001
Epoch: 100, Alpha: 0.37
  Total Train Loss:        3.39
    Contrastive Train Loss: 7.30
    Overall Recon Train Loss: 1.11
    Recon Train Loss:       0.22
    Cycle Train Loss:       0.01
  Total Valid Loss:        4.57
    Contrastive Valid Loss: 10.78
    Overall Recon Valid Loss: 0.96
    Recon Valid Loss:       0.19
    Cycle Valid Loss:       0.01
Learning Rate: 0.0001
Epoch: 101, Alpha: 0.36
  Total Train Loss:        3.36
    Contrastive Train Loss: 7.29
    Overall Recon Train Loss: 1.11
    Recon Train Loss:       0.22
    Cycle Train Loss:       0.01
  Total Valid Loss:        4.52
    Contrastive Valid Loss: 10.74
    Overall Recon Valid Loss: 0.96
    Recon Valid Loss:       0.19
    Cycle Valid Loss:       0.01
Learning Rate: 0.0001
Epoch: 102, Alpha: 0.36
  Total Train Loss:        3.33
    Contrastive Train Loss: 7.27
    Overall Recon Train Loss: 1.10
    Recon Train Loss:       0.22
    Cycle Train Loss:       0.01
  Total Valid Loss:        4.48
    Contrastive Valid Loss: 10.74
    Overall Recon Valid Loss: 0.95
    Recon Valid Loss:       0.19
    Cycle Valid Loss:       0.01
Learning Rate: 0.0001
Epoch: 103, Alpha: 0.36
  Total Train Loss:        3.30
    Contrastive Train Loss: 7.26
    Overall Recon Train Loss: 1.09
    Recon Train Loss:       0.22
    Cycle Train Loss:       0.01
  Total Valid Loss:        4.44
    Contrastive Valid Loss: 10.75
    Overall Recon Valid Loss: 0.94
    Recon Valid Loss:       0.19
    Cycle Valid Loss:       0.01
Learning Rate: 0.0001
Epoch: 104, Alpha: 0.35
  Total Train Loss:        3.27
    Contrastive Train Loss: 7.25
    Overall Recon Train Loss: 1.09
    Recon Train Loss:       0.22
    Cycle Train Loss:       0.01
  Total Valid Loss:        4.41
    Contrastive Valid Loss: 10.75
    Overall Recon Valid Loss: 0.94
    Recon Valid Loss:       0.19
    Cycle Valid Loss:       0.01
Learning Rate: 0.0001
Epoch: 105, Alpha: 0.35
  Total Train Loss:        3.24
    Contrastive Train Loss: 7.24
    Overall Recon Train Loss: 1.09
    Recon Train Loss:       0.22
    Cycle Train Loss:       0.01
  Total Valid Loss:        4.37
    Contrastive Valid Loss: 10.75
    Overall Recon Valid Loss: 0.93
    Recon Valid Loss:       0.19
    Cycle Valid Loss:       0.01
Learning Rate: 0.0001
Epoch: 106, Alpha: 0.35
  Total Train Loss:        3.21
    Contrastive Train Loss: 7.23
    Overall Recon Train Loss: 1.08
    Recon Train Loss:       0.22
    Cycle Train Loss:       0.01
  Total Valid Loss:        4.31
    Contrastive Valid Loss: 10.72
    Overall Recon Valid Loss: 0.92
    Recon Valid Loss:       0.18
    Cycle Valid Loss:       0.01
Learning Rate: 0.0001
Epoch: 107, Alpha: 0.34
  Total Train Loss:        3.19
    Contrastive Train Loss: 7.23
    Overall Recon Train Loss: 1.08
    Recon Train Loss:       0.22
    Cycle Train Loss:       0.01
  Total Valid Loss:        4.30
    Contrastive Valid Loss: 10.77
    Overall Recon Valid Loss: 0.92
    Recon Valid Loss:       0.18
    Cycle Valid Loss:       0.01
Learning Rate: 0.0001
Epoch: 108, Alpha: 0.34
  Total Train Loss:        3.16
    Contrastive Train Loss: 7.22
    Overall Recon Train Loss: 1.07
    Recon Train Loss:       0.21
    Cycle Train Loss:       0.01
  Total Valid Loss:        4.26
    Contrastive Valid Loss: 10.76
    Overall Recon Valid Loss: 0.92
    Recon Valid Loss:       0.18
    Cycle Valid Loss:       0.01
Learning Rate: 0.0001
Epoch: 109, Alpha: 0.34
  Total Train Loss:        3.13
    Contrastive Train Loss: 7.21
    Overall Recon Train Loss: 1.07
    Recon Train Loss:       0.21
    Cycle Train Loss:       0.01
  Total Valid Loss:        4.21
    Contrastive Valid Loss: 10.72
    Overall Recon Valid Loss: 0.91
    Recon Valid Loss:       0.18
    Cycle Valid Loss:       0.01
Learning Rate: 0.0001
Epoch: 110, Alpha: 0.33
  Total Train Loss:        3.10
    Contrastive Train Loss: 7.19
    Overall Recon Train Loss: 1.06
    Recon Train Loss:       0.21
    Cycle Train Loss:       0.01
  Total Valid Loss:        4.19
    Contrastive Valid Loss: 10.76
    Overall Recon Valid Loss: 0.91
    Recon Valid Loss:       0.18
    Cycle Valid Loss:       0.01
Learning Rate: 0.0001
Epoch: 111, Alpha: 0.33
  Total Train Loss:        3.08
    Contrastive Train Loss: 7.19
    Overall Recon Train Loss: 1.06
    Recon Train Loss:       0.21
    Cycle Train Loss:       0.01
  Total Valid Loss:        4.14
    Contrastive Valid Loss: 10.74
    Overall Recon Valid Loss: 0.90
    Recon Valid Loss:       0.18
    Cycle Valid Loss:       0.01
Learning Rate: 0.0001
Epoch: 112, Alpha: 0.33
  Total Train Loss:        3.05
    Contrastive Train Loss: 7.18
    Overall Recon Train Loss: 1.05
    Recon Train Loss:       0.21
    Cycle Train Loss:       0.01
  Total Valid Loss:        4.10
    Contrastive Valid Loss: 10.71
    Overall Recon Valid Loss: 0.90
    Recon Valid Loss:       0.18
    Cycle Valid Loss:       0.01
Learning Rate: 0.0001
Epoch: 113, Alpha: 0.32
  Total Train Loss:        3.03
    Contrastive Train Loss: 7.17
    Overall Recon Train Loss: 1.05
    Recon Train Loss:       0.21
    Cycle Train Loss:       0.01
  Total Valid Loss:        4.07
    Contrastive Valid Loss: 10.73
    Overall Recon Valid Loss: 0.89
    Recon Valid Loss:       0.18
    Cycle Valid Loss:       0.01
Learning Rate: 0.0001
Epoch: 114, Alpha: 0.32
  Total Train Loss:        3.00
    Contrastive Train Loss: 7.16
    Overall Recon Train Loss: 1.05
    Recon Train Loss:       0.21
    Cycle Train Loss:       0.01
  Total Valid Loss:        4.04
    Contrastive Valid Loss: 10.74
    Overall Recon Valid Loss: 0.89
    Recon Valid Loss:       0.18
    Cycle Valid Loss:       0.01
Learning Rate: 0.0001
Epoch: 115, Alpha: 0.32
  Total Train Loss:        2.98
    Contrastive Train Loss: 7.15
    Overall Recon Train Loss: 1.04
    Recon Train Loss:       0.21
    Cycle Train Loss:       0.01
  Total Valid Loss:        4.00
    Contrastive Valid Loss: 10.69
    Overall Recon Valid Loss: 0.89
    Recon Valid Loss:       0.18
    Cycle Valid Loss:       0.01
Learning Rate: 0.0001
Epoch: 116, Alpha: 0.31
  Total Train Loss:        2.95
    Contrastive Train Loss: 7.14
    Overall Recon Train Loss: 1.04
    Recon Train Loss:       0.21
    Cycle Train Loss:       0.01
  Total Valid Loss:        3.96
    Contrastive Valid Loss: 10.71
    Overall Recon Valid Loss: 0.88
    Recon Valid Loss:       0.18
    Cycle Valid Loss:       0.01
Learning Rate: 0.0001
Epoch: 117, Alpha: 0.31
  Total Train Loss:        2.93
    Contrastive Train Loss: 7.14
    Overall Recon Train Loss: 1.04
    Recon Train Loss:       0.21
    Cycle Train Loss:       0.01
  Total Valid Loss:        3.93
    Contrastive Valid Loss: 10.71
    Overall Recon Valid Loss: 0.88
    Recon Valid Loss:       0.18
    Cycle Valid Loss:       0.01
Learning Rate: 0.0001
Epoch: 118, Alpha: 0.31
  Total Train Loss:        2.90
    Contrastive Train Loss: 7.13
    Overall Recon Train Loss: 1.03
    Recon Train Loss:       0.21
    Cycle Train Loss:       0.01
  Total Valid Loss:        3.90
    Contrastive Valid Loss: 10.70
    Overall Recon Valid Loss: 0.88
    Recon Valid Loss:       0.18
    Cycle Valid Loss:       0.01
Learning Rate: 0.0001
Epoch: 119, Alpha: 0.30
  Total Train Loss:        2.88
    Contrastive Train Loss: 7.12
    Overall Recon Train Loss: 1.03
    Recon Train Loss:       0.21
    Cycle Train Loss:       0.01
  Total Valid Loss:        3.86
    Contrastive Valid Loss: 10.69
    Overall Recon Valid Loss: 0.88
    Recon Valid Loss:       0.18
    Cycle Valid Loss:       0.01
Learning Rate: 0.0001
Epoch: 120, Alpha: 0.30
  Total Train Loss:        2.86
    Contrastive Train Loss: 7.11
    Overall Recon Train Loss: 1.03
    Recon Train Loss:       0.21
    Cycle Train Loss:       0.01
  Total Valid Loss:        3.83
    Contrastive Valid Loss: 10.69
    Overall Recon Valid Loss: 0.87
    Recon Valid Loss:       0.17
    Cycle Valid Loss:       0.01
Learning Rate: 0.0001
Epoch: 121, Alpha: 0.30
  Total Train Loss:        2.84
    Contrastive Train Loss: 7.10
    Overall Recon Train Loss: 1.02
    Recon Train Loss:       0.20
    Cycle Train Loss:       0.01
  Total Valid Loss:        3.82
    Contrastive Valid Loss: 10.73
    Overall Recon Valid Loss: 0.88
    Recon Valid Loss:       0.18
    Cycle Valid Loss:       0.01
Learning Rate: 0.0001
Epoch: 122, Alpha: 0.30
  Total Train Loss:        2.81
    Contrastive Train Loss: 7.10
    Overall Recon Train Loss: 1.02
    Recon Train Loss:       0.20
    Cycle Train Loss:       0.01
  Total Valid Loss:        3.78
    Contrastive Valid Loss: 10.73
    Overall Recon Valid Loss: 0.87
    Recon Valid Loss:       0.17
    Cycle Valid Loss:       0.01
Learning Rate: 0.0001
Epoch: 123, Alpha: 0.29
  Total Train Loss:        2.79
    Contrastive Train Loss: 7.09
    Overall Recon Train Loss: 1.02
    Recon Train Loss:       0.20
    Cycle Train Loss:       0.01
  Total Valid Loss:        3.77
    Contrastive Valid Loss: 10.76
    Overall Recon Valid Loss: 0.88
    Recon Valid Loss:       0.18
    Cycle Valid Loss:       0.01
Learning Rate: 0.0001
Epoch: 124, Alpha: 0.29
  Total Train Loss:        2.77
    Contrastive Train Loss: 7.08
    Overall Recon Train Loss: 1.01
    Recon Train Loss:       0.20
    Cycle Train Loss:       0.01
  Total Valid Loss:        3.72
    Contrastive Valid Loss: 10.72
    Overall Recon Valid Loss: 0.86
    Recon Valid Loss:       0.17
    Cycle Valid Loss:       0.01
Learning Rate: 0.0001
Epoch: 125, Alpha: 0.29
  Total Train Loss:        2.75
    Contrastive Train Loss: 7.08
    Overall Recon Train Loss: 1.01
    Recon Train Loss:       0.20
    Cycle Train Loss:       0.01
  Total Valid Loss:        3.68
    Contrastive Valid Loss: 10.70
    Overall Recon Valid Loss: 0.86
    Recon Valid Loss:       0.17
    Cycle Valid Loss:       0.01
Learning Rate: 0.0001
Epoch: 126, Alpha: 0.28
  Total Train Loss:        2.73
    Contrastive Train Loss: 7.07
    Overall Recon Train Loss: 1.01
    Recon Train Loss:       0.20
    Cycle Train Loss:       0.01
  Total Valid Loss:        3.66
    Contrastive Valid Loss: 10.72
    Overall Recon Valid Loss: 0.87
    Recon Valid Loss:       0.17
    Cycle Valid Loss:       0.01
Learning Rate: 0.0001
Epoch: 127, Alpha: 0.28
  Total Train Loss:        2.70
    Contrastive Train Loss: 7.06
    Overall Recon Train Loss: 1.00
    Recon Train Loss:       0.20
    Cycle Train Loss:       0.01
  Total Valid Loss:        3.62
    Contrastive Valid Loss: 10.71
    Overall Recon Valid Loss: 0.85
    Recon Valid Loss:       0.17
    Cycle Valid Loss:       0.01
Learning Rate: 0.0001
Epoch: 128, Alpha: 0.28
  Total Train Loss:        2.68
    Contrastive Train Loss: 7.05
    Overall Recon Train Loss: 1.00
    Recon Train Loss:       0.20
    Cycle Train Loss:       0.01
  Total Valid Loss:        3.59
    Contrastive Valid Loss: 10.71
    Overall Recon Valid Loss: 0.85
    Recon Valid Loss:       0.17
    Cycle Valid Loss:       0.01
Learning Rate: 0.0001
Epoch: 129, Alpha: 0.28
  Total Train Loss:        2.66
    Contrastive Train Loss: 7.04
    Overall Recon Train Loss: 1.00
    Recon Train Loss:       0.20
    Cycle Train Loss:       0.01
  Total Valid Loss:        3.55
    Contrastive Valid Loss: 10.69
    Overall Recon Valid Loss: 0.84
    Recon Valid Loss:       0.17
    Cycle Valid Loss:       0.01
Learning Rate: 0.0001
Epoch: 130, Alpha: 0.27
  Total Train Loss:        2.64
    Contrastive Train Loss: 7.04
    Overall Recon Train Loss: 0.99
    Recon Train Loss:       0.20
    Cycle Train Loss:       0.01
  Total Valid Loss:        3.53
    Contrastive Valid Loss: 10.69
    Overall Recon Valid Loss: 0.85
    Recon Valid Loss:       0.17
    Cycle Valid Loss:       0.01
Learning Rate: 0.0001
Epoch: 131, Alpha: 0.27
  Total Train Loss:        2.62
    Contrastive Train Loss: 7.03
    Overall Recon Train Loss: 0.99
    Recon Train Loss:       0.20
    Cycle Train Loss:       0.01
  Total Valid Loss:        3.52
    Contrastive Valid Loss: 10.73
    Overall Recon Valid Loss: 0.85
    Recon Valid Loss:       0.17
    Cycle Valid Loss:       0.01
Learning Rate: 0.0001
Epoch: 132, Alpha: 0.27
  Total Train Loss:        2.60
    Contrastive Train Loss: 7.03
    Overall Recon Train Loss: 0.99
    Recon Train Loss:       0.20
    Cycle Train Loss:       0.01
  Total Valid Loss:        3.47
    Contrastive Valid Loss: 10.69
    Overall Recon Valid Loss: 0.84
    Recon Valid Loss:       0.17
    Cycle Valid Loss:       0.01
Learning Rate: 0.0001
Epoch: 133, Alpha: 0.26
  Total Train Loss:        2.58
    Contrastive Train Loss: 7.01
    Overall Recon Train Loss: 0.98
    Recon Train Loss:       0.20
    Cycle Train Loss:       0.01
  Total Valid Loss:        3.44
    Contrastive Valid Loss: 10.69
    Overall Recon Valid Loss: 0.83
    Recon Valid Loss:       0.17
    Cycle Valid Loss:       0.01
Learning Rate: 0.0001
Epoch: 134, Alpha: 0.26
  Total Train Loss:        2.56
    Contrastive Train Loss: 7.02
    Overall Recon Train Loss: 0.98
    Recon Train Loss:       0.20
    Cycle Train Loss:       0.01
  Total Valid Loss:        3.42
    Contrastive Valid Loss: 10.70
    Overall Recon Valid Loss: 0.83
    Recon Valid Loss:       0.17
    Cycle Valid Loss:       0.01
Learning Rate: 0.0001
Epoch: 135, Alpha: 0.26
  Total Train Loss:        2.54
    Contrastive Train Loss: 7.01
    Overall Recon Train Loss: 0.98
    Recon Train Loss:       0.20
    Cycle Train Loss:       0.01
  Total Valid Loss:        3.39
    Contrastive Valid Loss: 10.67
    Overall Recon Valid Loss: 0.84
    Recon Valid Loss:       0.17
    Cycle Valid Loss:       0.01
Learning Rate: 0.0001
Epoch: 136, Alpha: 0.26
  Total Train Loss:        2.52
    Contrastive Train Loss: 7.01
    Overall Recon Train Loss: 0.98
    Recon Train Loss:       0.20
    Cycle Train Loss:       0.01
  Total Valid Loss:        3.36
    Contrastive Valid Loss: 10.70
    Overall Recon Valid Loss: 0.83
    Recon Valid Loss:       0.17
    Cycle Valid Loss:       0.01
Learning Rate: 0.0001
Epoch: 137, Alpha: 0.25
  Total Train Loss:        2.50
    Contrastive Train Loss: 6.99
    Overall Recon Train Loss: 0.97
    Recon Train Loss:       0.19
    Cycle Train Loss:       0.01
  Total Valid Loss:        3.33
    Contrastive Valid Loss: 10.68
    Overall Recon Valid Loss: 0.83
    Recon Valid Loss:       0.17
    Cycle Valid Loss:       0.01
Learning Rate: 0.0001
Epoch: 138, Alpha: 0.25
  Total Train Loss:        2.49
    Contrastive Train Loss: 6.99
    Overall Recon Train Loss: 0.97
    Recon Train Loss:       0.19
    Cycle Train Loss:       0.01
  Total Valid Loss:        3.30
    Contrastive Valid Loss: 10.67
    Overall Recon Valid Loss: 0.82
    Recon Valid Loss:       0.16
    Cycle Valid Loss:       0.01
Learning Rate: 0.0001
Epoch: 139, Alpha: 0.25
  Total Train Loss:        2.47
    Contrastive Train Loss: 6.99
    Overall Recon Train Loss: 0.97
    Recon Train Loss:       0.19
    Cycle Train Loss:       0.01
  Total Valid Loss:        3.28
    Contrastive Valid Loss: 10.67
    Overall Recon Valid Loss: 0.83
    Recon Valid Loss:       0.17
    Cycle Valid Loss:       0.01
Learning Rate: 0.0001
Epoch: 140, Alpha: 0.25
  Total Train Loss:        2.45
    Contrastive Train Loss: 6.98
    Overall Recon Train Loss: 0.97
    Recon Train Loss:       0.19
    Cycle Train Loss:       0.01
  Total Valid Loss:        3.26
    Contrastive Valid Loss: 10.71
    Overall Recon Valid Loss: 0.82
    Recon Valid Loss:       0.16
    Cycle Valid Loss:       0.01
Learning Rate: 0.0001
Epoch: 141, Alpha: 0.24
  Total Train Loss:        2.43
    Contrastive Train Loss: 6.97
    Overall Recon Train Loss: 0.96
    Recon Train Loss:       0.19
    Cycle Train Loss:       0.01
  Total Valid Loss:        3.23
    Contrastive Valid Loss: 10.71
    Overall Recon Valid Loss: 0.82
    Recon Valid Loss:       0.16
    Cycle Valid Loss:       0.01
Learning Rate: 0.0001
Epoch: 142, Alpha: 0.24
  Total Train Loss:        2.41
    Contrastive Train Loss: 6.97
    Overall Recon Train Loss: 0.96
    Recon Train Loss:       0.19
    Cycle Train Loss:       0.01
  Total Valid Loss:        3.21
    Contrastive Valid Loss: 10.70
    Overall Recon Valid Loss: 0.82
    Recon Valid Loss:       0.16
    Cycle Valid Loss:       0.01
Learning Rate: 0.0001
Epoch: 143, Alpha: 0.24
  Total Train Loss:        2.39
    Contrastive Train Loss: 6.96
    Overall Recon Train Loss: 0.96
    Recon Train Loss:       0.19
    Cycle Train Loss:       0.01
  Total Valid Loss:        3.19
    Contrastive Valid Loss: 10.70
    Overall Recon Valid Loss: 0.82
    Recon Valid Loss:       0.16
    Cycle Valid Loss:       0.01
Learning Rate: 0.0001
Epoch: 144, Alpha: 0.24
  Total Train Loss:        2.38
    Contrastive Train Loss: 6.96
    Overall Recon Train Loss: 0.96
    Recon Train Loss:       0.19
    Cycle Train Loss:       0.01
  Total Valid Loss:        3.16
    Contrastive Valid Loss: 10.72
    Overall Recon Valid Loss: 0.81
    Recon Valid Loss:       0.16
    Cycle Valid Loss:       0.01
Learning Rate: 0.0001
Epoch: 145, Alpha: 0.23
  Total Train Loss:        2.36
    Contrastive Train Loss: 6.95
    Overall Recon Train Loss: 0.95
    Recon Train Loss:       0.19
    Cycle Train Loss:       0.01
  Total Valid Loss:        3.12
    Contrastive Valid Loss: 10.67
    Overall Recon Valid Loss: 0.80
    Recon Valid Loss:       0.16
    Cycle Valid Loss:       0.01
Learning Rate: 0.0001
Epoch: 146, Alpha: 0.23
  Total Train Loss:        2.34
    Contrastive Train Loss: 6.94
    Overall Recon Train Loss: 0.95
    Recon Train Loss:       0.19
    Cycle Train Loss:       0.01
  Total Valid Loss:        3.10
    Contrastive Valid Loss: 10.67
    Overall Recon Valid Loss: 0.81
    Recon Valid Loss:       0.16
    Cycle Valid Loss:       0.01
Learning Rate: 0.0001
Epoch: 147, Alpha: 0.23
  Total Train Loss:        2.33
    Contrastive Train Loss: 6.94
    Overall Recon Train Loss: 0.95
    Recon Train Loss:       0.19
    Cycle Train Loss:       0.01
  Total Valid Loss:        3.07
    Contrastive Valid Loss: 10.66
    Overall Recon Valid Loss: 0.80
    Recon Valid Loss:       0.16
    Cycle Valid Loss:       0.01
Learning Rate: 0.0001
Epoch: 148, Alpha: 0.23
  Total Train Loss:        2.31
    Contrastive Train Loss: 6.93
    Overall Recon Train Loss: 0.95
    Recon Train Loss:       0.19
    Cycle Train Loss:       0.01
  Total Valid Loss:        3.06
    Contrastive Valid Loss: 10.71
    Overall Recon Valid Loss: 0.81
    Recon Valid Loss:       0.16
    Cycle Valid Loss:       0.01
Learning Rate: 0.0001
Epoch: 149, Alpha: 0.23
  Total Train Loss:        2.29
    Contrastive Train Loss: 6.93
    Overall Recon Train Loss: 0.94
    Recon Train Loss:       0.19
    Cycle Train Loss:       0.01
  Total Valid Loss:        3.03
    Contrastive Valid Loss: 10.68
    Overall Recon Valid Loss: 0.80
    Recon Valid Loss:       0.16
    Cycle Valid Loss:       0.01
Learning Rate: 0.0001
Epoch: 150, Alpha: 0.22
  Total Train Loss:        2.28
    Contrastive Train Loss: 6.92
    Overall Recon Train Loss: 0.94
    Recon Train Loss:       0.19
    Cycle Train Loss:       0.01
  Total Valid Loss:        3.01
    Contrastive Valid Loss: 10.69
    Overall Recon Valid Loss: 0.81
    Recon Valid Loss:       0.16
    Cycle Valid Loss:       0.01
Learning Rate: 0.0001
Epoch: 151, Alpha: 0.22
  Total Train Loss:        2.26
    Contrastive Train Loss: 6.92
    Overall Recon Train Loss: 0.94
    Recon Train Loss:       0.19
    Cycle Train Loss:       0.01
  Total Valid Loss:        2.98
    Contrastive Valid Loss: 10.67
    Overall Recon Valid Loss: 0.80
    Recon Valid Loss:       0.16
    Cycle Valid Loss:       0.01
Learning Rate: 0.0001
Epoch: 152, Alpha: 0.22
  Total Train Loss:        2.24
    Contrastive Train Loss: 6.91
    Overall Recon Train Loss: 0.94
    Recon Train Loss:       0.19
    Cycle Train Loss:       0.01
  Total Valid Loss:        2.96
    Contrastive Valid Loss: 10.69
    Overall Recon Valid Loss: 0.80
    Recon Valid Loss:       0.16
    Cycle Valid Loss:       0.01
Learning Rate: 0.0001
Epoch: 153, Alpha: 0.22
  Total Train Loss:        2.23
    Contrastive Train Loss: 6.91
    Overall Recon Train Loss: 0.94
    Recon Train Loss:       0.19
    Cycle Train Loss:       0.01
  Total Valid Loss:        2.95
    Contrastive Valid Loss: 10.73
    Overall Recon Valid Loss: 0.80
    Recon Valid Loss:       0.16
    Cycle Valid Loss:       0.01
Learning Rate: 0.0001
Epoch: 154, Alpha: 0.21
  Total Train Loss:        2.21
    Contrastive Train Loss: 6.90
    Overall Recon Train Loss: 0.93
    Recon Train Loss:       0.19
    Cycle Train Loss:       0.01
  Total Valid Loss:        2.91
    Contrastive Valid Loss: 10.67
    Overall Recon Valid Loss: 0.80
    Recon Valid Loss:       0.16
    Cycle Valid Loss:       0.01
Learning Rate: 0.0001
Epoch: 155, Alpha: 0.21
  Total Train Loss:        2.20
    Contrastive Train Loss: 6.90
    Overall Recon Train Loss: 0.93
    Recon Train Loss:       0.19
    Cycle Train Loss:       0.01
  Total Valid Loss:        2.90
    Contrastive Valid Loss: 10.69
    Overall Recon Valid Loss: 0.80
    Recon Valid Loss:       0.16
    Cycle Valid Loss:       0.01
Learning Rate: 0.0001
Epoch: 156, Alpha: 0.21
  Total Train Loss:        2.18
    Contrastive Train Loss: 6.90
    Overall Recon Train Loss: 0.93
    Recon Train Loss:       0.19
    Cycle Train Loss:       0.01
  Total Valid Loss:        2.87
    Contrastive Valid Loss: 10.68
    Overall Recon Valid Loss: 0.80
    Recon Valid Loss:       0.16
    Cycle Valid Loss:       0.01
Learning Rate: 0.0001
Epoch: 157, Alpha: 0.21
  Total Train Loss:        2.17
    Contrastive Train Loss: 6.89
    Overall Recon Train Loss: 0.93
    Recon Train Loss:       0.19
    Cycle Train Loss:       0.01
  Total Valid Loss:        2.86
    Contrastive Valid Loss: 10.73
    Overall Recon Valid Loss: 0.79
    Recon Valid Loss:       0.16
    Cycle Valid Loss:       0.01
Learning Rate: 0.0001
Epoch: 158, Alpha: 0.21
  Total Train Loss:        2.15
    Contrastive Train Loss: 6.89
    Overall Recon Train Loss: 0.93
    Recon Train Loss:       0.19
    Cycle Train Loss:       0.01
  Total Valid Loss:        2.84
    Contrastive Valid Loss: 10.73
    Overall Recon Valid Loss: 0.79
    Recon Valid Loss:       0.16
    Cycle Valid Loss:       0.01
Learning Rate: 0.0001
Epoch: 159, Alpha: 0.20
  Total Train Loss:        2.14
    Contrastive Train Loss: 6.88
    Overall Recon Train Loss: 0.92
    Recon Train Loss:       0.18
    Cycle Train Loss:       0.01
  Total Valid Loss:        2.81
    Contrastive Valid Loss: 10.70
    Overall Recon Valid Loss: 0.79
    Recon Valid Loss:       0.16
    Cycle Valid Loss:       0.01
Learning Rate: 0.0001
Epoch: 160, Alpha: 0.20
  Total Train Loss:        2.12
    Contrastive Train Loss: 6.88
    Overall Recon Train Loss: 0.92
    Recon Train Loss:       0.18
    Cycle Train Loss:       0.01
  Total Valid Loss:        2.78
    Contrastive Valid Loss: 10.68
    Overall Recon Valid Loss: 0.79
    Recon Valid Loss:       0.16
    Cycle Valid Loss:       0.01
Learning Rate: 0.0001
Epoch: 161, Alpha: 0.20
  Total Train Loss:        2.11
    Contrastive Train Loss: 6.87
    Overall Recon Train Loss: 0.92
    Recon Train Loss:       0.18
    Cycle Train Loss:       0.01
  Total Valid Loss:        2.76
    Contrastive Valid Loss: 10.69
    Overall Recon Valid Loss: 0.78
    Recon Valid Loss:       0.16
    Cycle Valid Loss:       0.01
Learning Rate: 0.0001
Epoch: 162, Alpha: 0.20
  Total Train Loss:        2.09
    Contrastive Train Loss: 6.86
    Overall Recon Train Loss: 0.92
    Recon Train Loss:       0.18
    Cycle Train Loss:       0.01
  Total Valid Loss:        2.74
    Contrastive Valid Loss: 10.69
    Overall Recon Valid Loss: 0.78
    Recon Valid Loss:       0.16
    Cycle Valid Loss:       0.01
Learning Rate: 0.0001
Epoch: 163, Alpha: 0.20
  Total Train Loss:        2.08
    Contrastive Train Loss: 6.87
    Overall Recon Train Loss: 0.92
    Recon Train Loss:       0.18
    Cycle Train Loss:       0.01
  Total Valid Loss:        2.72
    Contrastive Valid Loss: 10.69
    Overall Recon Valid Loss: 0.78
    Recon Valid Loss:       0.16
    Cycle Valid Loss:       0.01
Learning Rate: 0.0001
Epoch: 164, Alpha: 0.19
  Total Train Loss:        2.07
    Contrastive Train Loss: 6.86
    Overall Recon Train Loss: 0.91
    Recon Train Loss:       0.18
    Cycle Train Loss:       0.01
  Total Valid Loss:        2.69
    Contrastive Valid Loss: 10.66
    Overall Recon Valid Loss: 0.78
    Recon Valid Loss:       0.16
    Cycle Valid Loss:       0.01
Learning Rate: 0.0001
Epoch: 165, Alpha: 0.19
  Total Train Loss:        2.05
    Contrastive Train Loss: 6.86
    Overall Recon Train Loss: 0.91
    Recon Train Loss:       0.18
    Cycle Train Loss:       0.01
  Total Valid Loss:        2.69
    Contrastive Valid Loss: 10.70
    Overall Recon Valid Loss: 0.78
    Recon Valid Loss:       0.16
    Cycle Valid Loss:       0.01
Learning Rate: 0.0001
Epoch: 166, Alpha: 0.19
  Total Train Loss:        2.04
    Contrastive Train Loss: 6.85
    Overall Recon Train Loss: 0.91
    Recon Train Loss:       0.18
    Cycle Train Loss:       0.01
  Total Valid Loss:        2.66
    Contrastive Valid Loss: 10.69
    Overall Recon Valid Loss: 0.77
    Recon Valid Loss:       0.15
    Cycle Valid Loss:       0.01
Learning Rate: 0.0001
Epoch: 167, Alpha: 0.19
  Total Train Loss:        2.03
    Contrastive Train Loss: 6.84
    Overall Recon Train Loss: 0.91
    Recon Train Loss:       0.18
    Cycle Train Loss:       0.01
  Total Valid Loss:        2.64
    Contrastive Valid Loss: 10.69
    Overall Recon Valid Loss: 0.78
    Recon Valid Loss:       0.16
    Cycle Valid Loss:       0.01
Learning Rate: 0.0001
Epoch: 168, Alpha: 0.19
  Total Train Loss:        2.01
    Contrastive Train Loss: 6.85
    Overall Recon Train Loss: 0.91
    Recon Train Loss:       0.18
    Cycle Train Loss:       0.01
  Total Valid Loss:        2.62
    Contrastive Valid Loss: 10.69
    Overall Recon Valid Loss: 0.77
    Recon Valid Loss:       0.15
    Cycle Valid Loss:       0.01
Learning Rate: 0.0001
Epoch: 169, Alpha: 0.18
  Total Train Loss:        2.00
    Contrastive Train Loss: 6.84
    Overall Recon Train Loss: 0.91
    Recon Train Loss:       0.18
    Cycle Train Loss:       0.01
  Total Valid Loss:        2.60
    Contrastive Valid Loss: 10.70
    Overall Recon Valid Loss: 0.77
    Recon Valid Loss:       0.15
    Cycle Valid Loss:       0.01
Learning Rate: 0.0001
Epoch: 170, Alpha: 0.18
  Total Train Loss:        1.99
    Contrastive Train Loss: 6.84
    Overall Recon Train Loss: 0.90
    Recon Train Loss:       0.18
    Cycle Train Loss:       0.01
  Total Valid Loss:        2.59
    Contrastive Valid Loss: 10.72
    Overall Recon Valid Loss: 0.77
    Recon Valid Loss:       0.15
    Cycle Valid Loss:       0.01
Learning Rate: 0.0001
Epoch: 171, Alpha: 0.18
  Total Train Loss:        1.97
    Contrastive Train Loss: 6.83
    Overall Recon Train Loss: 0.90
    Recon Train Loss:       0.18
    Cycle Train Loss:       0.01
  Total Valid Loss:        2.56
    Contrastive Valid Loss: 10.67
    Overall Recon Valid Loss: 0.77
    Recon Valid Loss:       0.15
    Cycle Valid Loss:       0.01
Learning Rate: 0.0001
Epoch: 172, Alpha: 0.18
  Total Train Loss:        1.96
    Contrastive Train Loss: 6.83
    Overall Recon Train Loss: 0.90
    Recon Train Loss:       0.18
    Cycle Train Loss:       0.01
  Total Valid Loss:        2.54
    Contrastive Valid Loss: 10.67
    Overall Recon Valid Loss: 0.77
    Recon Valid Loss:       0.15
    Cycle Valid Loss:       0.01
Learning Rate: 0.0001
Epoch: 173, Alpha: 0.18
  Total Train Loss:        1.95
    Contrastive Train Loss: 6.83
    Overall Recon Train Loss: 0.90
    Recon Train Loss:       0.18
    Cycle Train Loss:       0.01
  Total Valid Loss:        2.52
    Contrastive Valid Loss: 10.67
    Overall Recon Valid Loss: 0.77
    Recon Valid Loss:       0.15
    Cycle Valid Loss:       0.01
Learning Rate: 0.0001
Epoch: 174, Alpha: 0.18
  Total Train Loss:        1.94
    Contrastive Train Loss: 6.82
    Overall Recon Train Loss: 0.90
    Recon Train Loss:       0.18
    Cycle Train Loss:       0.01
  Total Valid Loss:        2.51
    Contrastive Valid Loss: 10.68
    Overall Recon Valid Loss: 0.77
    Recon Valid Loss:       0.15
    Cycle Valid Loss:       0.01
Learning Rate: 0.0001
Epoch: 175, Alpha: 0.17
  Total Train Loss:        1.92
    Contrastive Train Loss: 6.82
    Overall Recon Train Loss: 0.89
    Recon Train Loss:       0.18
    Cycle Train Loss:       0.01
  Total Valid Loss:        2.49
    Contrastive Valid Loss: 10.72
    Overall Recon Valid Loss: 0.76
    Recon Valid Loss:       0.15
    Cycle Valid Loss:       0.01
Learning Rate: 0.0001
Epoch: 176, Alpha: 0.17
  Total Train Loss:        1.91
    Contrastive Train Loss: 6.81
    Overall Recon Train Loss: 0.89
    Recon Train Loss:       0.18
    Cycle Train Loss:       0.01
  Total Valid Loss:        2.47
    Contrastive Valid Loss: 10.66
    Overall Recon Valid Loss: 0.76
    Recon Valid Loss:       0.15
    Cycle Valid Loss:       0.01
Learning Rate: 0.0001
Epoch: 177, Alpha: 0.17
  Total Train Loss:        1.90
    Contrastive Train Loss: 6.81
    Overall Recon Train Loss: 0.89
    Recon Train Loss:       0.18
    Cycle Train Loss:       0.01
  Total Valid Loss:        2.47
    Contrastive Valid Loss: 10.74
    Overall Recon Valid Loss: 0.77
    Recon Valid Loss:       0.15
    Cycle Valid Loss:       0.01
Learning Rate: 0.0001
Epoch: 178, Alpha: 0.17
  Total Train Loss:        1.89
    Contrastive Train Loss: 6.81
    Overall Recon Train Loss: 0.89
    Recon Train Loss:       0.18
    Cycle Train Loss:       0.01
  Total Valid Loss:        2.44
    Contrastive Valid Loss: 10.71
    Overall Recon Valid Loss: 0.76
    Recon Valid Loss:       0.15
    Cycle Valid Loss:       0.01
Learning Rate: 0.0001
Epoch: 179, Alpha: 0.17
  Total Train Loss:        1.87
    Contrastive Train Loss: 6.80
    Overall Recon Train Loss: 0.89
    Recon Train Loss:       0.18
    Cycle Train Loss:       0.01
  Total Valid Loss:        2.42
    Contrastive Valid Loss: 10.72
    Overall Recon Valid Loss: 0.76
    Recon Valid Loss:       0.15
    Cycle Valid Loss:       0.01
Learning Rate: 0.0001
Epoch: 180, Alpha: 0.17
  Total Train Loss:        1.86
    Contrastive Train Loss: 6.80
    Overall Recon Train Loss: 0.89
    Recon Train Loss:       0.18
    Cycle Train Loss:       0.01
  Total Valid Loss:        2.39
    Contrastive Valid Loss: 10.65
    Overall Recon Valid Loss: 0.75
    Recon Valid Loss:       0.15
    Cycle Valid Loss:       0.01
Learning Rate: 0.0001
Epoch: 181, Alpha: 0.16
  Total Train Loss:        1.85
    Contrastive Train Loss: 6.80
    Overall Recon Train Loss: 0.89
    Recon Train Loss:       0.18
    Cycle Train Loss:       0.01
  Total Valid Loss:        2.38
    Contrastive Valid Loss: 10.67
    Overall Recon Valid Loss: 0.75
    Recon Valid Loss:       0.15
    Cycle Valid Loss:       0.01
Learning Rate: 0.0001
Epoch: 182, Alpha: 0.16
  Total Train Loss:        1.84
    Contrastive Train Loss: 6.79
    Overall Recon Train Loss: 0.88
    Recon Train Loss:       0.18
    Cycle Train Loss:       0.01
  Total Valid Loss:        2.36
    Contrastive Valid Loss: 10.68
    Overall Recon Valid Loss: 0.75
    Recon Valid Loss:       0.15
    Cycle Valid Loss:       0.01
Learning Rate: 0.0001
Epoch: 183, Alpha: 0.16
  Total Train Loss:        1.83
    Contrastive Train Loss: 6.79
    Overall Recon Train Loss: 0.88
    Recon Train Loss:       0.18
    Cycle Train Loss:       0.01
  Total Valid Loss:        2.35
    Contrastive Valid Loss: 10.73
    Overall Recon Valid Loss: 0.75
    Recon Valid Loss:       0.15
    Cycle Valid Loss:       0.01
Learning Rate: 0.0001
Epoch: 184, Alpha: 0.16
  Total Train Loss:        1.82
    Contrastive Train Loss: 6.79
    Overall Recon Train Loss: 0.88
    Recon Train Loss:       0.18
    Cycle Train Loss:       0.01
  Total Valid Loss:        2.33
    Contrastive Valid Loss: 10.70
    Overall Recon Valid Loss: 0.75
    Recon Valid Loss:       0.15
    Cycle Valid Loss:       0.01
Learning Rate: 0.0001
Epoch: 185, Alpha: 0.16
  Total Train Loss:        1.81
    Contrastive Train Loss: 6.79
    Overall Recon Train Loss: 0.88
    Recon Train Loss:       0.18
    Cycle Train Loss:       0.01
  Total Valid Loss:        2.32
    Contrastive Valid Loss: 10.69
    Overall Recon Valid Loss: 0.75
    Recon Valid Loss:       0.15
    Cycle Valid Loss:       0.01
Learning Rate: 0.0001
Epoch: 186, Alpha: 0.16
  Total Train Loss:        1.80
    Contrastive Train Loss: 6.78
    Overall Recon Train Loss: 0.88
    Recon Train Loss:       0.18
    Cycle Train Loss:       0.01
  Total Valid Loss:        2.29
    Contrastive Valid Loss: 10.66
    Overall Recon Valid Loss: 0.75
    Recon Valid Loss:       0.15
    Cycle Valid Loss:       0.01
Learning Rate: 0.0001
Epoch: 187, Alpha: 0.15
  Total Train Loss:        1.79
    Contrastive Train Loss: 6.78
    Overall Recon Train Loss: 0.88
    Recon Train Loss:       0.18
    Cycle Train Loss:       0.01
  Total Valid Loss:        2.28
    Contrastive Valid Loss: 10.70
    Overall Recon Valid Loss: 0.74
    Recon Valid Loss:       0.15
    Cycle Valid Loss:       0.01
Learning Rate: 0.0001
Epoch: 188, Alpha: 0.15
  Total Train Loss:        1.78
    Contrastive Train Loss: 6.78
    Overall Recon Train Loss: 0.87
    Recon Train Loss:       0.17
    Cycle Train Loss:       0.01
  Total Valid Loss:        2.26
    Contrastive Valid Loss: 10.68
    Overall Recon Valid Loss: 0.75
    Recon Valid Loss:       0.15
    Cycle Valid Loss:       0.01
Learning Rate: 0.0001
Epoch: 189, Alpha: 0.15
  Total Train Loss:        1.76
    Contrastive Train Loss: 6.77
    Overall Recon Train Loss: 0.87
    Recon Train Loss:       0.17
    Cycle Train Loss:       0.01
  Total Valid Loss:        2.25
    Contrastive Valid Loss: 10.67
    Overall Recon Valid Loss: 0.75
    Recon Valid Loss:       0.15
    Cycle Valid Loss:       0.01
Learning Rate: 0.0001
Epoch: 190, Alpha: 0.15
  Total Train Loss:        1.75
    Contrastive Train Loss: 6.77
    Overall Recon Train Loss: 0.87
    Recon Train Loss:       0.17
    Cycle Train Loss:       0.01
  Total Valid Loss:        2.23
    Contrastive Valid Loss: 10.70
    Overall Recon Valid Loss: 0.74
    Recon Valid Loss:       0.15
    Cycle Valid Loss:       0.01
Learning Rate: 0.0001
Epoch: 191, Alpha: 0.15
  Total Train Loss:        1.74
    Contrastive Train Loss: 6.77
    Overall Recon Train Loss: 0.87
    Recon Train Loss:       0.17
    Cycle Train Loss:       0.01
  Total Valid Loss:        2.22
    Contrastive Valid Loss: 10.72
    Overall Recon Valid Loss: 0.74
    Recon Valid Loss:       0.15
    Cycle Valid Loss:       0.01
Learning Rate: 0.0001
Epoch: 192, Alpha: 0.15
  Total Train Loss:        1.73
    Contrastive Train Loss: 6.76
    Overall Recon Train Loss: 0.87
    Recon Train Loss:       0.17
    Cycle Train Loss:       0.01
  Total Valid Loss:        2.20
    Contrastive Valid Loss: 10.71
    Overall Recon Valid Loss: 0.74
    Recon Valid Loss:       0.15
    Cycle Valid Loss:       0.01
Learning Rate: 0.0001
Epoch: 193, Alpha: 0.15
  Total Train Loss:        1.72
    Contrastive Train Loss: 6.76
    Overall Recon Train Loss: 0.87
    Recon Train Loss:       0.17
    Cycle Train Loss:       0.01
  Total Valid Loss:        2.19
    Contrastive Valid Loss: 10.69
    Overall Recon Valid Loss: 0.75
    Recon Valid Loss:       0.15
    Cycle Valid Loss:       0.01
Learning Rate: 0.0001
Epoch: 194, Alpha: 0.14
  Total Train Loss:        1.71
    Contrastive Train Loss: 6.76
    Overall Recon Train Loss: 0.87
    Recon Train Loss:       0.17
    Cycle Train Loss:       0.01
  Total Valid Loss:        2.17
    Contrastive Valid Loss: 10.71
    Overall Recon Valid Loss: 0.74
    Recon Valid Loss:       0.15
    Cycle Valid Loss:       0.01
Learning Rate: 0.0001
Epoch: 195, Alpha: 0.14
  Total Train Loss:        1.70
    Contrastive Train Loss: 6.75
    Overall Recon Train Loss: 0.86
    Recon Train Loss:       0.17
    Cycle Train Loss:       0.01
  Total Valid Loss:        2.16
    Contrastive Valid Loss: 10.72
    Overall Recon Valid Loss: 0.74
    Recon Valid Loss:       0.15
    Cycle Valid Loss:       0.01
Learning Rate: 0.0001
Epoch: 196, Alpha: 0.14
  Total Train Loss:        1.69
    Contrastive Train Loss: 6.75
    Overall Recon Train Loss: 0.86
    Recon Train Loss:       0.17
    Cycle Train Loss:       0.01
  Total Valid Loss:        2.14
    Contrastive Valid Loss: 10.69
    Overall Recon Valid Loss: 0.74
    Recon Valid Loss:       0.15
    Cycle Valid Loss:       0.01
Learning Rate: 0.0001
Epoch: 197, Alpha: 0.14
  Total Train Loss:        1.68
    Contrastive Train Loss: 6.75
    Overall Recon Train Loss: 0.86
    Recon Train Loss:       0.17
    Cycle Train Loss:       0.01
  Total Valid Loss:        2.13
    Contrastive Valid Loss: 10.72
    Overall Recon Valid Loss: 0.74
    Recon Valid Loss:       0.15
    Cycle Valid Loss:       0.01
Learning Rate: 0.0001
Epoch: 198, Alpha: 0.14
  Total Train Loss:        1.67
    Contrastive Train Loss: 6.75
    Overall Recon Train Loss: 0.86
    Recon Train Loss:       0.17
    Cycle Train Loss:       0.01
  Total Valid Loss:        2.11
    Contrastive Valid Loss: 10.73
    Overall Recon Valid Loss: 0.73
    Recon Valid Loss:       0.15
    Cycle Valid Loss:       0.01
Learning Rate: 0.0001
Epoch: 199, Alpha: 0.14
  Total Train Loss:        1.66
    Contrastive Train Loss: 6.75
    Overall Recon Train Loss: 0.86
    Recon Train Loss:       0.17
    Cycle Train Loss:       0.01
  Total Valid Loss:        2.10
    Contrastive Valid Loss: 10.69
    Overall Recon Valid Loss: 0.74
    Recon Valid Loss:       0.15
    Cycle Valid Loss:       0.01
Learning Rate: 0.0001
Epoch: 200, Alpha: 0.14
  Total Train Loss:        1.65
    Contrastive Train Loss: 6.74
    Overall Recon Train Loss: 0.86
    Recon Train Loss:       0.17
    Cycle Train Loss:       0.01
  Total Valid Loss:        2.09
    Contrastive Valid Loss: 10.72
    Overall Recon Valid Loss: 0.74
    Recon Valid Loss:       0.15
    Cycle Valid Loss:       0.01
Learning Rate: 0.0001
Epoch: 201, Alpha: 0.13
  Total Train Loss:        1.65
    Contrastive Train Loss: 6.74
    Overall Recon Train Loss: 0.86
    Recon Train Loss:       0.17
    Cycle Train Loss:       0.01
  Total Valid Loss:        2.06
    Contrastive Valid Loss: 10.69
    Overall Recon Valid Loss: 0.73
    Recon Valid Loss:       0.15
    Cycle Valid Loss:       0.01
Learning Rate: 0.0001
Epoch: 202, Alpha: 0.13
  Total Train Loss:        1.64
    Contrastive Train Loss: 6.74
    Overall Recon Train Loss: 0.86
    Recon Train Loss:       0.17
    Cycle Train Loss:       0.01
  Total Valid Loss:        2.05
    Contrastive Valid Loss: 10.66
    Overall Recon Valid Loss: 0.73
    Recon Valid Loss:       0.15
    Cycle Valid Loss:       0.01
Learning Rate: 0.0001
Epoch: 203, Alpha: 0.13
  Total Train Loss:        1.63
    Contrastive Train Loss: 6.74
    Overall Recon Train Loss: 0.85
    Recon Train Loss:       0.17
    Cycle Train Loss:       0.01
  Total Valid Loss:        2.04
    Contrastive Valid Loss: 10.69
    Overall Recon Valid Loss: 0.73
    Recon Valid Loss:       0.15
    Cycle Valid Loss:       0.01
Learning Rate: 0.0001
Epoch: 204, Alpha: 0.13
  Total Train Loss:        1.62
    Contrastive Train Loss: 6.73
    Overall Recon Train Loss: 0.85
    Recon Train Loss:       0.17
    Cycle Train Loss:       0.01
  Total Valid Loss:        2.02
    Contrastive Valid Loss: 10.69
    Overall Recon Valid Loss: 0.72
    Recon Valid Loss:       0.14
    Cycle Valid Loss:       0.01
Learning Rate: 0.0001
Epoch: 205, Alpha: 0.13
  Total Train Loss:        1.61
    Contrastive Train Loss: 6.73
    Overall Recon Train Loss: 0.85
    Recon Train Loss:       0.17
    Cycle Train Loss:       0.01
  Total Valid Loss:        2.01
    Contrastive Valid Loss: 10.71
    Overall Recon Valid Loss: 0.72
    Recon Valid Loss:       0.14
    Cycle Valid Loss:       0.01
Learning Rate: 0.0001
Epoch: 206, Alpha: 0.13
  Total Train Loss:        1.60
    Contrastive Train Loss: 6.73
    Overall Recon Train Loss: 0.85
    Recon Train Loss:       0.17
    Cycle Train Loss:       0.01
  Total Valid Loss:        2.00
    Contrastive Valid Loss: 10.73
    Overall Recon Valid Loss: 0.72
    Recon Valid Loss:       0.14
    Cycle Valid Loss:       0.01
Learning Rate: 0.0001
Epoch: 207, Alpha: 0.13
  Total Train Loss:        1.59
    Contrastive Train Loss: 6.73
    Overall Recon Train Loss: 0.85
    Recon Train Loss:       0.17
    Cycle Train Loss:       0.01
  Total Valid Loss:        1.98
    Contrastive Valid Loss: 10.69
    Overall Recon Valid Loss: 0.72
    Recon Valid Loss:       0.14
    Cycle Valid Loss:       0.01
Learning Rate: 0.0001
Epoch: 208, Alpha: 0.12
  Total Train Loss:        1.58
    Contrastive Train Loss: 6.72
    Overall Recon Train Loss: 0.85
    Recon Train Loss:       0.17
    Cycle Train Loss:       0.01
  Total Valid Loss:        1.97
    Contrastive Valid Loss: 10.69
    Overall Recon Valid Loss: 0.72
    Recon Valid Loss:       0.14
    Cycle Valid Loss:       0.01
Learning Rate: 0.0001
Epoch: 209, Alpha: 0.12
  Total Train Loss:        1.57
    Contrastive Train Loss: 6.73
    Overall Recon Train Loss: 0.85
    Recon Train Loss:       0.17
    Cycle Train Loss:       0.01
  Total Valid Loss:        1.95
    Contrastive Valid Loss: 10.65
    Overall Recon Valid Loss: 0.72
    Recon Valid Loss:       0.14
    Cycle Valid Loss:       0.01
Learning Rate: 0.0001
Epoch: 210, Alpha: 0.12
  Total Train Loss:        1.57
    Contrastive Train Loss: 6.72
    Overall Recon Train Loss: 0.85
    Recon Train Loss:       0.17
    Cycle Train Loss:       0.01
  Total Valid Loss:        1.94
    Contrastive Valid Loss: 10.69
    Overall Recon Valid Loss: 0.72
    Recon Valid Loss:       0.14
    Cycle Valid Loss:       0.01
Learning Rate: 0.0001
Epoch: 211, Alpha: 0.12
  Total Train Loss:        1.56
    Contrastive Train Loss: 6.72
    Overall Recon Train Loss: 0.85
    Recon Train Loss:       0.17
    Cycle Train Loss:       0.01
  Total Valid Loss:        1.92
    Contrastive Valid Loss: 10.70
    Overall Recon Valid Loss: 0.71
    Recon Valid Loss:       0.14
    Cycle Valid Loss:       0.01
Learning Rate: 0.0001
Epoch: 212, Alpha: 0.12
  Total Train Loss:        1.55
    Contrastive Train Loss: 6.72
    Overall Recon Train Loss: 0.84
    Recon Train Loss:       0.17
    Cycle Train Loss:       0.01
  Total Valid Loss:        1.92
    Contrastive Valid Loss: 10.72
    Overall Recon Valid Loss: 0.72
    Recon Valid Loss:       0.14
    Cycle Valid Loss:       0.01
Learning Rate: 0.0001
Epoch: 213, Alpha: 0.12
  Total Train Loss:        1.54
    Contrastive Train Loss: 6.71
    Overall Recon Train Loss: 0.84
    Recon Train Loss:       0.17
    Cycle Train Loss:       0.01
  Total Valid Loss:        1.90
    Contrastive Valid Loss: 10.70
    Overall Recon Valid Loss: 0.72
    Recon Valid Loss:       0.14
    Cycle Valid Loss:       0.01
Learning Rate: 0.0001
Epoch: 214, Alpha: 0.12
  Total Train Loss:        1.53
    Contrastive Train Loss: 6.71
    Overall Recon Train Loss: 0.84
    Recon Train Loss:       0.17
    Cycle Train Loss:       0.01
  Total Valid Loss:        1.89
    Contrastive Valid Loss: 10.72
    Overall Recon Valid Loss: 0.72
    Recon Valid Loss:       0.14
    Cycle Valid Loss:       0.01
Learning Rate: 0.0001
Epoch: 215, Alpha: 0.12
  Total Train Loss:        1.52
    Contrastive Train Loss: 6.71
    Overall Recon Train Loss: 0.84
    Recon Train Loss:       0.17
    Cycle Train Loss:       0.01
  Total Valid Loss:        1.88
    Contrastive Valid Loss: 10.71
    Overall Recon Valid Loss: 0.71
    Recon Valid Loss:       0.14
    Cycle Valid Loss:       0.01
Learning Rate: 0.0001
Epoch: 216, Alpha: 0.12
  Total Train Loss:        1.52
    Contrastive Train Loss: 6.71
    Overall Recon Train Loss: 0.84
    Recon Train Loss:       0.17
    Cycle Train Loss:       0.01
  Total Valid Loss:        1.86
    Contrastive Valid Loss: 10.68
    Overall Recon Valid Loss: 0.71
    Recon Valid Loss:       0.14
    Cycle Valid Loss:       0.01
Learning Rate: 0.0001
Epoch: 217, Alpha: 0.11
  Total Train Loss:        1.51
    Contrastive Train Loss: 6.70
    Overall Recon Train Loss: 0.84
    Recon Train Loss:       0.17
    Cycle Train Loss:       0.01
  Total Valid Loss:        1.85
    Contrastive Valid Loss: 10.70
    Overall Recon Valid Loss: 0.71
    Recon Valid Loss:       0.14
    Cycle Valid Loss:       0.01
Learning Rate: 0.0001
Epoch: 218, Alpha: 0.11
  Total Train Loss:        1.50
    Contrastive Train Loss: 6.70
    Overall Recon Train Loss: 0.84
    Recon Train Loss:       0.17
    Cycle Train Loss:       0.01
  Total Valid Loss:        1.84
    Contrastive Valid Loss: 10.73
    Overall Recon Valid Loss: 0.71
    Recon Valid Loss:       0.14
    Cycle Valid Loss:       0.01
Learning Rate: 0.0001
Epoch: 219, Alpha: 0.11
  Total Train Loss:        1.49
    Contrastive Train Loss: 6.70
    Overall Recon Train Loss: 0.84
    Recon Train Loss:       0.17
    Cycle Train Loss:       0.01
  Total Valid Loss:        1.83
    Contrastive Valid Loss: 10.73
    Overall Recon Valid Loss: 0.71
    Recon Valid Loss:       0.14
    Cycle Valid Loss:       0.01
Learning Rate: 0.0001
Epoch: 220, Alpha: 0.11
  Total Train Loss:        1.48
    Contrastive Train Loss: 6.70
    Overall Recon Train Loss: 0.83
    Recon Train Loss:       0.17
    Cycle Train Loss:       0.01
  Total Valid Loss:        1.82
    Contrastive Valid Loss: 10.70
    Overall Recon Valid Loss: 0.71
    Recon Valid Loss:       0.14
    Cycle Valid Loss:       0.01
Learning Rate: 0.0001
Epoch: 221, Alpha: 0.11
  Total Train Loss:        1.48
    Contrastive Train Loss: 6.70
    Overall Recon Train Loss: 0.83
    Recon Train Loss:       0.17
    Cycle Train Loss:       0.01
  Total Valid Loss:        1.81
    Contrastive Valid Loss: 10.74
    Overall Recon Valid Loss: 0.71
    Recon Valid Loss:       0.14
    Cycle Valid Loss:       0.01
Learning Rate: 0.0001
Epoch: 222, Alpha: 0.11
  Total Train Loss:        1.47
    Contrastive Train Loss: 6.69
    Overall Recon Train Loss: 0.83
    Recon Train Loss:       0.17
    Cycle Train Loss:       0.01
  Total Valid Loss:        1.80
    Contrastive Valid Loss: 10.73
    Overall Recon Valid Loss: 0.71
    Recon Valid Loss:       0.14
    Cycle Valid Loss:       0.01
Learning Rate: 0.0001
Epoch: 223, Alpha: 0.11
  Total Train Loss:        1.46
    Contrastive Train Loss: 6.69
    Overall Recon Train Loss: 0.83
    Recon Train Loss:       0.17
    Cycle Train Loss:       0.01
  Total Valid Loss:        1.79
    Contrastive Valid Loss: 10.71
    Overall Recon Valid Loss: 0.71
    Recon Valid Loss:       0.14
    Cycle Valid Loss:       0.01
Learning Rate: 0.0001
Epoch: 224, Alpha: 0.11
  Total Train Loss:        1.45
    Contrastive Train Loss: 6.69
    Overall Recon Train Loss: 0.83
    Recon Train Loss:       0.17
    Cycle Train Loss:       0.01
  Total Valid Loss:        1.77
    Contrastive Valid Loss: 10.71
    Overall Recon Valid Loss: 0.70
    Recon Valid Loss:       0.14
    Cycle Valid Loss:       0.01
Learning Rate: 0.0001
Epoch: 225, Alpha: 0.11
  Total Train Loss:        1.45
    Contrastive Train Loss: 6.69
    Overall Recon Train Loss: 0.83
    Recon Train Loss:       0.17
    Cycle Train Loss:       0.01
  Total Valid Loss:        1.76
    Contrastive Valid Loss: 10.70
    Overall Recon Valid Loss: 0.70
    Recon Valid Loss:       0.14
    Cycle Valid Loss:       0.01
Learning Rate: 0.0001
Epoch: 226, Alpha: 0.10
  Total Train Loss:        1.44
    Contrastive Train Loss: 6.68
    Overall Recon Train Loss: 0.83
    Recon Train Loss:       0.17
    Cycle Train Loss:       0.01
  Total Valid Loss:        1.76
    Contrastive Valid Loss: 10.74
    Overall Recon Valid Loss: 0.71
    Recon Valid Loss:       0.14
    Cycle Valid Loss:       0.01
Learning Rate: 0.0001
Epoch: 227, Alpha: 0.10
  Total Train Loss:        1.43
    Contrastive Train Loss: 6.69
    Overall Recon Train Loss: 0.83
    Recon Train Loss:       0.17
    Cycle Train Loss:       0.01
  Total Valid Loss:        1.74
    Contrastive Valid Loss: 10.73
    Overall Recon Valid Loss: 0.70
    Recon Valid Loss:       0.14
    Cycle Valid Loss:       0.01
Learning Rate: 0.0001
Epoch: 228, Alpha: 0.10
  Total Train Loss:        1.43
    Contrastive Train Loss: 6.68
    Overall Recon Train Loss: 0.83
    Recon Train Loss:       0.17
    Cycle Train Loss:       0.01
  Total Valid Loss:        1.73
    Contrastive Valid Loss: 10.72
    Overall Recon Valid Loss: 0.70
    Recon Valid Loss:       0.14
    Cycle Valid Loss:       0.01
Learning Rate: 0.0001
Epoch: 229, Alpha: 0.10
  Total Train Loss:        1.42
    Contrastive Train Loss: 6.68
    Overall Recon Train Loss: 0.83
    Recon Train Loss:       0.17
    Cycle Train Loss:       0.01
  Total Valid Loss:        1.72
    Contrastive Valid Loss: 10.73
    Overall Recon Valid Loss: 0.71
    Recon Valid Loss:       0.14
    Cycle Valid Loss:       0.01
Learning Rate: 0.0001
Epoch: 230, Alpha: 0.10
  Total Train Loss:        1.41
    Contrastive Train Loss: 6.68
    Overall Recon Train Loss: 0.83
    Recon Train Loss:       0.17
    Cycle Train Loss:       0.01
  Total Valid Loss:        1.71
    Contrastive Valid Loss: 10.74
    Overall Recon Valid Loss: 0.70
    Recon Valid Loss:       0.14
    Cycle Valid Loss:       0.01
Learning Rate: 0.0001
Epoch: 231, Alpha: 0.10
  Total Train Loss:        1.41
    Contrastive Train Loss: 6.68
    Overall Recon Train Loss: 0.82
    Recon Train Loss:       0.16
    Cycle Train Loss:       0.01
  Total Valid Loss:        1.69
    Contrastive Valid Loss: 10.69
    Overall Recon Valid Loss: 0.70
    Recon Valid Loss:       0.14
    Cycle Valid Loss:       0.01
Learning Rate: 0.0001
Epoch: 232, Alpha: 0.10
  Total Train Loss:        1.40
    Contrastive Train Loss: 6.67
    Overall Recon Train Loss: 0.82
    Recon Train Loss:       0.16
    Cycle Train Loss:       0.01
  Total Valid Loss:        1.68
    Contrastive Valid Loss: 10.70
    Overall Recon Valid Loss: 0.69
    Recon Valid Loss:       0.14
    Cycle Valid Loss:       0.01
Learning Rate: 0.0001
Epoch: 233, Alpha: 0.10
  Total Train Loss:        1.39
    Contrastive Train Loss: 6.68
    Overall Recon Train Loss: 0.82
    Recon Train Loss:       0.16
    Cycle Train Loss:       0.01
  Total Valid Loss:        1.68
    Contrastive Valid Loss: 10.73
    Overall Recon Valid Loss: 0.70
    Recon Valid Loss:       0.14
    Cycle Valid Loss:       0.01
Learning Rate: 0.0001
Epoch: 234, Alpha: 0.10
  Total Train Loss:        1.39
    Contrastive Train Loss: 6.67
    Overall Recon Train Loss: 0.82
    Recon Train Loss:       0.16
    Cycle Train Loss:       0.01
  Total Valid Loss:        1.67
    Contrastive Valid Loss: 10.72
    Overall Recon Valid Loss: 0.70
    Recon Valid Loss:       0.14
    Cycle Valid Loss:       0.01
Learning Rate: 0.0001
Epoch: 235, Alpha: 0.10
  Total Train Loss:        1.38
    Contrastive Train Loss: 6.67
    Overall Recon Train Loss: 0.82
    Recon Train Loss:       0.16
    Cycle Train Loss:       0.01
  Total Valid Loss:        1.65
    Contrastive Valid Loss: 10.73
    Overall Recon Valid Loss: 0.69
    Recon Valid Loss:       0.14
    Cycle Valid Loss:       0.01
Learning Rate: 0.0001
Epoch: 236, Alpha: 0.09
  Total Train Loss:        1.37
    Contrastive Train Loss: 6.67
    Overall Recon Train Loss: 0.82
    Recon Train Loss:       0.16
    Cycle Train Loss:       0.01
  Total Valid Loss:        1.64
    Contrastive Valid Loss: 10.72
    Overall Recon Valid Loss: 0.69
    Recon Valid Loss:       0.14
    Cycle Valid Loss:       0.01
Learning Rate: 0.0001
Epoch: 237, Alpha: 0.09
  Total Train Loss:        1.37
    Contrastive Train Loss: 6.67
    Overall Recon Train Loss: 0.82
    Recon Train Loss:       0.16
    Cycle Train Loss:       0.01
  Total Valid Loss:        1.62
    Contrastive Valid Loss: 10.69
    Overall Recon Valid Loss: 0.69
    Recon Valid Loss:       0.14
    Cycle Valid Loss:       0.01
Learning Rate: 0.0001
Epoch: 238, Alpha: 0.09
  Total Train Loss:        1.36
    Contrastive Train Loss: 6.66
    Overall Recon Train Loss: 0.82
    Recon Train Loss:       0.16
    Cycle Train Loss:       0.01
  Total Valid Loss:        1.61
    Contrastive Valid Loss: 10.68
    Overall Recon Valid Loss: 0.69
    Recon Valid Loss:       0.14
    Cycle Valid Loss:       0.01
Learning Rate: 0.0001
Epoch: 239, Alpha: 0.09
  Total Train Loss:        1.35
    Contrastive Train Loss: 6.67
    Overall Recon Train Loss: 0.82
    Recon Train Loss:       0.16
    Cycle Train Loss:       0.01
  Total Valid Loss:        1.62
    Contrastive Valid Loss: 10.73
    Overall Recon Valid Loss: 0.70
    Recon Valid Loss:       0.14
    Cycle Valid Loss:       0.01
Learning Rate: 0.0001
Epoch: 240, Alpha: 0.09
  Total Train Loss:        1.35
    Contrastive Train Loss: 6.67
    Overall Recon Train Loss: 0.82
    Recon Train Loss:       0.16
    Cycle Train Loss:       0.01
  Total Valid Loss:        1.61
    Contrastive Valid Loss: 10.73
    Overall Recon Valid Loss: 0.70
    Recon Valid Loss:       0.14
    Cycle Valid Loss:       0.01
Learning Rate: 0.0001
Epoch: 241, Alpha: 0.09
  Total Train Loss:        1.34
    Contrastive Train Loss: 6.66
    Overall Recon Train Loss: 0.82
    Recon Train Loss:       0.16
    Cycle Train Loss:       0.01
  Total Valid Loss:        1.59
    Contrastive Valid Loss: 10.73
    Overall Recon Valid Loss: 0.69
    Recon Valid Loss:       0.14
    Cycle Valid Loss:       0.01
Learning Rate: 0.0001
Epoch: 242, Alpha: 0.09
  Total Train Loss:        1.33
    Contrastive Train Loss: 6.66
    Overall Recon Train Loss: 0.81
    Recon Train Loss:       0.16
    Cycle Train Loss:       0.01
  Total Valid Loss:        1.58
    Contrastive Valid Loss: 10.68
    Overall Recon Valid Loss: 0.69
    Recon Valid Loss:       0.14
    Cycle Valid Loss:       0.01
Learning Rate: 0.0001
Epoch: 243, Alpha: 0.09
  Total Train Loss:        1.33
    Contrastive Train Loss: 6.66
    Overall Recon Train Loss: 0.81
    Recon Train Loss:       0.16
    Cycle Train Loss:       0.01
  Total Valid Loss:        1.56
    Contrastive Valid Loss: 10.71
    Overall Recon Valid Loss: 0.68
    Recon Valid Loss:       0.14
    Cycle Valid Loss:       0.01
Learning Rate: 0.0001
Epoch: 244, Alpha: 0.09
  Total Train Loss:        1.32
    Contrastive Train Loss: 6.66
    Overall Recon Train Loss: 0.81
    Recon Train Loss:       0.16
    Cycle Train Loss:       0.01
  Total Valid Loss:        1.56
    Contrastive Valid Loss: 10.72
    Overall Recon Valid Loss: 0.69
    Recon Valid Loss:       0.14
    Cycle Valid Loss:       0.01
Learning Rate: 0.0001
Epoch: 245, Alpha: 0.09
  Total Train Loss:        1.32
    Contrastive Train Loss: 6.66
    Overall Recon Train Loss: 0.81
    Recon Train Loss:       0.16
    Cycle Train Loss:       0.01
  Total Valid Loss:        1.55
    Contrastive Valid Loss: 10.74
    Overall Recon Valid Loss: 0.68
    Recon Valid Loss:       0.14
    Cycle Valid Loss:       0.01
Learning Rate: 0.0001
Epoch: 246, Alpha: 0.09
  Total Train Loss:        1.31
    Contrastive Train Loss: 6.65
    Overall Recon Train Loss: 0.81
    Recon Train Loss:       0.16
    Cycle Train Loss:       0.01
  Total Valid Loss:        1.54
    Contrastive Valid Loss: 10.74
    Overall Recon Valid Loss: 0.68
    Recon Valid Loss:       0.14
    Cycle Valid Loss:       0.01
Learning Rate: 0.0001
Epoch: 247, Alpha: 0.08
  Total Train Loss:        1.30
    Contrastive Train Loss: 6.65
    Overall Recon Train Loss: 0.81
    Recon Train Loss:       0.16
    Cycle Train Loss:       0.01
  Total Valid Loss:        1.53
    Contrastive Valid Loss: 10.72
    Overall Recon Valid Loss: 0.68
    Recon Valid Loss:       0.14
    Cycle Valid Loss:       0.01
Learning Rate: 0.0001
Epoch: 248, Alpha: 0.08
  Total Train Loss:        1.30
    Contrastive Train Loss: 6.65
    Overall Recon Train Loss: 0.81
    Recon Train Loss:       0.16
    Cycle Train Loss:       0.01
  Total Valid Loss:        1.53
    Contrastive Valid Loss: 10.73
    Overall Recon Valid Loss: 0.69
    Recon Valid Loss:       0.14
    Cycle Valid Loss:       0.01
Learning Rate: 0.0001
Epoch: 249, Alpha: 0.08
  Total Train Loss:        1.29
    Contrastive Train Loss: 6.65
    Overall Recon Train Loss: 0.81
    Recon Train Loss:       0.16
    Cycle Train Loss:       0.01
  Total Valid Loss:        1.52
    Contrastive Valid Loss: 10.75
    Overall Recon Valid Loss: 0.68
    Recon Valid Loss:       0.14
    Cycle Valid Loss:       0.01
Learning Rate: 0.0001
Starting Downstream Task
Shape: (5, 144, 72)
Epoch: 0, Train Loss: 0.00542, Valid Loss: 0.00389, EPS: 0.991
Epoch: 1, Train Loss: 0.00319, Valid Loss: 0.00324, EPS: 0.982
Epoch: 2, Train Loss: 0.00284, Valid Loss: 0.00311, EPS: 0.973
Epoch: 3, Train Loss: 0.00276, Valid Loss: 0.00308, EPS: 0.964
Epoch: 4, Train Loss: 0.00270, Valid Loss: 0.00306, EPS: 0.955
Epoch: 5, Train Loss: 0.00266, Valid Loss: 0.00303, EPS: 0.946
Epoch: 6, Train Loss: 0.00266, Valid Loss: 0.00301, EPS: 0.9369999999999999
Epoch: 7, Train Loss: 0.00263, Valid Loss: 0.00305, EPS: 0.928
Epoch: 8, Train Loss: 0.00263, Valid Loss: 0.00304, EPS: 0.919
Epoch: 9, Train Loss: 0.00261, Valid Loss: 0.00306, EPS: 0.91
Epoch: 10, Train Loss: 0.00261, Valid Loss: 0.00298, EPS: 0.901
Epoch: 11, Train Loss: 0.00259, Valid Loss: 0.00306, EPS: 0.892
Epoch: 12, Train Loss: 0.00258, Valid Loss: 0.00305, EPS: 0.883
Epoch: 13, Train Loss: 0.00258, Valid Loss: 0.00302, EPS: 0.874
Epoch: 14, Train Loss: 0.00257, Valid Loss: 0.00304, EPS: 0.865
Epoch: 15, Train Loss: 0.00258, Valid Loss: 0.00298, EPS: 0.856
Epoch: 16, Train Loss: 0.00255, Valid Loss: 0.00303, EPS: 0.847
Epoch: 17, Train Loss: 0.00256, Valid Loss: 0.00305, EPS: 0.8380000000000001
Epoch: 18, Train Loss: 0.00255, Valid Loss: 0.00305, EPS: 0.8290000000000001
Epoch: 19, Train Loss: 0.00255, Valid Loss: 0.00300, EPS: 0.8200000000000001
Epoch: 20, Train Loss: 0.00255, Valid Loss: 0.00305, EPS: 0.811
Epoch: 21, Train Loss: 0.00255, Valid Loss: 0.00302, EPS: 0.802
Epoch: 22, Train Loss: 0.00252, Valid Loss: 0.00300, EPS: 0.793
Epoch: 23, Train Loss: 0.00253, Valid Loss: 0.00300, EPS: 0.784
Epoch: 24, Train Loss: 0.00253, Valid Loss: 0.00299, EPS: 0.775
Epoch: 25, Train Loss: 0.00254, Valid Loss: 0.00298, EPS: 0.766
Epoch: 26, Train Loss: 0.00253, Valid Loss: 0.00299, EPS: 0.757
Epoch: 27, Train Loss: 0.00212, Valid Loss: 0.00254, EPS: 0.748
Epoch: 28, Train Loss: 0.00188, Valid Loss: 0.00248, EPS: 0.739
Epoch: 29, Train Loss: 0.00183, Valid Loss: 0.00246, EPS: 0.73
Epoch: 30, Train Loss: 0.00181, Valid Loss: 0.00245, EPS: 0.721
Epoch: 31, Train Loss: 0.00181, Valid Loss: 0.00244, EPS: 0.712
Epoch: 32, Train Loss: 0.00179, Valid Loss: 0.00243, EPS: 0.703
Epoch: 33, Train Loss: 0.00179, Valid Loss: 0.00242, EPS: 0.694
Epoch: 34, Train Loss: 0.00178, Valid Loss: 0.00242, EPS: 0.685
Epoch: 35, Train Loss: 0.00177, Valid Loss: 0.00243, EPS: 0.676
Epoch: 36, Train Loss: 0.00177, Valid Loss: 0.00242, EPS: 0.667
Epoch: 37, Train Loss: 0.00176, Valid Loss: 0.00242, EPS: 0.658
Epoch: 38, Train Loss: 0.00176, Valid Loss: 0.00242, EPS: 0.649
Epoch: 39, Train Loss: 0.00175, Valid Loss: 0.00242, EPS: 0.64
Epoch: 40, Train Loss: 0.00175, Valid Loss: 0.00242, EPS: 0.6310000000000001
Epoch: 41, Train Loss: 0.00175, Valid Loss: 0.00241, EPS: 0.6220000000000001
Epoch: 42, Train Loss: 0.00174, Valid Loss: 0.00242, EPS: 0.6130000000000001
Epoch: 43, Train Loss: 0.00173, Valid Loss: 0.00242, EPS: 0.6040000000000001
Epoch: 44, Train Loss: 0.00174, Valid Loss: 0.00243, EPS: 0.5950000000000001
Epoch: 45, Train Loss: 0.00173, Valid Loss: 0.00244, EPS: 0.5860000000000001
Epoch: 46, Train Loss: 0.00172, Valid Loss: 0.00243, EPS: 0.5770000000000001
Epoch: 47, Train Loss: 0.00173, Valid Loss: 0.00242, EPS: 0.5680000000000001
Epoch: 48, Train Loss: 0.00172, Valid Loss: 0.00244, EPS: 0.559
Epoch: 49, Train Loss: 0.00172, Valid Loss: 0.00244, EPS: 0.55
Epoch: 50, Train Loss: 0.00171, Valid Loss: 0.00244, EPS: 0.541
Epoch: 51, Train Loss: 0.00171, Valid Loss: 0.00244, EPS: 0.532
Epoch: 52, Train Loss: 0.00171, Valid Loss: 0.00244, EPS: 0.523
Epoch: 53, Train Loss: 0.00161, Valid Loss: 0.00238, EPS: 0.514
Epoch: 54, Train Loss: 0.00157, Valid Loss: 0.00237, EPS: 0.505
Epoch: 55, Train Loss: 0.00156, Valid Loss: 0.00238, EPS: 0.496
Epoch: 56, Train Loss: 0.00155, Valid Loss: 0.00238, EPS: 0.4870000000000001
Epoch: 57, Train Loss: 0.00155, Valid Loss: 0.00238, EPS: 0.4780000000000001
Epoch: 58, Train Loss: 0.00155, Valid Loss: 0.00239, EPS: 0.4690000000000001
Epoch: 59, Train Loss: 0.00154, Valid Loss: 0.00238, EPS: 0.4600000000000001
Epoch: 60, Train Loss: 0.00154, Valid Loss: 0.00238, EPS: 0.45100000000000007
Epoch: 61, Train Loss: 0.00154, Valid Loss: 0.00239, EPS: 0.44200000000000006
Epoch: 62, Train Loss: 0.00154, Valid Loss: 0.00239, EPS: 0.43300000000000005
Epoch: 63, Train Loss: 0.00154, Valid Loss: 0.00239, EPS: 0.42400000000000004
Epoch: 64, Train Loss: 0.00154, Valid Loss: 0.00239, EPS: 0.41500000000000004
Epoch: 65, Train Loss: 0.00153, Valid Loss: 0.00240, EPS: 0.406
Epoch: 66, Train Loss: 0.00152, Valid Loss: 0.00240, EPS: 0.397
Epoch: 67, Train Loss: 0.00152, Valid Loss: 0.00239, EPS: 0.388
Epoch: 68, Train Loss: 0.00152, Valid Loss: 0.00239, EPS: 0.3790000000000001
Epoch: 69, Train Loss: 0.00152, Valid Loss: 0.00239, EPS: 0.3700000000000001
Epoch: 70, Train Loss: 0.00152, Valid Loss: 0.00240, EPS: 0.3610000000000001
Epoch: 71, Train Loss: 0.00152, Valid Loss: 0.00240, EPS: 0.3520000000000001
Epoch: 72, Train Loss: 0.00152, Valid Loss: 0.00239, EPS: 0.343
Epoch: 73, Train Loss: 0.00152, Valid Loss: 0.00239, EPS: 0.334
Epoch: 74, Train Loss: 0.00152, Valid Loss: 0.00239, EPS: 0.325
Epoch: 75, Train Loss: 0.00151, Valid Loss: 0.00239, EPS: 0.316
Epoch: 76, Train Loss: 0.00151, Valid Loss: 0.00240, EPS: 0.307
Epoch: 77, Train Loss: 0.00152, Valid Loss: 0.00239, EPS: 0.298
Epoch: 78, Train Loss: 0.00151, Valid Loss: 0.00239, EPS: 0.289
Epoch: 79, Train Loss: 0.00151, Valid Loss: 0.00240, EPS: 0.27999999999999997
Epoch: 80, Train Loss: 0.00151, Valid Loss: 0.00239, EPS: 0.27099999999999996
Epoch: 81, Train Loss: 0.00151, Valid Loss: 0.00239, EPS: 0.26200000000000007
Epoch: 82, Train Loss: 0.00151, Valid Loss: 0.00239, EPS: 0.25300000000000006
Epoch: 83, Train Loss: 0.00152, Valid Loss: 0.00239, EPS: 0.24400000000000005
Epoch: 84, Train Loss: 0.00151, Valid Loss: 0.00239, EPS: 0.23500000000000004
Epoch: 85, Train Loss: 0.00151, Valid Loss: 0.00239, EPS: 0.22600000000000003
Epoch: 86, Train Loss: 0.00151, Valid Loss: 0.00239, EPS: 0.21700000000000003
Epoch: 87, Train Loss: 0.00151, Valid Loss: 0.00239, EPS: 0.20800000000000002
Epoch: 88, Train Loss: 0.00151, Valid Loss: 0.00239, EPS: 0.199
Epoch: 89, Train Loss: 0.00151, Valid Loss: 0.00239, EPS: 0.19
Epoch: 90, Train Loss: 0.00152, Valid Loss: 0.00240, EPS: 0.181
Epoch: 91, Train Loss: 0.00151, Valid Loss: 0.00239, EPS: 0.172
Epoch: 92, Train Loss: 0.00152, Valid Loss: 0.00239, EPS: 0.16299999999999998
Epoch: 93, Train Loss: 0.00152, Valid Loss: 0.00239, EPS: 0.15400000000000005
Epoch: 94, Train Loss: 0.00151, Valid Loss: 0.00239, EPS: 0.14500000000000005
Epoch: 95, Train Loss: 0.00151, Valid Loss: 0.00240, EPS: 0.13600000000000004
Epoch: 96, Train Loss: 0.00151, Valid Loss: 0.00240, EPS: 0.12700000000000003
Epoch: 97, Train Loss: 0.00151, Valid Loss: 0.00239, EPS: 0.11800000000000002
Epoch: 98, Train Loss: 0.00151, Valid Loss: 0.00239, EPS: 0.10900000000000001
Epoch: 99, Train Loss: 0.00151, Valid Loss: 0.00239, EPS: 0.1
Test Loss: 0.00239
Test Loss: 0.00230
Training Decoder
Epoch: 0, Total Train Loss: 0.16, Total Valid Loss: 0.13, Learning Rate: 0.0001
Epoch: 1, Total Train Loss: 0.16, Total Valid Loss: 0.13, Learning Rate: 0.0001
Epoch: 2, Total Train Loss: 0.16, Total Valid Loss: 0.13, Learning Rate: 0.0001
Epoch: 3, Total Train Loss: 0.16, Total Valid Loss: 0.13, Learning Rate: 0.0001
Epoch: 4, Total Train Loss: 0.16, Total Valid Loss: 0.13, Learning Rate: 0.0001
Epoch: 5, Total Train Loss: 0.16, Total Valid Loss: 0.13, Learning Rate: 0.0001
Epoch: 6, Total Train Loss: 0.16, Total Valid Loss: 0.13, Learning Rate: 0.0001
Epoch: 7, Total Train Loss: 0.16, Total Valid Loss: 0.13, Learning Rate: 0.0001
Epoch: 8, Total Train Loss: 0.16, Total Valid Loss: 0.13, Learning Rate: 0.0001
Epoch: 9, Total Train Loss: 0.16, Total Valid Loss: 0.13, Learning Rate: 0.0001
Epoch: 10, Total Train Loss: 0.16, Total Valid Loss: 0.13, Learning Rate: 0.0001
Epoch: 11, Total Train Loss: 0.16, Total Valid Loss: 0.13, Learning Rate: 0.0001
Epoch: 12, Total Train Loss: 0.16, Total Valid Loss: 0.13, Learning Rate: 0.0001
Epoch: 13, Total Train Loss: 0.16, Total Valid Loss: 0.13, Learning Rate: 0.0001
Epoch: 14, Total Train Loss: 0.16, Total Valid Loss: 0.13, Learning Rate: 0.0001
Epoch: 15, Total Train Loss: 0.16, Total Valid Loss: 0.13, Learning Rate: 0.0001
Epoch: 16, Total Train Loss: 0.16, Total Valid Loss: 0.13, Learning Rate: 0.0001
Epoch: 17, Total Train Loss: 0.16, Total Valid Loss: 0.13, Learning Rate: 0.0001
Epoch: 18, Total Train Loss: 0.16, Total Valid Loss: 0.13, Learning Rate: 0.0001
Epoch: 19, Total Train Loss: 0.16, Total Valid Loss: 0.13, Learning Rate: 0.0001
Epoch: 20, Total Train Loss: 0.16, Total Valid Loss: 0.13, Learning Rate: 0.0001
Epoch: 21, Total Train Loss: 0.16, Total Valid Loss: 0.13, Learning Rate: 0.0001
Epoch: 22, Total Train Loss: 0.16, Total Valid Loss: 0.13, Learning Rate: 0.0001
Epoch: 23, Total Train Loss: 0.16, Total Valid Loss: 0.13, Learning Rate: 0.0001
Epoch: 24, Total Train Loss: 0.16, Total Valid Loss: 0.13, Learning Rate: 0.0001
Epoch: 25, Total Train Loss: 0.16, Total Valid Loss: 0.13, Learning Rate: 0.0001
Epoch: 26, Total Train Loss: 0.16, Total Valid Loss: 0.13, Learning Rate: 0.0001
Epoch: 27, Total Train Loss: 0.16, Total Valid Loss: 0.13, Learning Rate: 0.0001
Epoch: 28, Total Train Loss: 0.16, Total Valid Loss: 0.13, Learning Rate: 0.0001
Epoch: 29, Total Train Loss: 0.16, Total Valid Loss: 0.13, Learning Rate: 0.0001
Epoch: 30, Total Train Loss: 0.16, Total Valid Loss: 0.13, Learning Rate: 0.0001
Epoch: 31, Total Train Loss: 0.16, Total Valid Loss: 0.13, Learning Rate: 0.0001
Epoch: 32, Total Train Loss: 0.16, Total Valid Loss: 0.13, Learning Rate: 0.0001
Epoch: 33, Total Train Loss: 0.16, Total Valid Loss: 0.13, Learning Rate: 0.0001
Epoch: 34, Total Train Loss: 0.16, Total Valid Loss: 0.13, Learning Rate: 0.0001
Epoch: 35, Total Train Loss: 0.16, Total Valid Loss: 0.13, Learning Rate: 0.0001
Epoch: 36, Total Train Loss: 0.16, Total Valid Loss: 0.13, Learning Rate: 0.0001
Epoch: 37, Total Train Loss: 0.16, Total Valid Loss: 0.13, Learning Rate: 0.0001
Epoch: 38, Total Train Loss: 0.16, Total Valid Loss: 0.13, Learning Rate: 0.0001
Epoch: 39, Total Train Loss: 0.16, Total Valid Loss: 0.13, Learning Rate: 0.0001
Epoch: 40, Total Train Loss: 0.16, Total Valid Loss: 0.13, Learning Rate: 0.0001
Epoch: 41, Total Train Loss: 0.16, Total Valid Loss: 0.13, Learning Rate: 0.0001
Epoch: 42, Total Train Loss: 0.16, Total Valid Loss: 0.13, Learning Rate: 0.0001
Epoch: 43, Total Train Loss: 0.16, Total Valid Loss: 0.13, Learning Rate: 0.0001
Epoch: 44, Total Train Loss: 0.16, Total Valid Loss: 0.13, Learning Rate: 0.0001
Epoch: 45, Total Train Loss: 0.16, Total Valid Loss: 0.13, Learning Rate: 0.0001
Epoch: 46, Total Train Loss: 0.16, Total Valid Loss: 0.13, Learning Rate: 0.0001
Epoch: 47, Total Train Loss: 0.16, Total Valid Loss: 0.13, Learning Rate: 0.0001
Epoch: 48, Total Train Loss: 0.16, Total Valid Loss: 0.13, Learning Rate: 0.0001
Epoch: 49, Total Train Loss: 0.16, Total Valid Loss: 0.13, Learning Rate: 1e-05
Epoch: 50, Total Train Loss: 0.16, Total Valid Loss: 0.13, Learning Rate: 1e-05
Epoch: 51, Total Train Loss: 0.16, Total Valid Loss: 0.13, Learning Rate: 1e-05
Epoch: 52, Total Train Loss: 0.16, Total Valid Loss: 0.13, Learning Rate: 1e-05
Epoch: 53, Total Train Loss: 0.16, Total Valid Loss: 0.13, Learning Rate: 1e-05
Epoch: 54, Total Train Loss: 0.16, Total Valid Loss: 0.13, Learning Rate: 1e-05
Epoch: 55, Total Train Loss: 0.16, Total Valid Loss: 0.13, Learning Rate: 1e-05
Epoch: 56, Total Train Loss: 0.16, Total Valid Loss: 0.13, Learning Rate: 1e-05
Epoch: 57, Total Train Loss: 0.16, Total Valid Loss: 0.13, Learning Rate: 1e-05
Epoch: 58, Total Train Loss: 0.16, Total Valid Loss: 0.13, Learning Rate: 1e-05
Epoch: 59, Total Train Loss: 0.16, Total Valid Loss: 0.13, Learning Rate: 1e-05
Epoch: 60, Total Train Loss: 0.16, Total Valid Loss: 0.13, Learning Rate: 1e-05
Epoch: 61, Total Train Loss: 0.16, Total Valid Loss: 0.13, Learning Rate: 1e-05
Epoch: 62, Total Train Loss: 0.16, Total Valid Loss: 0.13, Learning Rate: 1e-05
Epoch: 63, Total Train Loss: 0.16, Total Valid Loss: 0.13, Learning Rate: 1e-05
Epoch: 64, Total Train Loss: 0.16, Total Valid Loss: 0.13, Learning Rate: 1e-05
Epoch: 65, Total Train Loss: 0.16, Total Valid Loss: 0.13, Learning Rate: 1e-05
Epoch: 66, Total Train Loss: 0.16, Total Valid Loss: 0.13, Learning Rate: 1e-05
Epoch: 67, Total Train Loss: 0.16, Total Valid Loss: 0.13, Learning Rate: 1e-05
Epoch: 68, Total Train Loss: 0.16, Total Valid Loss: 0.13, Learning Rate: 1e-05
Epoch: 69, Total Train Loss: 0.16, Total Valid Loss: 0.13, Learning Rate: 1e-05
Epoch: 70, Total Train Loss: 0.16, Total Valid Loss: 0.13, Learning Rate: 1e-05
Epoch: 71, Total Train Loss: 0.15, Total Valid Loss: 0.13, Learning Rate: 1e-05
Epoch: 72, Total Train Loss: 0.15, Total Valid Loss: 0.13, Learning Rate: 1e-05
Epoch: 73, Total Train Loss: 0.16, Total Valid Loss: 0.13, Learning Rate: 1e-05
Epoch: 74, Total Train Loss: 0.16, Total Valid Loss: 0.13, Learning Rate: 1e-05
Epoch: 75, Total Train Loss: 0.16, Total Valid Loss: 0.13, Learning Rate: 1e-05
Epoch: 76, Total Train Loss: 0.16, Total Valid Loss: 0.13, Learning Rate: 1e-05
Epoch: 77, Total Train Loss: 0.16, Total Valid Loss: 0.13, Learning Rate: 1e-05
Epoch: 78, Total Train Loss: 0.15, Total Valid Loss: 0.13, Learning Rate: 1e-05
Epoch: 79, Total Train Loss: 0.15, Total Valid Loss: 0.13, Learning Rate: 1e-05
Epoch: 80, Total Train Loss: 0.15, Total Valid Loss: 0.13, Learning Rate: 1e-05
Epoch: 81, Total Train Loss: 0.15, Total Valid Loss: 0.13, Learning Rate: 1e-05
Epoch: 82, Total Train Loss: 0.15, Total Valid Loss: 0.13, Learning Rate: 1.0000000000000002e-06
Epoch: 83, Total Train Loss: 0.15, Total Valid Loss: 0.13, Learning Rate: 1.0000000000000002e-06
Epoch: 84, Total Train Loss: 0.15, Total Valid Loss: 0.13, Learning Rate: 1.0000000000000002e-06
Epoch: 85, Total Train Loss: 0.15, Total Valid Loss: 0.13, Learning Rate: 1.0000000000000002e-06
Epoch: 86, Total Train Loss: 0.15, Total Valid Loss: 0.13, Learning Rate: 1.0000000000000002e-06
Epoch: 87, Total Train Loss: 0.15, Total Valid Loss: 0.13, Learning Rate: 1.0000000000000002e-06
Epoch: 88, Total Train Loss: 0.15, Total Valid Loss: 0.13, Learning Rate: 1.0000000000000002e-06
Epoch: 89, Total Train Loss: 0.15, Total Valid Loss: 0.13, Learning Rate: 1.0000000000000002e-06
Epoch: 90, Total Train Loss: 0.15, Total Valid Loss: 0.13, Learning Rate: 1.0000000000000002e-06
Epoch: 91, Total Train Loss: 0.15, Total Valid Loss: 0.13, Learning Rate: 1.0000000000000002e-06
Epoch: 92, Total Train Loss: 0.15, Total Valid Loss: 0.13, Learning Rate: 1.0000000000000002e-06
Epoch: 93, Total Train Loss: 0.15, Total Valid Loss: 0.13, Learning Rate: 1.0000000000000002e-07
Epoch: 94, Total Train Loss: 0.15, Total Valid Loss: 0.13, Learning Rate: 1.0000000000000002e-07
Epoch: 95, Total Train Loss: 0.15, Total Valid Loss: 0.13, Learning Rate: 1.0000000000000002e-07
Epoch: 96, Total Train Loss: 0.15, Total Valid Loss: 0.13, Learning Rate: 1.0000000000000002e-07
Epoch: 97, Total Train Loss: 0.15, Total Valid Loss: 0.13, Learning Rate: 1.0000000000000002e-07
Epoch: 98, Total Train Loss: 0.15, Total Valid Loss: 0.13, Learning Rate: 1.0000000000000002e-07
Epoch: 99, Total Train Loss: 0.15, Total Valid Loss: 0.13, Learning Rate: 1.0000000000000002e-07
Epoch: 100, Total Train Loss: 0.15, Total Valid Loss: 0.13, Learning Rate: 1.0000000000000002e-07
Epoch: 101, Total Train Loss: 0.15, Total Valid Loss: 0.13, Learning Rate: 1.0000000000000002e-07
Epoch: 102, Total Train Loss: 0.15, Total Valid Loss: 0.13, Learning Rate: 1.0000000000000002e-07
Epoch: 103, Total Train Loss: 0.15, Total Valid Loss: 0.13, Learning Rate: 1.0000000000000002e-07
Epoch: 104, Total Train Loss: 0.15, Total Valid Loss: 0.13, Learning Rate: 1.0000000000000004e-08
Epoch: 105, Total Train Loss: 0.15, Total Valid Loss: 0.13, Learning Rate: 1.0000000000000004e-08
Epoch: 106, Total Train Loss: 0.15, Total Valid Loss: 0.13, Learning Rate: 1.0000000000000004e-08
Epoch: 107, Total Train Loss: 0.15, Total Valid Loss: 0.13, Learning Rate: 1.0000000000000004e-08
Epoch: 108, Total Train Loss: 0.15, Total Valid Loss: 0.13, Learning Rate: 1.0000000000000004e-08
Epoch: 109, Total Train Loss: 0.15, Total Valid Loss: 0.13, Learning Rate: 1.0000000000000004e-08
Epoch: 110, Total Train Loss: 0.15, Total Valid Loss: 0.13, Learning Rate: 1.0000000000000004e-08
Epoch: 111, Total Train Loss: 0.15, Total Valid Loss: 0.13, Learning Rate: 1.0000000000000004e-08
Epoch: 112, Total Train Loss: 0.15, Total Valid Loss: 0.13, Learning Rate: 1.0000000000000004e-08
Epoch: 113, Total Train Loss: 0.15, Total Valid Loss: 0.13, Learning Rate: 1.0000000000000004e-08
Epoch: 114, Total Train Loss: 0.15, Total Valid Loss: 0.13, Learning Rate: 1.0000000000000004e-08
Epoch: 115, Total Train Loss: 0.15, Total Valid Loss: 0.13, Learning Rate: 1.0000000000000004e-08
Epoch: 116, Total Train Loss: 0.15, Total Valid Loss: 0.13, Learning Rate: 1.0000000000000004e-08
Epoch: 117, Total Train Loss: 0.15, Total Valid Loss: 0.13, Learning Rate: 1.0000000000000004e-08
Epoch: 118, Total Train Loss: 0.15, Total Valid Loss: 0.13, Learning Rate: 1.0000000000000004e-08
Epoch: 119, Total Train Loss: 0.15, Total Valid Loss: 0.13, Learning Rate: 1.0000000000000004e-08
Epoch: 120, Total Train Loss: 0.15, Total Valid Loss: 0.13, Learning Rate: 1.0000000000000004e-08
Epoch: 121, Total Train Loss: 0.15, Total Valid Loss: 0.13, Learning Rate: 1.0000000000000004e-08
Epoch: 122, Total Train Loss: 0.15, Total Valid Loss: 0.13, Learning Rate: 1.0000000000000004e-08
Epoch: 123, Total Train Loss: 0.15, Total Valid Loss: 0.13, Learning Rate: 1.0000000000000004e-08
Epoch: 124, Total Train Loss: 0.15, Total Valid Loss: 0.13, Learning Rate: 1.0000000000000004e-08
Epoch: 125, Total Train Loss: 0.15, Total Valid Loss: 0.13, Learning Rate: 1.0000000000000004e-08
Epoch: 126, Total Train Loss: 0.15, Total Valid Loss: 0.13, Learning Rate: 1.0000000000000004e-08
Epoch: 127, Total Train Loss: 0.15, Total Valid Loss: 0.13, Learning Rate: 1.0000000000000004e-08
Epoch: 128, Total Train Loss: 0.15, Total Valid Loss: 0.13, Learning Rate: 1.0000000000000004e-08
Epoch: 129, Total Train Loss: 0.15, Total Valid Loss: 0.13, Learning Rate: 1.0000000000000004e-08
Epoch: 130, Total Train Loss: 0.15, Total Valid Loss: 0.13, Learning Rate: 1.0000000000000004e-08
Epoch: 131, Total Train Loss: 0.15, Total Valid Loss: 0.13, Learning Rate: 1.0000000000000004e-08
Epoch: 132, Total Train Loss: 0.15, Total Valid Loss: 0.13, Learning Rate: 1.0000000000000004e-08
Epoch: 133, Total Train Loss: 0.15, Total Valid Loss: 0.13, Learning Rate: 1.0000000000000004e-08
Epoch: 134, Total Train Loss: 0.15, Total Valid Loss: 0.13, Learning Rate: 1.0000000000000004e-08
Epoch: 135, Total Train Loss: 0.15, Total Valid Loss: 0.13, Learning Rate: 1.0000000000000004e-08
Epoch: 136, Total Train Loss: 0.15, Total Valid Loss: 0.13, Learning Rate: 1.0000000000000004e-08
Epoch: 137, Total Train Loss: 0.15, Total Valid Loss: 0.13, Learning Rate: 1.0000000000000004e-08
Epoch: 138, Total Train Loss: 0.15, Total Valid Loss: 0.13, Learning Rate: 1.0000000000000004e-08
Epoch: 139, Total Train Loss: 0.15, Total Valid Loss: 0.13, Learning Rate: 1.0000000000000004e-08
Epoch: 140, Total Train Loss: 0.15, Total Valid Loss: 0.13, Learning Rate: 1.0000000000000004e-08
Epoch: 141, Total Train Loss: 0.15, Total Valid Loss: 0.13, Learning Rate: 1.0000000000000004e-08
Epoch: 142, Total Train Loss: 0.15, Total Valid Loss: 0.13, Learning Rate: 1.0000000000000004e-08
Epoch: 143, Total Train Loss: 0.15, Total Valid Loss: 0.13, Learning Rate: 1.0000000000000004e-08
Epoch: 144, Total Train Loss: 0.15, Total Valid Loss: 0.13, Learning Rate: 1.0000000000000004e-08
Epoch: 145, Total Train Loss: 0.15, Total Valid Loss: 0.13, Learning Rate: 1.0000000000000004e-08
Epoch: 146, Total Train Loss: 0.15, Total Valid Loss: 0.13, Learning Rate: 1.0000000000000004e-08
Epoch: 147, Total Train Loss: 0.15, Total Valid Loss: 0.13, Learning Rate: 1.0000000000000004e-08
Epoch: 148, Total Train Loss: 0.15, Total Valid Loss: 0.13, Learning Rate: 1.0000000000000004e-08
Epoch: 149, Total Train Loss: 0.15, Total Valid Loss: 0.13, Learning Rate: 1.0000000000000004e-08
Epoch: 150, Total Train Loss: 0.15, Total Valid Loss: 0.13, Learning Rate: 1.0000000000000004e-08
Epoch: 151, Total Train Loss: 0.15, Total Valid Loss: 0.13, Learning Rate: 1.0000000000000004e-08
Epoch: 152, Total Train Loss: 0.15, Total Valid Loss: 0.13, Learning Rate: 1.0000000000000004e-08
Epoch: 153, Total Train Loss: 0.15, Total Valid Loss: 0.13, Learning Rate: 1.0000000000000004e-08
Epoch: 154, Total Train Loss: 0.15, Total Valid Loss: 0.13, Learning Rate: 1.0000000000000004e-08
Epoch: 155, Total Train Loss: 0.15, Total Valid Loss: 0.13, Learning Rate: 1.0000000000000004e-08
Epoch: 156, Total Train Loss: 0.15, Total Valid Loss: 0.13, Learning Rate: 1.0000000000000004e-08
Epoch: 157, Total Train Loss: 0.15, Total Valid Loss: 0.13, Learning Rate: 1.0000000000000004e-08
Epoch: 158, Total Train Loss: 0.15, Total Valid Loss: 0.13, Learning Rate: 1.0000000000000004e-08
Epoch: 159, Total Train Loss: 0.15, Total Valid Loss: 0.13, Learning Rate: 1.0000000000000004e-08
Epoch: 160, Total Train Loss: 0.15, Total Valid Loss: 0.13, Learning Rate: 1.0000000000000004e-08
Epoch: 161, Total Train Loss: 0.15, Total Valid Loss: 0.13, Learning Rate: 1.0000000000000004e-08
Epoch: 162, Total Train Loss: 0.15, Total Valid Loss: 0.13, Learning Rate: 1.0000000000000004e-08
Epoch: 163, Total Train Loss: 0.15, Total Valid Loss: 0.13, Learning Rate: 1.0000000000000004e-08
Epoch: 164, Total Train Loss: 0.15, Total Valid Loss: 0.13, Learning Rate: 1.0000000000000004e-08
Epoch: 165, Total Train Loss: 0.15, Total Valid Loss: 0.13, Learning Rate: 1.0000000000000004e-08
Epoch: 166, Total Train Loss: 0.15, Total Valid Loss: 0.13, Learning Rate: 1.0000000000000004e-08
Epoch: 167, Total Train Loss: 0.15, Total Valid Loss: 0.13, Learning Rate: 1.0000000000000004e-08
Epoch: 168, Total Train Loss: 0.15, Total Valid Loss: 0.13, Learning Rate: 1.0000000000000004e-08
Epoch: 169, Total Train Loss: 0.15, Total Valid Loss: 0.13, Learning Rate: 1.0000000000000004e-08
Epoch: 170, Total Train Loss: 0.15, Total Valid Loss: 0.13, Learning Rate: 1.0000000000000004e-08
Epoch: 171, Total Train Loss: 0.15, Total Valid Loss: 0.13, Learning Rate: 1.0000000000000004e-08
Epoch: 172, Total Train Loss: 0.15, Total Valid Loss: 0.13, Learning Rate: 1.0000000000000004e-08
Epoch: 173, Total Train Loss: 0.15, Total Valid Loss: 0.13, Learning Rate: 1.0000000000000004e-08
Epoch: 174, Total Train Loss: 0.15, Total Valid Loss: 0.13, Learning Rate: 1.0000000000000004e-08
Epoch: 175, Total Train Loss: 0.15, Total Valid Loss: 0.13, Learning Rate: 1.0000000000000004e-08
Epoch: 176, Total Train Loss: 0.15, Total Valid Loss: 0.13, Learning Rate: 1.0000000000000004e-08
Epoch: 177, Total Train Loss: 0.15, Total Valid Loss: 0.13, Learning Rate: 1.0000000000000004e-08
Epoch: 178, Total Train Loss: 0.15, Total Valid Loss: 0.13, Learning Rate: 1.0000000000000004e-08
Epoch: 179, Total Train Loss: 0.15, Total Valid Loss: 0.13, Learning Rate: 1.0000000000000004e-08
Epoch: 180, Total Train Loss: 0.15, Total Valid Loss: 0.13, Learning Rate: 1.0000000000000004e-08
Epoch: 181, Total Train Loss: 0.15, Total Valid Loss: 0.13, Learning Rate: 1.0000000000000004e-08
Epoch: 182, Total Train Loss: 0.15, Total Valid Loss: 0.13, Learning Rate: 1.0000000000000004e-08
Epoch: 183, Total Train Loss: 0.15, Total Valid Loss: 0.13, Learning Rate: 1.0000000000000004e-08
Epoch: 184, Total Train Loss: 0.15, Total Valid Loss: 0.13, Learning Rate: 1.0000000000000004e-08
Epoch: 185, Total Train Loss: 0.15, Total Valid Loss: 0.13, Learning Rate: 1.0000000000000004e-08
Epoch: 186, Total Train Loss: 0.15, Total Valid Loss: 0.13, Learning Rate: 1.0000000000000004e-08
Epoch: 187, Total Train Loss: 0.15, Total Valid Loss: 0.13, Learning Rate: 1.0000000000000004e-08
Epoch: 188, Total Train Loss: 0.15, Total Valid Loss: 0.13, Learning Rate: 1.0000000000000004e-08
Epoch: 189, Total Train Loss: 0.15, Total Valid Loss: 0.13, Learning Rate: 1.0000000000000004e-08
Epoch: 190, Total Train Loss: 0.15, Total Valid Loss: 0.13, Learning Rate: 1.0000000000000004e-08
Epoch: 191, Total Train Loss: 0.15, Total Valid Loss: 0.13, Learning Rate: 1.0000000000000004e-08
Epoch: 192, Total Train Loss: 0.15, Total Valid Loss: 0.13, Learning Rate: 1.0000000000000004e-08
Epoch: 193, Total Train Loss: 0.15, Total Valid Loss: 0.13, Learning Rate: 1.0000000000000004e-08
Epoch: 194, Total Train Loss: 0.15, Total Valid Loss: 0.13, Learning Rate: 1.0000000000000004e-08
Epoch: 195, Total Train Loss: 0.15, Total Valid Loss: 0.13, Learning Rate: 1.0000000000000004e-08
Epoch: 196, Total Train Loss: 0.15, Total Valid Loss: 0.13, Learning Rate: 1.0000000000000004e-08
Epoch: 197, Total Train Loss: 0.15, Total Valid Loss: 0.13, Learning Rate: 1.0000000000000004e-08
Epoch: 198, Total Train Loss: 0.15, Total Valid Loss: 0.13, Learning Rate: 1.0000000000000004e-08
Epoch: 199, Total Train Loss: 0.15, Total Valid Loss: 0.13, Learning Rate: 1.0000000000000004e-08
Starting Latent Downstream Task
Epoch: 1, Train Loss: 0.4937, Valid Loss: 0.3153, LR: 0.001
Epoch: 2, Train Loss: 0.2069, Valid Loss: 0.1847, LR: 0.001
Epoch: 3, Train Loss: 0.1488, Valid Loss: 0.1588, LR: 0.001
Epoch: 4, Train Loss: 0.1350, Valid Loss: 0.1905, LR: 0.001
Epoch: 5, Train Loss: 0.1159, Valid Loss: 0.1886, LR: 0.001
Epoch: 6, Train Loss: 0.1140, Valid Loss: 0.1569, LR: 0.001
Epoch: 7, Train Loss: 0.1046, Valid Loss: 0.1410, LR: 0.001
Epoch: 8, Train Loss: 0.1004, Valid Loss: 0.1470, LR: 0.001
Epoch: 9, Train Loss: 0.1021, Valid Loss: 0.1729, LR: 0.001
Epoch: 10, Train Loss: 0.1131, Valid Loss: 0.1484, LR: 0.001
Epoch: 11, Train Loss: 0.1218, Valid Loss: 0.1574, LR: 0.001
Epoch: 12, Train Loss: 0.0989, Valid Loss: 0.1515, LR: 0.001
Epoch: 13, Train Loss: 0.1062, Valid Loss: 0.1649, LR: 0.001
Epoch: 14, Train Loss: 0.0978, Valid Loss: 0.1523, LR: 0.001
Epoch: 15, Train Loss: 0.0947, Valid Loss: 0.1388, LR: 0.001
Epoch: 16, Train Loss: 0.1176, Valid Loss: 0.1522, LR: 0.001
Epoch: 17, Train Loss: 0.1024, Valid Loss: 0.1535, LR: 0.001
Epoch: 18, Train Loss: 0.1098, Valid Loss: 0.1832, LR: 0.001
Epoch: 19, Train Loss: 0.0980, Valid Loss: 0.1548, LR: 0.001
Epoch: 20, Train Loss: 0.1074, Valid Loss: 0.1473, LR: 0.001
Epoch: 21, Train Loss: 0.1127, Valid Loss: 0.1687, LR: 0.001
Epoch: 22, Train Loss: 0.0986, Valid Loss: 0.1616, LR: 0.001
Epoch: 23, Train Loss: 0.0974, Valid Loss: 0.2056, LR: 0.001
Epoch: 24, Train Loss: 0.1129, Valid Loss: 0.1683, LR: 0.001
Epoch: 25, Train Loss: 0.1028, Valid Loss: 0.1487, LR: 0.001
Epoch: 26, Train Loss: 0.0987, Valid Loss: 0.1571, LR: 0.0001
Epoch: 27, Train Loss: 0.0877, Valid Loss: 0.1374, LR: 0.0001
Epoch: 28, Train Loss: 0.0771, Valid Loss: 0.1406, LR: 0.0001
Epoch: 29, Train Loss: 0.0719, Valid Loss: 0.1380, LR: 0.0001
Epoch: 30, Train Loss: 0.0703, Valid Loss: 0.1379, LR: 0.0001
Epoch: 31, Train Loss: 0.0776, Valid Loss: 0.1426, LR: 0.0001
Epoch: 32, Train Loss: 0.0582, Valid Loss: 0.1483, LR: 0.0001
Epoch: 33, Train Loss: 0.0670, Valid Loss: 0.1430, LR: 0.0001
Epoch: 34, Train Loss: 0.0594, Valid Loss: 0.1461, LR: 0.0001
Epoch: 35, Train Loss: 0.0595, Valid Loss: 0.1457, LR: 0.0001
Epoch: 36, Train Loss: 0.0619, Valid Loss: 0.1505, LR: 0.0001
Epoch: 37, Train Loss: 0.0581, Valid Loss: 0.1409, LR: 0.0001
Epoch: 38, Train Loss: 0.0526, Valid Loss: 0.1463, LR: 1e-05
Epoch: 39, Train Loss: 0.0516, Valid Loss: 0.1400, LR: 1e-05
Epoch: 40, Train Loss: 0.0554, Valid Loss: 0.1397, LR: 1e-05
Epoch: 41, Train Loss: 0.0531, Valid Loss: 0.1429, LR: 1e-05
Epoch: 42, Train Loss: 0.0541, Valid Loss: 0.1445, LR: 1e-05
Epoch: 43, Train Loss: 0.0539, Valid Loss: 0.1431, LR: 1e-05
Epoch: 44, Train Loss: 0.0524, Valid Loss: 0.1439, LR: 1e-05
Epoch: 45, Train Loss: 0.0564, Valid Loss: 0.1401, LR: 1e-05
Epoch: 46, Train Loss: 0.0490, Valid Loss: 0.1493, LR: 1e-05
Epoch: 47, Train Loss: 0.0515, Valid Loss: 0.1498, LR: 1e-05
Epoch: 48, Train Loss: 0.0498, Valid Loss: 0.1485, LR: 1e-05
Epoch: 49, Train Loss: 0.0549, Valid Loss: 0.1436, LR: 1.0000000000000002e-06
Epoch: 50, Train Loss: 0.0503, Valid Loss: 0.1466, LR: 1.0000000000000002e-06
Epoch: 51, Train Loss: 0.0549, Valid Loss: 0.1509, LR: 1.0000000000000002e-06
Epoch: 52, Train Loss: 0.0470, Valid Loss: 0.1436, LR: 1.0000000000000002e-06
Epoch: 53, Train Loss: 0.0488, Valid Loss: 0.1474, LR: 1.0000000000000002e-06
Epoch: 54, Train Loss: 0.0484, Valid Loss: 0.1542, LR: 1.0000000000000002e-06
Epoch: 55, Train Loss: 0.0488, Valid Loss: 0.1542, LR: 1.0000000000000002e-06
Epoch: 56, Train Loss: 0.0492, Valid Loss: 0.1521, LR: 1.0000000000000002e-06
Epoch: 57, Train Loss: 0.0483, Valid Loss: 0.1525, LR: 1.0000000000000002e-06
Epoch: 58, Train Loss: 0.0549, Valid Loss: 0.1501, LR: 1.0000000000000002e-06
Epoch: 59, Train Loss: 0.0524, Valid Loss: 0.1452, LR: 1.0000000000000002e-06
Epoch: 60, Train Loss: 0.0476, Valid Loss: 0.1496, LR: 1.0000000000000002e-07
Epoch: 61, Train Loss: 0.0461, Valid Loss: 0.1487, LR: 1.0000000000000002e-07
Epoch: 62, Train Loss: 0.0484, Valid Loss: 0.1454, LR: 1.0000000000000002e-07
Epoch: 63, Train Loss: 0.0545, Valid Loss: 0.1485, LR: 1.0000000000000002e-07
Epoch: 64, Train Loss: 0.0512, Valid Loss: 0.1504, LR: 1.0000000000000002e-07
Epoch: 65, Train Loss: 0.0480, Valid Loss: 0.1548, LR: 1.0000000000000002e-07
Epoch: 66, Train Loss: 0.0495, Valid Loss: 0.1454, LR: 1.0000000000000002e-07
Epoch: 67, Train Loss: 0.0513, Valid Loss: 0.1473, LR: 1.0000000000000002e-07
Epoch: 68, Train Loss: 0.0503, Valid Loss: 0.1440, LR: 1.0000000000000002e-07
Epoch: 69, Train Loss: 0.0495, Valid Loss: 0.1472, LR: 1.0000000000000002e-07
Epoch: 70, Train Loss: 0.0477, Valid Loss: 0.1439, LR: 1.0000000000000002e-07
Epoch: 71, Train Loss: 0.0489, Valid Loss: 0.1478, LR: 1.0000000000000004e-08
Epoch: 72, Train Loss: 0.0521, Valid Loss: 0.1466, LR: 1.0000000000000004e-08
Epoch: 73, Train Loss: 0.0509, Valid Loss: 0.1464, LR: 1.0000000000000004e-08
Epoch: 74, Train Loss: 0.0481, Valid Loss: 0.1472, LR: 1.0000000000000004e-08
Epoch: 75, Train Loss: 0.0472, Valid Loss: 0.1479, LR: 1.0000000000000004e-08
Epoch: 76, Train Loss: 0.0476, Valid Loss: 0.1462, LR: 1.0000000000000004e-08
Epoch: 77, Train Loss: 0.0502, Valid Loss: 0.1488, LR: 1.0000000000000004e-08
Epoch: 78, Train Loss: 0.0509, Valid Loss: 0.1486, LR: 1.0000000000000004e-08
Epoch: 79, Train Loss: 0.0460, Valid Loss: 0.1459, LR: 1.0000000000000004e-08
Epoch: 80, Train Loss: 0.0484, Valid Loss: 0.1491, LR: 1.0000000000000004e-08
Epoch: 81, Train Loss: 0.0522, Valid Loss: 0.1475, LR: 1.0000000000000004e-08
Epoch: 82, Train Loss: 0.0509, Valid Loss: 0.1524, LR: 1.0000000000000004e-08
Epoch: 83, Train Loss: 0.0539, Valid Loss: 0.1503, LR: 1.0000000000000004e-08
Epoch: 84, Train Loss: 0.0499, Valid Loss: 0.1460, LR: 1.0000000000000004e-08
Epoch: 85, Train Loss: 0.0506, Valid Loss: 0.1434, LR: 1.0000000000000004e-08
Epoch: 86, Train Loss: 0.0489, Valid Loss: 0.1475, LR: 1.0000000000000004e-08
Epoch: 87, Train Loss: 0.0523, Valid Loss: 0.1490, LR: 1.0000000000000004e-08
Epoch: 88, Train Loss: 0.0516, Valid Loss: 0.1427, LR: 1.0000000000000004e-08
Epoch: 89, Train Loss: 0.0477, Valid Loss: 0.1475, LR: 1.0000000000000004e-08
Epoch: 90, Train Loss: 0.0505, Valid Loss: 0.1517, LR: 1.0000000000000004e-08
Epoch: 91, Train Loss: 0.0515, Valid Loss: 0.1433, LR: 1.0000000000000004e-08
Epoch: 92, Train Loss: 0.0467, Valid Loss: 0.1449, LR: 1.0000000000000004e-08
Epoch: 93, Train Loss: 0.0549, Valid Loss: 0.1482, LR: 1.0000000000000004e-08
Epoch: 94, Train Loss: 0.0469, Valid Loss: 0.1475, LR: 1.0000000000000004e-08
Epoch: 95, Train Loss: 0.0507, Valid Loss: 0.1468, LR: 1.0000000000000004e-08
Epoch: 96, Train Loss: 0.0496, Valid Loss: 0.1477, LR: 1.0000000000000004e-08
Epoch: 97, Train Loss: 0.0511, Valid Loss: 0.1408, LR: 1.0000000000000004e-08
Epoch: 98, Train Loss: 0.0493, Valid Loss: 0.1468, LR: 1.0000000000000004e-08
Epoch: 99, Train Loss: 0.0478, Valid Loss: 0.1464, LR: 1.0000000000000004e-08
Epoch: 100, Train Loss: 0.0483, Valid Loss: 0.1496, LR: 1.0000000000000004e-08
Test Loss: 0.1620
MSE Loss Between Generated and Conditioned: 341551.3750
Epoch: 1, Loss: 1.0099
MSE Loss Between Generated and Conditioned: 78042.4766
Epoch: 2, Loss: 0.9082
MSE Loss Between Generated and Conditioned: 52350.7148
Epoch: 3, Loss: 0.8329
MSE Loss Between Generated and Conditioned: 40913.6406
Epoch: 4, Loss: 0.7728
MSE Loss Between Generated and Conditioned: 34322.2422
Epoch: 5, Loss: 0.7218
MSE Loss Between Generated and Conditioned: 27904.7559
Epoch: 6, Loss: 0.6784
MSE Loss Between Generated and Conditioned: 26888.3652
Epoch: 7, Loss: 0.6412
MSE Loss Between Generated and Conditioned: 23729.6758
Epoch: 8, Loss: 0.6097
MSE Loss Between Generated and Conditioned: 19037.8535
Epoch: 9, Loss: 0.5821
MSE Loss Between Generated and Conditioned: 17640.0332
Epoch: 10, Loss: 0.5587
MSE Loss Between Generated and Conditioned: 13811.6221
Epoch: 11, Loss: 0.5375
MSE Loss Between Generated and Conditioned: 12232.6611
Epoch: 12, Loss: 0.5181
MSE Loss Between Generated and Conditioned: 11426.5986
Epoch: 13, Loss: 0.5003
MSE Loss Between Generated and Conditioned: 7438.7495
Epoch: 14, Loss: 0.4839
MSE Loss Between Generated and Conditioned: 6625.3921
Epoch: 15, Loss: 0.4690
MSE Loss Between Generated and Conditioned: 5945.1924
Epoch: 16, Loss: 0.4552
MSE Loss Between Generated and Conditioned: 7173.7422
Epoch: 17, Loss: 0.4429
MSE Loss Between Generated and Conditioned: 5063.8096
Epoch: 18, Loss: 0.4322
MSE Loss Between Generated and Conditioned: 4816.0781
Epoch: 19, Loss: 0.4220
MSE Loss Between Generated and Conditioned: 4824.9253
Epoch: 20, Loss: 0.4126
MSE Loss Between Generated and Conditioned: 4263.0269
Epoch: 21, Loss: 0.4038
MSE Loss Between Generated and Conditioned: 5079.4312
Epoch: 22, Loss: 0.3956
MSE Loss Between Generated and Conditioned: 4131.9272
Epoch: 23, Loss: 0.3878
MSE Loss Between Generated and Conditioned: 3342.7310
Epoch: 24, Loss: 0.3809
MSE Loss Between Generated and Conditioned: 2976.1482
Epoch: 25, Loss: 0.3739
MSE Loss Between Generated and Conditioned: 3596.5742
Epoch: 26, Loss: 0.3674
MSE Loss Between Generated and Conditioned: 2746.9270
Epoch: 27, Loss: 0.3613
MSE Loss Between Generated and Conditioned: 2432.9734
Epoch: 28, Loss: 0.3555
MSE Loss Between Generated and Conditioned: 1571.9551
Epoch: 29, Loss: 0.3498
MSE Loss Between Generated and Conditioned: 2432.0339
Epoch: 30, Loss: 0.3444
MSE Loss Between Generated and Conditioned: 1731.6692
Epoch: 31, Loss: 0.3394
MSE Loss Between Generated and Conditioned: 1838.1805
Epoch: 32, Loss: 0.3347
MSE Loss Between Generated and Conditioned: 1774.1926
Epoch: 33, Loss: 0.3301
MSE Loss Between Generated and Conditioned: 1512.9623
Epoch: 34, Loss: 0.3257
MSE Loss Between Generated and Conditioned: 1651.1125
Epoch: 35, Loss: 0.3218
MSE Loss Between Generated and Conditioned: 3648.0278
Epoch: 36, Loss: 0.3180
MSE Loss Between Generated and Conditioned: 1425.2640
Epoch: 37, Loss: 0.3143
MSE Loss Between Generated and Conditioned: 1409.7365
Epoch: 38, Loss: 0.3108
MSE Loss Between Generated and Conditioned: 1108.2947
Epoch: 39, Loss: 0.3072
MSE Loss Between Generated and Conditioned: 696.0345
Epoch: 40, Loss: 0.3039
MSE Loss Between Generated and Conditioned: 1085.5635
Epoch: 41, Loss: 0.3007
MSE Loss Between Generated and Conditioned: 609.4084
Epoch: 42, Loss: 0.2978
MSE Loss Between Generated and Conditioned: 353.4174
Epoch: 43, Loss: 0.2947
MSE Loss Between Generated and Conditioned: 419.6328
Epoch: 44, Loss: 0.2917
MSE Loss Between Generated and Conditioned: 489.9083
Epoch: 45, Loss: 0.2889
MSE Loss Between Generated and Conditioned: 488.5171
Epoch: 46, Loss: 0.2861
MSE Loss Between Generated and Conditioned: 506.3718
Epoch: 47, Loss: 0.2834
MSE Loss Between Generated and Conditioned: 772.7474
Epoch: 48, Loss: 0.2807
MSE Loss Between Generated and Conditioned: 507.0242
Epoch: 49, Loss: 0.2782
MSE Loss Between Generated and Conditioned: 339.6564
Epoch: 50, Loss: 0.2760
MSE Loss Between Generated and Conditioned: 389.7006
Epoch: 51, Loss: 0.2736
MSE Loss Between Generated and Conditioned: 314.6598
Epoch: 52, Loss: 0.2713
MSE Loss Between Generated and Conditioned: 209.7333
Epoch: 53, Loss: 0.2692
MSE Loss Between Generated and Conditioned: 216.8072
Epoch: 54, Loss: 0.2671
MSE Loss Between Generated and Conditioned: 265.6311
Epoch: 55, Loss: 0.2650
MSE Loss Between Generated and Conditioned: 188.7448
Epoch: 56, Loss: 0.2631
MSE Loss Between Generated and Conditioned: 188.9303
Epoch: 57, Loss: 0.2611
MSE Loss Between Generated and Conditioned: 239.6099
Epoch: 58, Loss: 0.2592
MSE Loss Between Generated and Conditioned: 275.3918
Epoch: 59, Loss: 0.2574
MSE Loss Between Generated and Conditioned: 295.3114
Epoch: 60, Loss: 0.2556
MSE Loss Between Generated and Conditioned: 193.3423
Epoch: 61, Loss: 0.2538
MSE Loss Between Generated and Conditioned: 125.7633
Epoch: 62, Loss: 0.2522
MSE Loss Between Generated and Conditioned: 136.4481
Epoch: 63, Loss: 0.2506
MSE Loss Between Generated and Conditioned: 91.0113
Epoch: 64, Loss: 0.2490
MSE Loss Between Generated and Conditioned: 103.6646
Epoch: 65, Loss: 0.2473
MSE Loss Between Generated and Conditioned: 67.8045
Epoch: 66, Loss: 0.2457
MSE Loss Between Generated and Conditioned: 184.3958
Epoch: 67, Loss: 0.2442
MSE Loss Between Generated and Conditioned: 170.7541
Epoch: 68, Loss: 0.2428
MSE Loss Between Generated and Conditioned: 101.9415
Epoch: 69, Loss: 0.2413
MSE Loss Between Generated and Conditioned: 64.0375
Epoch: 70, Loss: 0.2400
MSE Loss Between Generated and Conditioned: 129.1463
Epoch: 71, Loss: 0.2386
MSE Loss Between Generated and Conditioned: 72.7199
Epoch: 72, Loss: 0.2373
MSE Loss Between Generated and Conditioned: 42.6320
Epoch: 73, Loss: 0.2360
MSE Loss Between Generated and Conditioned: 42.2814
Epoch: 74, Loss: 0.2348
MSE Loss Between Generated and Conditioned: 37.8862
Epoch: 75, Loss: 0.2337
MSE Loss Between Generated and Conditioned: 57.7666
Epoch: 76, Loss: 0.2326
MSE Loss Between Generated and Conditioned: 47.8947
Epoch: 77, Loss: 0.2315
MSE Loss Between Generated and Conditioned: 60.4977
Epoch: 78, Loss: 0.2304
MSE Loss Between Generated and Conditioned: 49.4777
Epoch: 79, Loss: 0.2292
MSE Loss Between Generated and Conditioned: 62.6254
Epoch: 80, Loss: 0.2282
MSE Loss Between Generated and Conditioned: 42.7405
Epoch: 81, Loss: 0.2271
MSE Loss Between Generated and Conditioned: 36.0769
Epoch: 82, Loss: 0.2261
MSE Loss Between Generated and Conditioned: 48.2138
Epoch: 83, Loss: 0.2250
MSE Loss Between Generated and Conditioned: 72.8731
Epoch: 84, Loss: 0.2241
MSE Loss Between Generated and Conditioned: 65.6150
Epoch: 85, Loss: 0.2231
MSE Loss Between Generated and Conditioned: 26.1330
Epoch: 86, Loss: 0.2221
MSE Loss Between Generated and Conditioned: 45.6318
Epoch: 87, Loss: 0.2212
MSE Loss Between Generated and Conditioned: 30.8294
Epoch: 88, Loss: 0.2203
MSE Loss Between Generated and Conditioned: 30.3217
Epoch: 89, Loss: 0.2195
MSE Loss Between Generated and Conditioned: 49.0126
Epoch: 90, Loss: 0.2187
MSE Loss Between Generated and Conditioned: 36.2022
Epoch: 91, Loss: 0.2178
MSE Loss Between Generated and Conditioned: 68.7412
Epoch: 92, Loss: 0.2170
MSE Loss Between Generated and Conditioned: 20.3138
Epoch: 93, Loss: 0.2162
MSE Loss Between Generated and Conditioned: 20.5541
Epoch: 94, Loss: 0.2153
MSE Loss Between Generated and Conditioned: 41.0424
Epoch: 95, Loss: 0.2146
MSE Loss Between Generated and Conditioned: 21.4577
Epoch: 96, Loss: 0.2138
MSE Loss Between Generated and Conditioned: 31.6612
Epoch: 97, Loss: 0.2130
MSE Loss Between Generated and Conditioned: 23.8843
Epoch: 98, Loss: 0.2123
MSE Loss Between Generated and Conditioned: 20.2351
Epoch: 99, Loss: 0.2116
MSE Loss Between Generated and Conditioned: 16.7537
Epoch: 100, Loss: 0.2108
MSE Loss Between Generated and Conditioned: 54.2300
Epoch: 101, Loss: 0.2102
MSE Loss Between Generated and Conditioned: 29.0081
Epoch: 102, Loss: 0.2095
MSE Loss Between Generated and Conditioned: 29.2494
Epoch: 103, Loss: 0.2089
MSE Loss Between Generated and Conditioned: 12.2756
Epoch: 104, Loss: 0.2082
MSE Loss Between Generated and Conditioned: 9.3005
Epoch: 105, Loss: 0.2076
MSE Loss Between Generated and Conditioned: 18.2783
Epoch: 106, Loss: 0.2070
MSE Loss Between Generated and Conditioned: 36.3204
Epoch: 107, Loss: 0.2064
MSE Loss Between Generated and Conditioned: 10.5484
Epoch: 108, Loss: 0.2058
MSE Loss Between Generated and Conditioned: 13.9640
Epoch: 109, Loss: 0.2051
MSE Loss Between Generated and Conditioned: 10.4505
Epoch: 110, Loss: 0.2045
MSE Loss Between Generated and Conditioned: 7.3597
Epoch: 111, Loss: 0.2039
MSE Loss Between Generated and Conditioned: 15.4675
Epoch: 112, Loss: 0.2033
MSE Loss Between Generated and Conditioned: 23.2944
Epoch: 113, Loss: 0.2027
MSE Loss Between Generated and Conditioned: 27.6144
Epoch: 114, Loss: 0.2021
MSE Loss Between Generated and Conditioned: 6.6945
Epoch: 115, Loss: 0.2015
MSE Loss Between Generated and Conditioned: 10.1502
Epoch: 116, Loss: 0.2010
MSE Loss Between Generated and Conditioned: 13.6889
Epoch: 117, Loss: 0.2004
MSE Loss Between Generated and Conditioned: 20.4791
Epoch: 118, Loss: 0.2000
MSE Loss Between Generated and Conditioned: 14.5531
Epoch: 119, Loss: 0.1995
MSE Loss Between Generated and Conditioned: 27.8130
Epoch: 120, Loss: 0.1990
MSE Loss Between Generated and Conditioned: 10.1298
Epoch: 121, Loss: 0.1985
MSE Loss Between Generated and Conditioned: 5.9074
Epoch: 122, Loss: 0.1981
MSE Loss Between Generated and Conditioned: 10.6687
Epoch: 123, Loss: 0.1977
MSE Loss Between Generated and Conditioned: 7.4446
Epoch: 124, Loss: 0.1973
MSE Loss Between Generated and Conditioned: 18.4612
Epoch: 125, Loss: 0.1968
MSE Loss Between Generated and Conditioned: 11.3259
Epoch: 126, Loss: 0.1964
MSE Loss Between Generated and Conditioned: 16.7812
Epoch: 127, Loss: 0.1959
MSE Loss Between Generated and Conditioned: 12.9203
Epoch: 128, Loss: 0.1955
MSE Loss Between Generated and Conditioned: 9.4382
Epoch: 129, Loss: 0.1951
MSE Loss Between Generated and Conditioned: 16.4663
Epoch: 130, Loss: 0.1947
MSE Loss Between Generated and Conditioned: 16.7047
Epoch: 131, Loss: 0.1943
MSE Loss Between Generated and Conditioned: 7.2356
Epoch: 132, Loss: 0.1939
MSE Loss Between Generated and Conditioned: 4.4638
Epoch: 133, Loss: 0.1935
MSE Loss Between Generated and Conditioned: 7.5329
Epoch: 134, Loss: 0.1931
MSE Loss Between Generated and Conditioned: 7.5118
Epoch: 135, Loss: 0.1927
MSE Loss Between Generated and Conditioned: 12.1790
Epoch: 136, Loss: 0.1924
MSE Loss Between Generated and Conditioned: 10.4656
Epoch: 137, Loss: 0.1919
MSE Loss Between Generated and Conditioned: 7.9343
Epoch: 138, Loss: 0.1915
MSE Loss Between Generated and Conditioned: 8.7646
Epoch: 139, Loss: 0.1912
MSE Loss Between Generated and Conditioned: 7.4637
Epoch: 140, Loss: 0.1908
MSE Loss Between Generated and Conditioned: 3.1131
Epoch: 141, Loss: 0.1905
MSE Loss Between Generated and Conditioned: 7.1464
Epoch: 142, Loss: 0.1901
MSE Loss Between Generated and Conditioned: 9.4025
Epoch: 143, Loss: 0.1898
MSE Loss Between Generated and Conditioned: 5.1666
Epoch: 144, Loss: 0.1895
MSE Loss Between Generated and Conditioned: 3.9431
Epoch: 145, Loss: 0.1891
MSE Loss Between Generated and Conditioned: 2.2016
Epoch: 146, Loss: 0.1887
MSE Loss Between Generated and Conditioned: 5.1727
Epoch: 147, Loss: 0.1884
MSE Loss Between Generated and Conditioned: 8.3489
Epoch: 148, Loss: 0.1881
MSE Loss Between Generated and Conditioned: 10.2454
Epoch: 149, Loss: 0.1877
MSE Loss Between Generated and Conditioned: 4.4517
Epoch: 150, Loss: 0.1874
MSE Loss Between Generated and Conditioned: 12.2097
Epoch: 151, Loss: 0.1870
MSE Loss Between Generated and Conditioned: 7.2614
Epoch: 152, Loss: 0.1867
MSE Loss Between Generated and Conditioned: 5.6349
Epoch: 153, Loss: 0.1864
MSE Loss Between Generated and Conditioned: 10.7499
Epoch: 154, Loss: 0.1861
MSE Loss Between Generated and Conditioned: 8.7358
Epoch: 155, Loss: 0.1858
MSE Loss Between Generated and Conditioned: 5.8977
Epoch: 156, Loss: 0.1855
MSE Loss Between Generated and Conditioned: 5.9585
Epoch: 157, Loss: 0.1852
MSE Loss Between Generated and Conditioned: 13.2992
Epoch: 158, Loss: 0.1849
MSE Loss Between Generated and Conditioned: 3.6825
Epoch: 159, Loss: 0.1846
MSE Loss Between Generated and Conditioned: 4.3085
Epoch: 160, Loss: 0.1843
MSE Loss Between Generated and Conditioned: 6.7506
Epoch: 161, Loss: 0.1840
MSE Loss Between Generated and Conditioned: 10.9930
Epoch: 162, Loss: 0.1837
MSE Loss Between Generated and Conditioned: 3.0621
Epoch: 163, Loss: 0.1835
MSE Loss Between Generated and Conditioned: 1.8160
Epoch: 164, Loss: 0.1832
MSE Loss Between Generated and Conditioned: 3.2620
Epoch: 165, Loss: 0.1830
MSE Loss Between Generated and Conditioned: 4.8105
Epoch: 166, Loss: 0.1827
MSE Loss Between Generated and Conditioned: 7.0938
Epoch: 167, Loss: 0.1824
MSE Loss Between Generated and Conditioned: 3.7356
Epoch: 168, Loss: 0.1822
MSE Loss Between Generated and Conditioned: 3.1288
Epoch: 169, Loss: 0.1819
MSE Loss Between Generated and Conditioned: 3.8864
Epoch: 170, Loss: 0.1816
MSE Loss Between Generated and Conditioned: 3.3704
Epoch: 171, Loss: 0.1814
MSE Loss Between Generated and Conditioned: 6.7863
Epoch: 172, Loss: 0.1811
MSE Loss Between Generated and Conditioned: 7.3829
Epoch: 173, Loss: 0.1809
MSE Loss Between Generated and Conditioned: 5.4136
Epoch: 174, Loss: 0.1807
MSE Loss Between Generated and Conditioned: 2.8722
Epoch: 175, Loss: 0.1804
MSE Loss Between Generated and Conditioned: 2.6189
Epoch: 176, Loss: 0.1802
MSE Loss Between Generated and Conditioned: 4.7538
Epoch: 177, Loss: 0.1799
MSE Loss Between Generated and Conditioned: 4.2389
Epoch: 178, Loss: 0.1797
MSE Loss Between Generated and Conditioned: 5.6768
Epoch: 179, Loss: 0.1795
MSE Loss Between Generated and Conditioned: 2.5397
Epoch: 180, Loss: 0.1792
MSE Loss Between Generated and Conditioned: 2.5673
Epoch: 181, Loss: 0.1790
MSE Loss Between Generated and Conditioned: 2.8331
Epoch: 182, Loss: 0.1788
MSE Loss Between Generated and Conditioned: 4.2440
Epoch: 183, Loss: 0.1785
MSE Loss Between Generated and Conditioned: 4.2424
Epoch: 184, Loss: 0.1783
MSE Loss Between Generated and Conditioned: 2.0909
Epoch: 185, Loss: 0.1781
MSE Loss Between Generated and Conditioned: 5.1126
Epoch: 186, Loss: 0.1779
MSE Loss Between Generated and Conditioned: 2.8149
Epoch: 187, Loss: 0.1777
MSE Loss Between Generated and Conditioned: 2.6936
Epoch: 188, Loss: 0.1774
MSE Loss Between Generated and Conditioned: 1.4535
Epoch: 189, Loss: 0.1773
MSE Loss Between Generated and Conditioned: 2.7402
Epoch: 190, Loss: 0.1771
MSE Loss Between Generated and Conditioned: 3.6268
Epoch: 191, Loss: 0.1768
MSE Loss Between Generated and Conditioned: 4.0537
Epoch: 192, Loss: 0.1766
MSE Loss Between Generated and Conditioned: 5.7419
Epoch: 193, Loss: 0.1764
MSE Loss Between Generated and Conditioned: 4.0100
Epoch: 194, Loss: 0.1762
MSE Loss Between Generated and Conditioned: 1.8646
Epoch: 195, Loss: 0.1759
MSE Loss Between Generated and Conditioned: 2.6064
Epoch: 196, Loss: 0.1758
MSE Loss Between Generated and Conditioned: 4.4827
Epoch: 197, Loss: 0.1756
MSE Loss Between Generated and Conditioned: 7.6033
Epoch: 198, Loss: 0.1754
MSE Loss Between Generated and Conditioned: 1.9060
Epoch: 199, Loss: 0.1752
MSE Loss Between Generated and Conditioned: 1.2886
Epoch: 200, Loss: 0.1750
MSE Loss Between Generated and Conditioned: 3.1640
Epoch: 201, Loss: 0.1748
MSE Loss Between Generated and Conditioned: 3.5000
Epoch: 202, Loss: 0.1746
MSE Loss Between Generated and Conditioned: 3.0043
Epoch: 203, Loss: 0.1744
MSE Loss Between Generated and Conditioned: 2.7711
Epoch: 204, Loss: 0.1742
MSE Loss Between Generated and Conditioned: 1.5661
Epoch: 205, Loss: 0.1740
MSE Loss Between Generated and Conditioned: 2.6645
Epoch: 206, Loss: 0.1738
MSE Loss Between Generated and Conditioned: 1.6887
Epoch: 207, Loss: 0.1736
MSE Loss Between Generated and Conditioned: 2.7395
Epoch: 208, Loss: 0.1734
MSE Loss Between Generated and Conditioned: 1.6286
Epoch: 209, Loss: 0.1733
MSE Loss Between Generated and Conditioned: 3.5892
Epoch: 210, Loss: 0.1731
MSE Loss Between Generated and Conditioned: 2.3248
Epoch: 211, Loss: 0.1729
MSE Loss Between Generated and Conditioned: 1.9590
Epoch: 212, Loss: 0.1727
MSE Loss Between Generated and Conditioned: 2.1879
Epoch: 213, Loss: 0.1726
MSE Loss Between Generated and Conditioned: 1.7186
Epoch: 214, Loss: 0.1724
MSE Loss Between Generated and Conditioned: 1.4733
Epoch: 215, Loss: 0.1722
MSE Loss Between Generated and Conditioned: 1.8137
Epoch: 216, Loss: 0.1721
MSE Loss Between Generated and Conditioned: 1.4123
Epoch: 217, Loss: 0.1719
MSE Loss Between Generated and Conditioned: 2.8068
Epoch: 218, Loss: 0.1718
MSE Loss Between Generated and Conditioned: 3.9955
Epoch: 219, Loss: 0.1716
MSE Loss Between Generated and Conditioned: 1.7299
Epoch: 220, Loss: 0.1715
MSE Loss Between Generated and Conditioned: 2.3262
Epoch: 221, Loss: 0.1713
MSE Loss Between Generated and Conditioned: 1.1585
Epoch: 222, Loss: 0.1711
MSE Loss Between Generated and Conditioned: 1.8448
Epoch: 223, Loss: 0.1710
MSE Loss Between Generated and Conditioned: 2.2427
Epoch: 224, Loss: 0.1708
MSE Loss Between Generated and Conditioned: 1.6249
Epoch: 225, Loss: 0.1707
MSE Loss Between Generated and Conditioned: 1.2973
Epoch: 226, Loss: 0.1705
MSE Loss Between Generated and Conditioned: 3.4818
Epoch: 227, Loss: 0.1704
MSE Loss Between Generated and Conditioned: 1.9382
Epoch: 228, Loss: 0.1702
MSE Loss Between Generated and Conditioned: 1.5909
Epoch: 229, Loss: 0.1701
MSE Loss Between Generated and Conditioned: 1.5533
Epoch: 230, Loss: 0.1700
MSE Loss Between Generated and Conditioned: 1.3773
Epoch: 231, Loss: 0.1698
MSE Loss Between Generated and Conditioned: 2.0852
Epoch: 232, Loss: 0.1697
MSE Loss Between Generated and Conditioned: 3.6084
Epoch: 233, Loss: 0.1695
MSE Loss Between Generated and Conditioned: 2.0995
Epoch: 234, Loss: 0.1694
MSE Loss Between Generated and Conditioned: 2.6017
Epoch: 235, Loss: 0.1692
MSE Loss Between Generated and Conditioned: 1.7708
Epoch: 236, Loss: 0.1691
MSE Loss Between Generated and Conditioned: 1.4616
Epoch: 237, Loss: 0.1690
MSE Loss Between Generated and Conditioned: 1.7535
Epoch: 238, Loss: 0.1688
MSE Loss Between Generated and Conditioned: 2.0003
Epoch: 239, Loss: 0.1687
MSE Loss Between Generated and Conditioned: 2.9426
Epoch: 240, Loss: 0.1685
MSE Loss Between Generated and Conditioned: 2.0094
Epoch: 241, Loss: 0.1684
MSE Loss Between Generated and Conditioned: 1.3305
Epoch: 242, Loss: 0.1683
MSE Loss Between Generated and Conditioned: 1.2682
Epoch: 243, Loss: 0.1682
MSE Loss Between Generated and Conditioned: 1.4363
Epoch: 244, Loss: 0.1681
MSE Loss Between Generated and Conditioned: 1.3071
Epoch: 245, Loss: 0.1680
MSE Loss Between Generated and Conditioned: 1.4053
Epoch: 246, Loss: 0.1679
MSE Loss Between Generated and Conditioned: 1.2796
Epoch: 247, Loss: 0.1677
MSE Loss Between Generated and Conditioned: 1.6906
Epoch: 248, Loss: 0.1676
MSE Loss Between Generated and Conditioned: 1.3776
Epoch: 249, Loss: 0.1675
MSE Loss Between Generated and Conditioned: 2.9765
Epoch: 250, Loss: 0.1673
MSE Loss Between Generated and Conditioned: 1.1716
Epoch: 251, Loss: 0.1672
MSE Loss Between Generated and Conditioned: 1.3684
Epoch: 252, Loss: 0.1671
MSE Loss Between Generated and Conditioned: 1.6463
Epoch: 253, Loss: 0.1670
MSE Loss Between Generated and Conditioned: 1.1871
Epoch: 254, Loss: 0.1668
MSE Loss Between Generated and Conditioned: 1.3777
Epoch: 255, Loss: 0.1667
MSE Loss Between Generated and Conditioned: 2.1875
Epoch: 256, Loss: 0.1666
MSE Loss Between Generated and Conditioned: 1.1046
Epoch: 257, Loss: 0.1665
MSE Loss Between Generated and Conditioned: 1.5757
Epoch: 258, Loss: 0.1664
MSE Loss Between Generated and Conditioned: 1.0738
Epoch: 259, Loss: 0.1662
MSE Loss Between Generated and Conditioned: 1.1183
Epoch: 260, Loss: 0.1661
MSE Loss Between Generated and Conditioned: 2.5691
Epoch: 261, Loss: 0.1660
MSE Loss Between Generated and Conditioned: 1.4029
Epoch: 262, Loss: 0.1659
MSE Loss Between Generated and Conditioned: 1.2006
Epoch: 263, Loss: 0.1658
MSE Loss Between Generated and Conditioned: 1.1863
Epoch: 264, Loss: 0.1656
MSE Loss Between Generated and Conditioned: 1.6677
Epoch: 265, Loss: 0.1655
MSE Loss Between Generated and Conditioned: 1.3833
Epoch: 266, Loss: 0.1654
MSE Loss Between Generated and Conditioned: 1.1874
Epoch: 267, Loss: 0.1653
MSE Loss Between Generated and Conditioned: 1.4617
Epoch: 268, Loss: 0.1652
MSE Loss Between Generated and Conditioned: 1.1420
Epoch: 269, Loss: 0.1651
MSE Loss Between Generated and Conditioned: 2.7627
Epoch: 270, Loss: 0.1650
MSE Loss Between Generated and Conditioned: 1.1175
Epoch: 271, Loss: 0.1649
MSE Loss Between Generated and Conditioned: 1.8899
Epoch: 272, Loss: 0.1648
MSE Loss Between Generated and Conditioned: 1.4782
Epoch: 273, Loss: 0.1647
MSE Loss Between Generated and Conditioned: 1.7336
Epoch: 274, Loss: 0.1646
MSE Loss Between Generated and Conditioned: 1.6712
Epoch: 275, Loss: 0.1644
MSE Loss Between Generated and Conditioned: 1.2695
Epoch: 276, Loss: 0.1643
MSE Loss Between Generated and Conditioned: 1.2215
Epoch: 277, Loss: 0.1642
MSE Loss Between Generated and Conditioned: 1.3575
Epoch: 278, Loss: 0.1641
MSE Loss Between Generated and Conditioned: 1.4196
Epoch: 279, Loss: 0.1640
MSE Loss Between Generated and Conditioned: 1.1472
Epoch: 280, Loss: 0.1638
MSE Loss Between Generated and Conditioned: 1.1475
Epoch: 281, Loss: 0.1637
MSE Loss Between Generated and Conditioned: 1.5761
Epoch: 282, Loss: 0.1636
MSE Loss Between Generated and Conditioned: 1.1069
Epoch: 283, Loss: 0.1635
MSE Loss Between Generated and Conditioned: 1.8980
Epoch: 284, Loss: 0.1635
MSE Loss Between Generated and Conditioned: 1.1519
Epoch: 285, Loss: 0.1634
MSE Loss Between Generated and Conditioned: 1.1218
Epoch: 286, Loss: 0.1632
MSE Loss Between Generated and Conditioned: 1.1330
Epoch: 287, Loss: 0.1631
MSE Loss Between Generated and Conditioned: 1.2254
Epoch: 288, Loss: 0.1630
MSE Loss Between Generated and Conditioned: 1.1250
Epoch: 289, Loss: 0.1629
MSE Loss Between Generated and Conditioned: 1.2344
Epoch: 290, Loss: 0.1628
MSE Loss Between Generated and Conditioned: 2.6118
Epoch: 291, Loss: 0.1627
MSE Loss Between Generated and Conditioned: 1.1685
Epoch: 292, Loss: 0.1626
MSE Loss Between Generated and Conditioned: 1.2383
Epoch: 293, Loss: 0.1625
MSE Loss Between Generated and Conditioned: 1.1337
Epoch: 294, Loss: 0.1624
MSE Loss Between Generated and Conditioned: 1.1222
Epoch: 295, Loss: 0.1623
MSE Loss Between Generated and Conditioned: 1.2504
Epoch: 296, Loss: 0.1622
MSE Loss Between Generated and Conditioned: 1.1745
Epoch: 297, Loss: 0.1621
MSE Loss Between Generated and Conditioned: 1.1231
Epoch: 298, Loss: 0.1621
MSE Loss Between Generated and Conditioned: 1.2587
Epoch: 299, Loss: 0.1619
MSE Loss Between Generated and Conditioned: 1.1415
Epoch: 300, Loss: 0.1619
Train: torch.Size([14031, 5, 64, 32]), Valid: torch.Size([4677, 5, 64, 32]), Test: torch.Size([4678, 5, 64, 32])
Starting Downstream Task
Running context window: 5 with stride: 5 with seed: 0
Shape: (5, 144, 72)
Epoch: 0, Train Loss: 0.00888, Valid Loss: 0.00592, EPS: 0.991
Epoch: 1, Train Loss: 0.00571, Valid Loss: 0.00508, EPS: 0.982
Epoch: 2, Train Loss: 0.00486, Valid Loss: 0.00460, EPS: 0.973
Epoch: 3, Train Loss: 0.00444, Valid Loss: 0.00420, EPS: 0.964
Epoch: 4, Train Loss: 0.00408, Valid Loss: 0.00401, EPS: 0.955
Epoch: 5, Train Loss: 0.00395, Valid Loss: 0.00392, EPS: 0.946
Epoch: 6, Train Loss: 0.00387, Valid Loss: 0.00393, EPS: 0.9369999999999999
Epoch: 7, Train Loss: 0.00383, Valid Loss: 0.00393, EPS: 0.928
Epoch: 8, Train Loss: 0.00389, Valid Loss: 0.00379, EPS: 0.919
Epoch: 9, Train Loss: 0.00388, Valid Loss: 0.00384, EPS: 0.91
Epoch: 10, Train Loss: 0.00385, Valid Loss: 0.00386, EPS: 0.901
Epoch: 11, Train Loss: 0.00388, Valid Loss: 0.00384, EPS: 0.892
Epoch: 12, Train Loss: 0.00388, Valid Loss: 0.00386, EPS: 0.883
Epoch: 13, Train Loss: 0.00389, Valid Loss: 0.00383, EPS: 0.874
Epoch: 14, Train Loss: 0.00390, Valid Loss: 0.00391, EPS: 0.865
Epoch: 15, Train Loss: 0.00392, Valid Loss: 0.00388, EPS: 0.856
Epoch: 16, Train Loss: 0.00390, Valid Loss: 0.00382, EPS: 0.847
Epoch: 17, Train Loss: 0.00389, Valid Loss: 0.00386, EPS: 0.8380000000000001
Epoch: 18, Train Loss: 0.00390, Valid Loss: 0.00386, EPS: 0.8290000000000001
Epoch: 19, Train Loss: 0.00389, Valid Loss: 0.00379, EPS: 0.8200000000000001
Epoch: 20, Train Loss: 0.00360, Valid Loss: 0.00364, EPS: 0.811
Epoch: 21, Train Loss: 0.00341, Valid Loss: 0.00353, EPS: 0.802
Epoch: 22, Train Loss: 0.00330, Valid Loss: 0.00347, EPS: 0.793
Epoch: 23, Train Loss: 0.00321, Valid Loss: 0.00342, EPS: 0.784
Epoch: 24, Train Loss: 0.00317, Valid Loss: 0.00340, EPS: 0.775
Epoch: 25, Train Loss: 0.00315, Valid Loss: 0.00339, EPS: 0.766
Epoch: 26, Train Loss: 0.00312, Valid Loss: 0.00336, EPS: 0.757
Epoch: 27, Train Loss: 0.00313, Valid Loss: 0.00335, EPS: 0.748
Epoch: 28, Train Loss: 0.00312, Valid Loss: 0.00335, EPS: 0.739
Epoch: 29, Train Loss: 0.00312, Valid Loss: 0.00334, EPS: 0.73
Epoch: 30, Train Loss: 0.00311, Valid Loss: 0.00335, EPS: 0.721
Epoch: 31, Train Loss: 0.00311, Valid Loss: 0.00336, EPS: 0.712
Epoch: 32, Train Loss: 0.00311, Valid Loss: 0.00334, EPS: 0.703
Epoch: 33, Train Loss: 0.00312, Valid Loss: 0.00334, EPS: 0.694
Epoch: 34, Train Loss: 0.00309, Valid Loss: 0.00335, EPS: 0.685
Epoch: 35, Train Loss: 0.00308, Valid Loss: 0.00334, EPS: 0.676
Epoch: 36, Train Loss: 0.00307, Valid Loss: 0.00334, EPS: 0.667
Epoch: 37, Train Loss: 0.00308, Valid Loss: 0.00334, EPS: 0.658
Epoch: 38, Train Loss: 0.00307, Valid Loss: 0.00334, EPS: 0.649
Epoch: 39, Train Loss: 0.00306, Valid Loss: 0.00335, EPS: 0.64
Epoch: 40, Train Loss: 0.00305, Valid Loss: 0.00333, EPS: 0.6310000000000001
Epoch: 41, Train Loss: 0.00307, Valid Loss: 0.00333, EPS: 0.6220000000000001
Epoch: 42, Train Loss: 0.00306, Valid Loss: 0.00333, EPS: 0.6130000000000001
Epoch: 43, Train Loss: 0.00306, Valid Loss: 0.00331, EPS: 0.6040000000000001
Epoch: 44, Train Loss: 0.00304, Valid Loss: 0.00331, EPS: 0.5950000000000001
Epoch: 45, Train Loss: 0.00306, Valid Loss: 0.00333, EPS: 0.5860000000000001
Epoch: 46, Train Loss: 0.00308, Valid Loss: 0.00332, EPS: 0.5770000000000001
Epoch: 47, Train Loss: 0.00307, Valid Loss: 0.00334, EPS: 0.5680000000000001
Epoch: 48, Train Loss: 0.00304, Valid Loss: 0.00332, EPS: 0.559
Epoch: 49, Train Loss: 0.00307, Valid Loss: 0.00331, EPS: 0.55
Epoch: 50, Train Loss: 0.00305, Valid Loss: 0.00332, EPS: 0.541
Epoch: 51, Train Loss: 0.00304, Valid Loss: 0.00333, EPS: 0.532
Epoch: 52, Train Loss: 0.00305, Valid Loss: 0.00333, EPS: 0.523
Epoch: 53, Train Loss: 0.00307, Valid Loss: 0.00332, EPS: 0.514
Epoch: 54, Train Loss: 0.00304, Valid Loss: 0.00332, EPS: 0.505
Epoch: 55, Train Loss: 0.00305, Valid Loss: 0.00330, EPS: 0.496
Epoch: 56, Train Loss: 0.00306, Valid Loss: 0.00332, EPS: 0.4870000000000001
Epoch: 57, Train Loss: 0.00304, Valid Loss: 0.00334, EPS: 0.4780000000000001
Epoch: 58, Train Loss: 0.00304, Valid Loss: 0.00332, EPS: 0.4690000000000001
Epoch: 59, Train Loss: 0.00306, Valid Loss: 0.00332, EPS: 0.4600000000000001
Epoch: 60, Train Loss: 0.00305, Valid Loss: 0.00331, EPS: 0.45100000000000007
Epoch: 61, Train Loss: 0.00305, Valid Loss: 0.00332, EPS: 0.44200000000000006
Epoch: 62, Train Loss: 0.00304, Valid Loss: 0.00334, EPS: 0.43300000000000005
Epoch: 63, Train Loss: 0.00302, Valid Loss: 0.00333, EPS: 0.42400000000000004
Epoch: 64, Train Loss: 0.00304, Valid Loss: 0.00331, EPS: 0.41500000000000004
Epoch: 65, Train Loss: 0.00303, Valid Loss: 0.00334, EPS: 0.406
Epoch: 66, Train Loss: 0.00306, Valid Loss: 0.00330, EPS: 0.397
Epoch: 67, Train Loss: 0.00306, Valid Loss: 0.00333, EPS: 0.388
Epoch: 68, Train Loss: 0.00303, Valid Loss: 0.00331, EPS: 0.3790000000000001
Epoch: 69, Train Loss: 0.00304, Valid Loss: 0.00331, EPS: 0.3700000000000001
Epoch: 70, Train Loss: 0.00304, Valid Loss: 0.00331, EPS: 0.3610000000000001
Epoch: 71, Train Loss: 0.00305, Valid Loss: 0.00332, EPS: 0.3520000000000001
Epoch: 72, Train Loss: 0.00304, Valid Loss: 0.00331, EPS: 0.343
Epoch: 73, Train Loss: 0.00304, Valid Loss: 0.00333, EPS: 0.334
Epoch: 74, Train Loss: 0.00301, Valid Loss: 0.00333, EPS: 0.325
Epoch: 75, Train Loss: 0.00304, Valid Loss: 0.00332, EPS: 0.316
Epoch: 76, Train Loss: 0.00302, Valid Loss: 0.00333, EPS: 0.307
Epoch: 77, Train Loss: 0.00304, Valid Loss: 0.00331, EPS: 0.298
Epoch: 78, Train Loss: 0.00300, Valid Loss: 0.00331, EPS: 0.289
Epoch: 79, Train Loss: 0.00299, Valid Loss: 0.00330, EPS: 0.27999999999999997
Epoch: 80, Train Loss: 0.00297, Valid Loss: 0.00330, EPS: 0.27099999999999996
Epoch: 81, Train Loss: 0.00297, Valid Loss: 0.00331, EPS: 0.26200000000000007
Epoch: 82, Train Loss: 0.00298, Valid Loss: 0.00328, EPS: 0.25300000000000006
Epoch: 83, Train Loss: 0.00297, Valid Loss: 0.00327, EPS: 0.24400000000000005
Epoch: 84, Train Loss: 0.00297, Valid Loss: 0.00329, EPS: 0.23500000000000004
Epoch: 85, Train Loss: 0.00295, Valid Loss: 0.00328, EPS: 0.22600000000000003
Epoch: 86, Train Loss: 0.00297, Valid Loss: 0.00328, EPS: 0.21700000000000003
Epoch: 87, Train Loss: 0.00296, Valid Loss: 0.00328, EPS: 0.20800000000000002
Epoch: 88, Train Loss: 0.00296, Valid Loss: 0.00326, EPS: 0.199
Epoch: 89, Train Loss: 0.00295, Valid Loss: 0.00327, EPS: 0.19
Epoch: 90, Train Loss: 0.00297, Valid Loss: 0.00327, EPS: 0.181
Epoch: 91, Train Loss: 0.00295, Valid Loss: 0.00328, EPS: 0.172
Epoch: 92, Train Loss: 0.00294, Valid Loss: 0.00327, EPS: 0.16299999999999998
Epoch: 93, Train Loss: 0.00294, Valid Loss: 0.00326, EPS: 0.15400000000000005
Epoch: 94, Train Loss: 0.00297, Valid Loss: 0.00328, EPS: 0.14500000000000005
Epoch: 95, Train Loss: 0.00298, Valid Loss: 0.00327, EPS: 0.13600000000000004
Epoch: 96, Train Loss: 0.00295, Valid Loss: 0.00328, EPS: 0.12700000000000003
Epoch: 97, Train Loss: 0.00295, Valid Loss: 0.00328, EPS: 0.11800000000000002
Epoch: 98, Train Loss: 0.00295, Valid Loss: 0.00328, EPS: 0.10900000000000001
Epoch: 99, Train Loss: 0.00294, Valid Loss: 0.00327, EPS: 0.1
Test Loss: 0.00327
Test Loss: 0.00325
Running context window: 5 with stride: 10 with seed: 0
Shape: (5, 144, 72)
Epoch: 0, Train Loss: 0.00971, Valid Loss: 0.00682, EPS: 0.991
Epoch: 1, Train Loss: 0.00614, Valid Loss: 0.00566, EPS: 0.982
Epoch: 2, Train Loss: 0.00514, Valid Loss: 0.00514, EPS: 0.973
Epoch: 3, Train Loss: 0.00444, Valid Loss: 0.00464, EPS: 0.964
Epoch: 4, Train Loss: 0.00387, Valid Loss: 0.00436, EPS: 0.955
Epoch: 5, Train Loss: 0.00353, Valid Loss: 0.00415, EPS: 0.946
Epoch: 6, Train Loss: 0.00322, Valid Loss: 0.00404, EPS: 0.9369999999999999
Epoch: 7, Train Loss: 0.00303, Valid Loss: 0.00398, EPS: 0.928
Epoch: 8, Train Loss: 0.00287, Valid Loss: 0.00386, EPS: 0.919
Epoch: 9, Train Loss: 0.00282, Valid Loss: 0.00384, EPS: 0.91
Epoch: 10, Train Loss: 0.00275, Valid Loss: 0.00379, EPS: 0.901
Epoch: 11, Train Loss: 0.00266, Valid Loss: 0.00376, EPS: 0.892
Epoch: 12, Train Loss: 0.00265, Valid Loss: 0.00375, EPS: 0.883
Epoch: 13, Train Loss: 0.00258, Valid Loss: 0.00375, EPS: 0.874
Epoch: 14, Train Loss: 0.00255, Valid Loss: 0.00367, EPS: 0.865
Epoch: 15, Train Loss: 0.00255, Valid Loss: 0.00373, EPS: 0.856
Epoch: 16, Train Loss: 0.00255, Valid Loss: 0.00370, EPS: 0.847
Epoch: 17, Train Loss: 0.00247, Valid Loss: 0.00371, EPS: 0.8380000000000001
Epoch: 18, Train Loss: 0.00248, Valid Loss: 0.00373, EPS: 0.8290000000000001
Epoch: 19, Train Loss: 0.00248, Valid Loss: 0.00368, EPS: 0.8200000000000001
Epoch: 20, Train Loss: 0.00251, Valid Loss: 0.00368, EPS: 0.811
Epoch: 21, Train Loss: 0.00251, Valid Loss: 0.00374, EPS: 0.802
Epoch: 22, Train Loss: 0.00244, Valid Loss: 0.00366, EPS: 0.793
Epoch: 23, Train Loss: 0.00245, Valid Loss: 0.00368, EPS: 0.784
Epoch: 24, Train Loss: 0.00248, Valid Loss: 0.00363, EPS: 0.775
Epoch: 25, Train Loss: 0.00245, Valid Loss: 0.00370, EPS: 0.766
Epoch: 26, Train Loss: 0.00246, Valid Loss: 0.00373, EPS: 0.757
Epoch: 27, Train Loss: 0.00246, Valid Loss: 0.00371, EPS: 0.748
Epoch: 28, Train Loss: 0.00244, Valid Loss: 0.00365, EPS: 0.739
Epoch: 29, Train Loss: 0.00240, Valid Loss: 0.00366, EPS: 0.73
Epoch: 30, Train Loss: 0.00239, Valid Loss: 0.00356, EPS: 0.721
Epoch: 31, Train Loss: 0.00236, Valid Loss: 0.00371, EPS: 0.712
Epoch: 32, Train Loss: 0.00240, Valid Loss: 0.00365, EPS: 0.703
Epoch: 33, Train Loss: 0.00238, Valid Loss: 0.00368, EPS: 0.694
Epoch: 34, Train Loss: 0.00239, Valid Loss: 0.00369, EPS: 0.685
Epoch: 35, Train Loss: 0.00235, Valid Loss: 0.00369, EPS: 0.676
Epoch: 36, Train Loss: 0.00238, Valid Loss: 0.00357, EPS: 0.667
Epoch: 37, Train Loss: 0.00231, Valid Loss: 0.00363, EPS: 0.658
Epoch: 38, Train Loss: 0.00236, Valid Loss: 0.00362, EPS: 0.649
Epoch: 39, Train Loss: 0.00233, Valid Loss: 0.00368, EPS: 0.64
Epoch: 40, Train Loss: 0.00238, Valid Loss: 0.00370, EPS: 0.6310000000000001
Epoch: 41, Train Loss: 0.00239, Valid Loss: 0.00366, EPS: 0.6220000000000001
Epoch: 42, Train Loss: 0.00217, Valid Loss: 0.00351, EPS: 0.6130000000000001
Epoch: 43, Train Loss: 0.00199, Valid Loss: 0.00342, EPS: 0.6040000000000001
Epoch: 44, Train Loss: 0.00189, Valid Loss: 0.00336, EPS: 0.5950000000000001
Epoch: 45, Train Loss: 0.00182, Valid Loss: 0.00333, EPS: 0.5860000000000001
Epoch: 46, Train Loss: 0.00174, Valid Loss: 0.00331, EPS: 0.5770000000000001
Epoch: 47, Train Loss: 0.00172, Valid Loss: 0.00331, EPS: 0.5680000000000001
Epoch: 48, Train Loss: 0.00169, Valid Loss: 0.00330, EPS: 0.559
Epoch: 49, Train Loss: 0.00167, Valid Loss: 0.00328, EPS: 0.55
Epoch: 50, Train Loss: 0.00165, Valid Loss: 0.00329, EPS: 0.541
Epoch: 51, Train Loss: 0.00165, Valid Loss: 0.00326, EPS: 0.532
Epoch: 52, Train Loss: 0.00163, Valid Loss: 0.00329, EPS: 0.523
Epoch: 53, Train Loss: 0.00160, Valid Loss: 0.00329, EPS: 0.514
Epoch: 54, Train Loss: 0.00161, Valid Loss: 0.00329, EPS: 0.505
Epoch: 55, Train Loss: 0.00159, Valid Loss: 0.00327, EPS: 0.496
Epoch: 56, Train Loss: 0.00159, Valid Loss: 0.00328, EPS: 0.4870000000000001
Epoch: 57, Train Loss: 0.00158, Valid Loss: 0.00328, EPS: 0.4780000000000001
Epoch: 58, Train Loss: 0.00157, Valid Loss: 0.00327, EPS: 0.4690000000000001
Epoch: 59, Train Loss: 0.00158, Valid Loss: 0.00329, EPS: 0.4600000000000001
Epoch: 60, Train Loss: 0.00156, Valid Loss: 0.00326, EPS: 0.45100000000000007
Epoch: 61, Train Loss: 0.00155, Valid Loss: 0.00330, EPS: 0.44200000000000006
Epoch: 62, Train Loss: 0.00154, Valid Loss: 0.00330, EPS: 0.43300000000000005
Epoch: 63, Train Loss: 0.00156, Valid Loss: 0.00329, EPS: 0.42400000000000004
Epoch: 64, Train Loss: 0.00153, Valid Loss: 0.00326, EPS: 0.41500000000000004
Epoch: 65, Train Loss: 0.00152, Valid Loss: 0.00331, EPS: 0.406
Epoch: 66, Train Loss: 0.00152, Valid Loss: 0.00330, EPS: 0.397
Epoch: 67, Train Loss: 0.00152, Valid Loss: 0.00330, EPS: 0.388
Epoch: 68, Train Loss: 0.00149, Valid Loss: 0.00330, EPS: 0.3790000000000001
Epoch: 69, Train Loss: 0.00149, Valid Loss: 0.00335, EPS: 0.3700000000000001
Epoch: 70, Train Loss: 0.00149, Valid Loss: 0.00333, EPS: 0.3610000000000001
Epoch: 71, Train Loss: 0.00147, Valid Loss: 0.00330, EPS: 0.3520000000000001
Epoch: 72, Train Loss: 0.00143, Valid Loss: 0.00330, EPS: 0.343
Epoch: 73, Train Loss: 0.00143, Valid Loss: 0.00330, EPS: 0.334
Epoch: 74, Train Loss: 0.00142, Valid Loss: 0.00332, EPS: 0.325
Epoch: 75, Train Loss: 0.00141, Valid Loss: 0.00334, EPS: 0.316
Epoch: 76, Train Loss: 0.00141, Valid Loss: 0.00332, EPS: 0.307
Epoch: 77, Train Loss: 0.00140, Valid Loss: 0.00332, EPS: 0.298
Epoch: 78, Train Loss: 0.00141, Valid Loss: 0.00331, EPS: 0.289
Epoch: 79, Train Loss: 0.00139, Valid Loss: 0.00332, EPS: 0.27999999999999997
Epoch: 80, Train Loss: 0.00139, Valid Loss: 0.00331, EPS: 0.27099999999999996
Epoch: 81, Train Loss: 0.00139, Valid Loss: 0.00331, EPS: 0.26200000000000007
Epoch: 82, Train Loss: 0.00139, Valid Loss: 0.00329, EPS: 0.25300000000000006
Epoch: 83, Train Loss: 0.00138, Valid Loss: 0.00332, EPS: 0.24400000000000005
Epoch: 84, Train Loss: 0.00138, Valid Loss: 0.00334, EPS: 0.23500000000000004
Epoch: 85, Train Loss: 0.00138, Valid Loss: 0.00334, EPS: 0.22600000000000003
Epoch: 86, Train Loss: 0.00137, Valid Loss: 0.00330, EPS: 0.21700000000000003
Epoch: 87, Train Loss: 0.00138, Valid Loss: 0.00331, EPS: 0.20800000000000002
Epoch: 88, Train Loss: 0.00138, Valid Loss: 0.00331, EPS: 0.199
Epoch: 89, Train Loss: 0.00139, Valid Loss: 0.00333, EPS: 0.19
Epoch: 90, Train Loss: 0.00138, Valid Loss: 0.00332, EPS: 0.181
Epoch: 91, Train Loss: 0.00137, Valid Loss: 0.00332, EPS: 0.172
Epoch: 92, Train Loss: 0.00138, Valid Loss: 0.00333, EPS: 0.16299999999999998
Epoch: 93, Train Loss: 0.00137, Valid Loss: 0.00333, EPS: 0.15400000000000005
Epoch: 94, Train Loss: 0.00138, Valid Loss: 0.00332, EPS: 0.14500000000000005
Epoch: 95, Train Loss: 0.00138, Valid Loss: 0.00331, EPS: 0.13600000000000004
Epoch: 96, Train Loss: 0.00137, Valid Loss: 0.00330, EPS: 0.12700000000000003
Epoch: 97, Train Loss: 0.00138, Valid Loss: 0.00332, EPS: 0.11800000000000002
Epoch: 98, Train Loss: 0.00137, Valid Loss: 0.00332, EPS: 0.10900000000000001
Epoch: 99, Train Loss: 0.00138, Valid Loss: 0.00333, EPS: 0.1
Test Loss: 0.00334
Test Loss: 0.00332
Running context window: 5 with stride: 5 with seed: 42
Shape: (5, 144, 72)
Epoch: 0, Train Loss: 0.00860, Valid Loss: 0.00593, EPS: 0.991
Epoch: 1, Train Loss: 0.00567, Valid Loss: 0.00501, EPS: 0.982
Epoch: 2, Train Loss: 0.00480, Valid Loss: 0.00445, EPS: 0.973
Epoch: 3, Train Loss: 0.00428, Valid Loss: 0.00417, EPS: 0.964
Epoch: 4, Train Loss: 0.00402, Valid Loss: 0.00400, EPS: 0.955
Epoch: 5, Train Loss: 0.00393, Valid Loss: 0.00388, EPS: 0.946
Epoch: 6, Train Loss: 0.00389, Valid Loss: 0.00388, EPS: 0.9369999999999999
Epoch: 7, Train Loss: 0.00391, Valid Loss: 0.00391, EPS: 0.928
Epoch: 8, Train Loss: 0.00390, Valid Loss: 0.00386, EPS: 0.919
Epoch: 9, Train Loss: 0.00393, Valid Loss: 0.00388, EPS: 0.91
Epoch: 10, Train Loss: 0.00392, Valid Loss: 0.00387, EPS: 0.901
Epoch: 11, Train Loss: 0.00389, Valid Loss: 0.00385, EPS: 0.892
Epoch: 12, Train Loss: 0.00385, Valid Loss: 0.00388, EPS: 0.883
Epoch: 13, Train Loss: 0.00394, Valid Loss: 0.00385, EPS: 0.874
Epoch: 14, Train Loss: 0.00394, Valid Loss: 0.00387, EPS: 0.865
Epoch: 15, Train Loss: 0.00393, Valid Loss: 0.00391, EPS: 0.856
Epoch: 16, Train Loss: 0.00390, Valid Loss: 0.00387, EPS: 0.847
Epoch: 17, Train Loss: 0.00393, Valid Loss: 0.00388, EPS: 0.8380000000000001
Epoch: 18, Train Loss: 0.00393, Valid Loss: 0.00387, EPS: 0.8290000000000001
Epoch: 19, Train Loss: 0.00392, Valid Loss: 0.00384, EPS: 0.8200000000000001
Epoch: 20, Train Loss: 0.00391, Valid Loss: 0.00382, EPS: 0.811
Epoch: 21, Train Loss: 0.00389, Valid Loss: 0.00381, EPS: 0.802
Epoch: 22, Train Loss: 0.00387, Valid Loss: 0.00381, EPS: 0.793
Epoch: 23, Train Loss: 0.00390, Valid Loss: 0.00393, EPS: 0.784
Epoch: 24, Train Loss: 0.00388, Valid Loss: 0.00391, EPS: 0.775
Epoch: 25, Train Loss: 0.00393, Valid Loss: 0.00393, EPS: 0.766
Epoch: 26, Train Loss: 0.00388, Valid Loss: 0.00384, EPS: 0.757
Epoch: 27, Train Loss: 0.00387, Valid Loss: 0.00382, EPS: 0.748
Epoch: 28, Train Loss: 0.00389, Valid Loss: 0.00380, EPS: 0.739
Epoch: 29, Train Loss: 0.00390, Valid Loss: 0.00387, EPS: 0.73
Epoch: 30, Train Loss: 0.00390, Valid Loss: 0.00386, EPS: 0.721
Epoch: 31, Train Loss: 0.00392, Valid Loss: 0.00388, EPS: 0.712
Epoch: 32, Train Loss: 0.00388, Valid Loss: 0.00381, EPS: 0.703
Epoch: 33, Train Loss: 0.00390, Valid Loss: 0.00387, EPS: 0.694
Epoch: 34, Train Loss: 0.00390, Valid Loss: 0.00388, EPS: 0.685
Epoch: 35, Train Loss: 0.00390, Valid Loss: 0.00388, EPS: 0.676
Epoch: 36, Train Loss: 0.00393, Valid Loss: 0.00385, EPS: 0.667
Epoch: 37, Train Loss: 0.00392, Valid Loss: 0.00389, EPS: 0.658
Epoch: 38, Train Loss: 0.00390, Valid Loss: 0.00383, EPS: 0.649
Epoch: 39, Train Loss: 0.00386, Valid Loss: 0.00386, EPS: 0.64
Epoch: 40, Train Loss: 0.00362, Valid Loss: 0.00364, EPS: 0.6310000000000001
Epoch: 41, Train Loss: 0.00343, Valid Loss: 0.00352, EPS: 0.6220000000000001
Epoch: 42, Train Loss: 0.00330, Valid Loss: 0.00345, EPS: 0.6130000000000001
Epoch: 43, Train Loss: 0.00320, Valid Loss: 0.00341, EPS: 0.6040000000000001
Epoch: 44, Train Loss: 0.00318, Valid Loss: 0.00338, EPS: 0.5950000000000001
Epoch: 45, Train Loss: 0.00314, Valid Loss: 0.00337, EPS: 0.5860000000000001
Epoch: 46, Train Loss: 0.00313, Valid Loss: 0.00338, EPS: 0.5770000000000001
Epoch: 47, Train Loss: 0.00310, Valid Loss: 0.00336, EPS: 0.5680000000000001
Epoch: 48, Train Loss: 0.00310, Valid Loss: 0.00335, EPS: 0.559
Epoch: 49, Train Loss: 0.00311, Valid Loss: 0.00334, EPS: 0.55
Epoch: 50, Train Loss: 0.00311, Valid Loss: 0.00335, EPS: 0.541
Epoch: 51, Train Loss: 0.00309, Valid Loss: 0.00333, EPS: 0.532
Epoch: 52, Train Loss: 0.00308, Valid Loss: 0.00335, EPS: 0.523
Epoch: 53, Train Loss: 0.00308, Valid Loss: 0.00333, EPS: 0.514
Epoch: 54, Train Loss: 0.00307, Valid Loss: 0.00336, EPS: 0.505
Epoch: 55, Train Loss: 0.00306, Valid Loss: 0.00333, EPS: 0.496
Epoch: 56, Train Loss: 0.00305, Valid Loss: 0.00334, EPS: 0.4870000000000001
Epoch: 57, Train Loss: 0.00307, Valid Loss: 0.00333, EPS: 0.4780000000000001
Epoch: 58, Train Loss: 0.00307, Valid Loss: 0.00331, EPS: 0.4690000000000001
Epoch: 59, Train Loss: 0.00308, Valid Loss: 0.00331, EPS: 0.4600000000000001
Epoch: 60, Train Loss: 0.00306, Valid Loss: 0.00333, EPS: 0.45100000000000007
Epoch: 61, Train Loss: 0.00307, Valid Loss: 0.00331, EPS: 0.44200000000000006
Epoch: 62, Train Loss: 0.00307, Valid Loss: 0.00330, EPS: 0.43300000000000005
Epoch: 63, Train Loss: 0.00307, Valid Loss: 0.00333, EPS: 0.42400000000000004
Epoch: 64, Train Loss: 0.00306, Valid Loss: 0.00334, EPS: 0.41500000000000004
Epoch: 65, Train Loss: 0.00306, Valid Loss: 0.00331, EPS: 0.406
Epoch: 66, Train Loss: 0.00305, Valid Loss: 0.00334, EPS: 0.397
Epoch: 67, Train Loss: 0.00307, Valid Loss: 0.00332, EPS: 0.388
Epoch: 68, Train Loss: 0.00307, Valid Loss: 0.00331, EPS: 0.3790000000000001
Epoch: 69, Train Loss: 0.00307, Valid Loss: 0.00333, EPS: 0.3700000000000001
Epoch: 70, Train Loss: 0.00306, Valid Loss: 0.00331, EPS: 0.3610000000000001
Epoch: 71, Train Loss: 0.00308, Valid Loss: 0.00333, EPS: 0.3520000000000001
Epoch: 72, Train Loss: 0.00308, Valid Loss: 0.00332, EPS: 0.343
Epoch: 73, Train Loss: 0.00304, Valid Loss: 0.00331, EPS: 0.334
Epoch: 74, Train Loss: 0.00301, Valid Loss: 0.00331, EPS: 0.325
Epoch: 75, Train Loss: 0.00299, Valid Loss: 0.00330, EPS: 0.316
Epoch: 76, Train Loss: 0.00299, Valid Loss: 0.00329, EPS: 0.307
Epoch: 77, Train Loss: 0.00298, Valid Loss: 0.00330, EPS: 0.298
Epoch: 78, Train Loss: 0.00300, Valid Loss: 0.00328, EPS: 0.289
Epoch: 79, Train Loss: 0.00301, Valid Loss: 0.00327, EPS: 0.27999999999999997
Epoch: 80, Train Loss: 0.00298, Valid Loss: 0.00330, EPS: 0.27099999999999996
Epoch: 81, Train Loss: 0.00297, Valid Loss: 0.00328, EPS: 0.26200000000000007
Epoch: 82, Train Loss: 0.00298, Valid Loss: 0.00331, EPS: 0.25300000000000006
Epoch: 83, Train Loss: 0.00299, Valid Loss: 0.00329, EPS: 0.24400000000000005
Epoch: 84, Train Loss: 0.00298, Valid Loss: 0.00327, EPS: 0.23500000000000004
Epoch: 85, Train Loss: 0.00298, Valid Loss: 0.00330, EPS: 0.22600000000000003
Epoch: 86, Train Loss: 0.00299, Valid Loss: 0.00329, EPS: 0.21700000000000003
Epoch: 87, Train Loss: 0.00297, Valid Loss: 0.00330, EPS: 0.20800000000000002
Epoch: 88, Train Loss: 0.00297, Valid Loss: 0.00329, EPS: 0.199
Epoch: 89, Train Loss: 0.00293, Valid Loss: 0.00328, EPS: 0.19
Epoch: 90, Train Loss: 0.00296, Valid Loss: 0.00328, EPS: 0.181
Epoch: 91, Train Loss: 0.00297, Valid Loss: 0.00330, EPS: 0.172
Epoch: 92, Train Loss: 0.00295, Valid Loss: 0.00329, EPS: 0.16299999999999998
Epoch: 93, Train Loss: 0.00298, Valid Loss: 0.00329, EPS: 0.15400000000000005
Epoch: 94, Train Loss: 0.00295, Valid Loss: 0.00329, EPS: 0.14500000000000005
Epoch: 95, Train Loss: 0.00296, Valid Loss: 0.00328, EPS: 0.13600000000000004
Epoch: 96, Train Loss: 0.00296, Valid Loss: 0.00329, EPS: 0.12700000000000003
Epoch: 97, Train Loss: 0.00297, Valid Loss: 0.00328, EPS: 0.11800000000000002
Epoch: 98, Train Loss: 0.00296, Valid Loss: 0.00329, EPS: 0.10900000000000001
Epoch: 99, Train Loss: 0.00296, Valid Loss: 0.00328, EPS: 0.1
Test Loss: 0.00330
Test Loss: 0.00325
Running context window: 5 with stride: 10 with seed: 42
Shape: (5, 144, 72)
Epoch: 0, Train Loss: 0.00991, Valid Loss: 0.00681, EPS: 0.991
Epoch: 1, Train Loss: 0.00618, Valid Loss: 0.00566, EPS: 0.982
Epoch: 2, Train Loss: 0.00522, Valid Loss: 0.00512, EPS: 0.973
Epoch: 3, Train Loss: 0.00445, Valid Loss: 0.00463, EPS: 0.964
Epoch: 4, Train Loss: 0.00390, Valid Loss: 0.00436, EPS: 0.955
Epoch: 5, Train Loss: 0.00350, Valid Loss: 0.00416, EPS: 0.946
Epoch: 6, Train Loss: 0.00320, Valid Loss: 0.00401, EPS: 0.9369999999999999
Epoch: 7, Train Loss: 0.00300, Valid Loss: 0.00392, EPS: 0.928
Epoch: 8, Train Loss: 0.00289, Valid Loss: 0.00381, EPS: 0.919
Epoch: 9, Train Loss: 0.00280, Valid Loss: 0.00384, EPS: 0.91
Epoch: 10, Train Loss: 0.00275, Valid Loss: 0.00376, EPS: 0.901
Epoch: 11, Train Loss: 0.00266, Valid Loss: 0.00372, EPS: 0.892
Epoch: 12, Train Loss: 0.00258, Valid Loss: 0.00375, EPS: 0.883
Epoch: 13, Train Loss: 0.00255, Valid Loss: 0.00368, EPS: 0.874
Epoch: 14, Train Loss: 0.00251, Valid Loss: 0.00365, EPS: 0.865
Epoch: 15, Train Loss: 0.00250, Valid Loss: 0.00369, EPS: 0.856
Epoch: 16, Train Loss: 0.00250, Valid Loss: 0.00372, EPS: 0.847
Epoch: 17, Train Loss: 0.00249, Valid Loss: 0.00371, EPS: 0.8380000000000001
Epoch: 18, Train Loss: 0.00248, Valid Loss: 0.00367, EPS: 0.8290000000000001
Epoch: 19, Train Loss: 0.00251, Valid Loss: 0.00373, EPS: 0.8200000000000001
Epoch: 20, Train Loss: 0.00252, Valid Loss: 0.00371, EPS: 0.811
Epoch: 21, Train Loss: 0.00247, Valid Loss: 0.00372, EPS: 0.802
Epoch: 22, Train Loss: 0.00249, Valid Loss: 0.00372, EPS: 0.793
Epoch: 23, Train Loss: 0.00246, Valid Loss: 0.00376, EPS: 0.784
Epoch: 24, Train Loss: 0.00246, Valid Loss: 0.00364, EPS: 0.775
Epoch: 25, Train Loss: 0.00244, Valid Loss: 0.00369, EPS: 0.766
Epoch: 26, Train Loss: 0.00243, Valid Loss: 0.00368, EPS: 0.757
Epoch: 27, Train Loss: 0.00239, Valid Loss: 0.00360, EPS: 0.748
Epoch: 28, Train Loss: 0.00241, Valid Loss: 0.00368, EPS: 0.739
Epoch: 29, Train Loss: 0.00238, Valid Loss: 0.00360, EPS: 0.73
Epoch: 30, Train Loss: 0.00238, Valid Loss: 0.00371, EPS: 0.721
Epoch: 31, Train Loss: 0.00242, Valid Loss: 0.00367, EPS: 0.712
Epoch: 32, Train Loss: 0.00241, Valid Loss: 0.00368, EPS: 0.703
Epoch: 33, Train Loss: 0.00241, Valid Loss: 0.00363, EPS: 0.694
Epoch: 34, Train Loss: 0.00239, Valid Loss: 0.00365, EPS: 0.685
Epoch: 35, Train Loss: 0.00239, Valid Loss: 0.00365, EPS: 0.676
Epoch: 36, Train Loss: 0.00239, Valid Loss: 0.00365, EPS: 0.667
Epoch: 37, Train Loss: 0.00235, Valid Loss: 0.00364, EPS: 0.658
Epoch: 38, Train Loss: 0.00233, Valid Loss: 0.00361, EPS: 0.649
Epoch: 39, Train Loss: 0.00213, Valid Loss: 0.00348, EPS: 0.64
Epoch: 40, Train Loss: 0.00197, Valid Loss: 0.00345, EPS: 0.6310000000000001
Epoch: 41, Train Loss: 0.00188, Valid Loss: 0.00336, EPS: 0.6220000000000001
Epoch: 42, Train Loss: 0.00181, Valid Loss: 0.00334, EPS: 0.6130000000000001
Epoch: 43, Train Loss: 0.00175, Valid Loss: 0.00332, EPS: 0.6040000000000001
Epoch: 44, Train Loss: 0.00172, Valid Loss: 0.00330, EPS: 0.5950000000000001
Epoch: 45, Train Loss: 0.00170, Valid Loss: 0.00329, EPS: 0.5860000000000001
Epoch: 46, Train Loss: 0.00167, Valid Loss: 0.00329, EPS: 0.5770000000000001
Epoch: 47, Train Loss: 0.00167, Valid Loss: 0.00327, EPS: 0.5680000000000001
Epoch: 48, Train Loss: 0.00165, Valid Loss: 0.00328, EPS: 0.559
Epoch: 49, Train Loss: 0.00164, Valid Loss: 0.00326, EPS: 0.55
Epoch: 50, Train Loss: 0.00162, Valid Loss: 0.00326, EPS: 0.541
Epoch: 51, Train Loss: 0.00162, Valid Loss: 0.00329, EPS: 0.532
Epoch: 52, Train Loss: 0.00161, Valid Loss: 0.00329, EPS: 0.523
Epoch: 53, Train Loss: 0.00159, Valid Loss: 0.00327, EPS: 0.514
Epoch: 54, Train Loss: 0.00160, Valid Loss: 0.00328, EPS: 0.505
Epoch: 55, Train Loss: 0.00158, Valid Loss: 0.00328, EPS: 0.496
Epoch: 56, Train Loss: 0.00158, Valid Loss: 0.00328, EPS: 0.4870000000000001
Epoch: 57, Train Loss: 0.00156, Valid Loss: 0.00327, EPS: 0.4780000000000001
Epoch: 58, Train Loss: 0.00156, Valid Loss: 0.00329, EPS: 0.4690000000000001
Epoch: 59, Train Loss: 0.00157, Valid Loss: 0.00327, EPS: 0.4600000000000001
Epoch: 60, Train Loss: 0.00156, Valid Loss: 0.00330, EPS: 0.45100000000000007
Epoch: 61, Train Loss: 0.00152, Valid Loss: 0.00329, EPS: 0.44200000000000006
Epoch: 62, Train Loss: 0.00152, Valid Loss: 0.00327, EPS: 0.43300000000000005
Epoch: 63, Train Loss: 0.00151, Valid Loss: 0.00327, EPS: 0.42400000000000004
Epoch: 64, Train Loss: 0.00151, Valid Loss: 0.00326, EPS: 0.41500000000000004
Epoch: 65, Train Loss: 0.00149, Valid Loss: 0.00325, EPS: 0.406
Epoch: 66, Train Loss: 0.00150, Valid Loss: 0.00326, EPS: 0.397
Epoch: 67, Train Loss: 0.00150, Valid Loss: 0.00326, EPS: 0.388
Epoch: 68, Train Loss: 0.00149, Valid Loss: 0.00326, EPS: 0.3790000000000001
Epoch: 69, Train Loss: 0.00150, Valid Loss: 0.00327, EPS: 0.3700000000000001
Epoch: 70, Train Loss: 0.00150, Valid Loss: 0.00328, EPS: 0.3610000000000001
Epoch: 71, Train Loss: 0.00149, Valid Loss: 0.00327, EPS: 0.3520000000000001
Epoch: 72, Train Loss: 0.00150, Valid Loss: 0.00328, EPS: 0.343
Epoch: 73, Train Loss: 0.00148, Valid Loss: 0.00327, EPS: 0.334
Epoch: 74, Train Loss: 0.00149, Valid Loss: 0.00327, EPS: 0.325
Epoch: 75, Train Loss: 0.00148, Valid Loss: 0.00328, EPS: 0.316
Epoch: 76, Train Loss: 0.00149, Valid Loss: 0.00329, EPS: 0.307
Epoch: 77, Train Loss: 0.00149, Valid Loss: 0.00329, EPS: 0.298
Epoch: 78, Train Loss: 0.00147, Valid Loss: 0.00327, EPS: 0.289
Epoch: 79, Train Loss: 0.00147, Valid Loss: 0.00326, EPS: 0.27999999999999997
Epoch: 80, Train Loss: 0.00148, Valid Loss: 0.00326, EPS: 0.27099999999999996
Epoch: 81, Train Loss: 0.00147, Valid Loss: 0.00329, EPS: 0.26200000000000007
Epoch: 82, Train Loss: 0.00148, Valid Loss: 0.00324, EPS: 0.25300000000000006
Epoch: 83, Train Loss: 0.00148, Valid Loss: 0.00326, EPS: 0.24400000000000005
Epoch: 84, Train Loss: 0.00149, Valid Loss: 0.00327, EPS: 0.23500000000000004
Epoch: 85, Train Loss: 0.00148, Valid Loss: 0.00326, EPS: 0.22600000000000003
Epoch: 86, Train Loss: 0.00148, Valid Loss: 0.00326, EPS: 0.21700000000000003
Epoch: 87, Train Loss: 0.00147, Valid Loss: 0.00323, EPS: 0.20800000000000002
Epoch: 88, Train Loss: 0.00147, Valid Loss: 0.00327, EPS: 0.199
Epoch: 89, Train Loss: 0.00147, Valid Loss: 0.00328, EPS: 0.19
Epoch: 90, Train Loss: 0.00148, Valid Loss: 0.00325, EPS: 0.181
Epoch: 91, Train Loss: 0.00148, Valid Loss: 0.00327, EPS: 0.172
Epoch: 92, Train Loss: 0.00149, Valid Loss: 0.00330, EPS: 0.16299999999999998
Epoch: 93, Train Loss: 0.00148, Valid Loss: 0.00325, EPS: 0.15400000000000005
Epoch: 94, Train Loss: 0.00148, Valid Loss: 0.00330, EPS: 0.14500000000000005
Epoch: 95, Train Loss: 0.00148, Valid Loss: 0.00326, EPS: 0.13600000000000004
Epoch: 96, Train Loss: 0.00148, Valid Loss: 0.00330, EPS: 0.12700000000000003
Epoch: 97, Train Loss: 0.00148, Valid Loss: 0.00327, EPS: 0.11800000000000002
Epoch: 98, Train Loss: 0.00148, Valid Loss: 0.00326, EPS: 0.10900000000000001
Epoch: 99, Train Loss: 0.00148, Valid Loss: 0.00328, EPS: 0.1
Test Loss: 0.00325
Test Loss: 0.00328
Running context window: 5 with stride: 5 with seed: 123
Shape: (5, 144, 72)
Epoch: 0, Train Loss: 0.00849, Valid Loss: 0.00584, EPS: 0.991
Epoch: 1, Train Loss: 0.00564, Valid Loss: 0.00510, EPS: 0.982
Epoch: 2, Train Loss: 0.00478, Valid Loss: 0.00453, EPS: 0.973
Epoch: 3, Train Loss: 0.00432, Valid Loss: 0.00411, EPS: 0.964
Epoch: 4, Train Loss: 0.00404, Valid Loss: 0.00400, EPS: 0.955
Epoch: 5, Train Loss: 0.00395, Valid Loss: 0.00396, EPS: 0.946
Epoch: 6, Train Loss: 0.00392, Valid Loss: 0.00391, EPS: 0.9369999999999999
Epoch: 7, Train Loss: 0.00389, Valid Loss: 0.00391, EPS: 0.928
Epoch: 8, Train Loss: 0.00390, Valid Loss: 0.00390, EPS: 0.919
Epoch: 9, Train Loss: 0.00388, Valid Loss: 0.00388, EPS: 0.91
Epoch: 10, Train Loss: 0.00391, Valid Loss: 0.00382, EPS: 0.901
Epoch: 11, Train Loss: 0.00390, Valid Loss: 0.00388, EPS: 0.892
Epoch: 12, Train Loss: 0.00393, Valid Loss: 0.00385, EPS: 0.883
Epoch: 13, Train Loss: 0.00392, Valid Loss: 0.00384, EPS: 0.874
Epoch: 14, Train Loss: 0.00392, Valid Loss: 0.00380, EPS: 0.865
Epoch: 15, Train Loss: 0.00390, Valid Loss: 0.00388, EPS: 0.856
Epoch: 16, Train Loss: 0.00387, Valid Loss: 0.00391, EPS: 0.847
Epoch: 17, Train Loss: 0.00391, Valid Loss: 0.00385, EPS: 0.8380000000000001
Epoch: 18, Train Loss: 0.00394, Valid Loss: 0.00389, EPS: 0.8290000000000001
Epoch: 19, Train Loss: 0.00392, Valid Loss: 0.00389, EPS: 0.8200000000000001
Epoch: 20, Train Loss: 0.00392, Valid Loss: 0.00386, EPS: 0.811
Epoch: 21, Train Loss: 0.00389, Valid Loss: 0.00386, EPS: 0.802
Epoch: 22, Train Loss: 0.00392, Valid Loss: 0.00388, EPS: 0.793
Epoch: 23, Train Loss: 0.00395, Valid Loss: 0.00388, EPS: 0.784
Epoch: 24, Train Loss: 0.00390, Valid Loss: 0.00384, EPS: 0.775
Epoch: 25, Train Loss: 0.00393, Valid Loss: 0.00387, EPS: 0.766
Epoch: 26, Train Loss: 0.00365, Valid Loss: 0.00366, EPS: 0.757
Epoch: 27, Train Loss: 0.00341, Valid Loss: 0.00353, EPS: 0.748
Epoch: 28, Train Loss: 0.00330, Valid Loss: 0.00345, EPS: 0.739
Epoch: 29, Train Loss: 0.00320, Valid Loss: 0.00341, EPS: 0.73
Epoch: 30, Train Loss: 0.00316, Valid Loss: 0.00339, EPS: 0.721
Epoch: 31, Train Loss: 0.00317, Valid Loss: 0.00338, EPS: 0.712
Epoch: 32, Train Loss: 0.00314, Valid Loss: 0.00336, EPS: 0.703
Epoch: 33, Train Loss: 0.00313, Valid Loss: 0.00335, EPS: 0.694
Epoch: 34, Train Loss: 0.00313, Valid Loss: 0.00336, EPS: 0.685
Epoch: 35, Train Loss: 0.00312, Valid Loss: 0.00335, EPS: 0.676
Epoch: 36, Train Loss: 0.00311, Valid Loss: 0.00335, EPS: 0.667
Epoch: 37, Train Loss: 0.00309, Valid Loss: 0.00333, EPS: 0.658
Epoch: 38, Train Loss: 0.00309, Valid Loss: 0.00333, EPS: 0.649
Epoch: 39, Train Loss: 0.00310, Valid Loss: 0.00335, EPS: 0.64
Epoch: 40, Train Loss: 0.00309, Valid Loss: 0.00334, EPS: 0.6310000000000001
Epoch: 41, Train Loss: 0.00310, Valid Loss: 0.00331, EPS: 0.6220000000000001
Epoch: 42, Train Loss: 0.00309, Valid Loss: 0.00334, EPS: 0.6130000000000001
Epoch: 43, Train Loss: 0.00308, Valid Loss: 0.00335, EPS: 0.6040000000000001
Epoch: 44, Train Loss: 0.00308, Valid Loss: 0.00334, EPS: 0.5950000000000001
Epoch: 45, Train Loss: 0.00307, Valid Loss: 0.00332, EPS: 0.5860000000000001
Epoch: 46, Train Loss: 0.00306, Valid Loss: 0.00334, EPS: 0.5770000000000001
Epoch: 47, Train Loss: 0.00309, Valid Loss: 0.00333, EPS: 0.5680000000000001
Epoch: 48, Train Loss: 0.00307, Valid Loss: 0.00333, EPS: 0.559
Epoch: 49, Train Loss: 0.00306, Valid Loss: 0.00334, EPS: 0.55
Epoch: 50, Train Loss: 0.00307, Valid Loss: 0.00334, EPS: 0.541
Epoch: 51, Train Loss: 0.00306, Valid Loss: 0.00332, EPS: 0.532
Epoch: 52, Train Loss: 0.00307, Valid Loss: 0.00332, EPS: 0.523
Epoch: 53, Train Loss: 0.00303, Valid Loss: 0.00332, EPS: 0.514
Epoch: 54, Train Loss: 0.00303, Valid Loss: 0.00331, EPS: 0.505
Epoch: 55, Train Loss: 0.00300, Valid Loss: 0.00331, EPS: 0.496
Epoch: 56, Train Loss: 0.00302, Valid Loss: 0.00331, EPS: 0.4870000000000001
Epoch: 57, Train Loss: 0.00302, Valid Loss: 0.00331, EPS: 0.4780000000000001
Epoch: 58, Train Loss: 0.00296, Valid Loss: 0.00330, EPS: 0.4690000000000001
Epoch: 59, Train Loss: 0.00299, Valid Loss: 0.00331, EPS: 0.4600000000000001
Epoch: 60, Train Loss: 0.00300, Valid Loss: 0.00331, EPS: 0.45100000000000007
Epoch: 61, Train Loss: 0.00298, Valid Loss: 0.00331, EPS: 0.44200000000000006
Epoch: 62, Train Loss: 0.00299, Valid Loss: 0.00331, EPS: 0.43300000000000005
Epoch: 63, Train Loss: 0.00297, Valid Loss: 0.00328, EPS: 0.42400000000000004
Epoch: 64, Train Loss: 0.00299, Valid Loss: 0.00329, EPS: 0.41500000000000004
Epoch: 65, Train Loss: 0.00299, Valid Loss: 0.00331, EPS: 0.406
Epoch: 66, Train Loss: 0.00299, Valid Loss: 0.00330, EPS: 0.397
Epoch: 67, Train Loss: 0.00297, Valid Loss: 0.00330, EPS: 0.388
Epoch: 68, Train Loss: 0.00297, Valid Loss: 0.00329, EPS: 0.3790000000000001
Epoch: 69, Train Loss: 0.00301, Valid Loss: 0.00329, EPS: 0.3700000000000001
Epoch: 70, Train Loss: 0.00299, Valid Loss: 0.00330, EPS: 0.3610000000000001
Epoch: 71, Train Loss: 0.00298, Valid Loss: 0.00330, EPS: 0.3520000000000001
Epoch: 72, Train Loss: 0.00298, Valid Loss: 0.00330, EPS: 0.343
Epoch: 73, Train Loss: 0.00297, Valid Loss: 0.00328, EPS: 0.334
Epoch: 74, Train Loss: 0.00300, Valid Loss: 0.00330, EPS: 0.325
Epoch: 75, Train Loss: 0.00297, Valid Loss: 0.00330, EPS: 0.316
Epoch: 76, Train Loss: 0.00297, Valid Loss: 0.00331, EPS: 0.307
Epoch: 77, Train Loss: 0.00298, Valid Loss: 0.00329, EPS: 0.298
Epoch: 78, Train Loss: 0.00299, Valid Loss: 0.00329, EPS: 0.289
Epoch: 79, Train Loss: 0.00295, Valid Loss: 0.00329, EPS: 0.27999999999999997
Epoch: 80, Train Loss: 0.00296, Valid Loss: 0.00330, EPS: 0.27099999999999996
Epoch: 81, Train Loss: 0.00300, Valid Loss: 0.00330, EPS: 0.26200000000000007
Epoch: 82, Train Loss: 0.00298, Valid Loss: 0.00330, EPS: 0.25300000000000006
Epoch: 83, Train Loss: 0.00300, Valid Loss: 0.00330, EPS: 0.24400000000000005
Epoch: 84, Train Loss: 0.00296, Valid Loss: 0.00328, EPS: 0.23500000000000004
Epoch: 85, Train Loss: 0.00297, Valid Loss: 0.00329, EPS: 0.22600000000000003
Epoch: 86, Train Loss: 0.00298, Valid Loss: 0.00331, EPS: 0.21700000000000003
Epoch: 87, Train Loss: 0.00300, Valid Loss: 0.00328, EPS: 0.20800000000000002
Epoch: 88, Train Loss: 0.00296, Valid Loss: 0.00330, EPS: 0.199
Epoch: 89, Train Loss: 0.00298, Valid Loss: 0.00328, EPS: 0.19
Epoch: 90, Train Loss: 0.00298, Valid Loss: 0.00329, EPS: 0.181
Epoch: 91, Train Loss: 0.00297, Valid Loss: 0.00329, EPS: 0.172
Epoch: 92, Train Loss: 0.00298, Valid Loss: 0.00328, EPS: 0.16299999999999998
Epoch: 93, Train Loss: 0.00298, Valid Loss: 0.00329, EPS: 0.15400000000000005
Epoch: 94, Train Loss: 0.00298, Valid Loss: 0.00328, EPS: 0.14500000000000005
Epoch: 95, Train Loss: 0.00296, Valid Loss: 0.00329, EPS: 0.13600000000000004
Epoch: 96, Train Loss: 0.00296, Valid Loss: 0.00328, EPS: 0.12700000000000003
Epoch: 97, Train Loss: 0.00298, Valid Loss: 0.00330, EPS: 0.11800000000000002
Epoch: 98, Train Loss: 0.00299, Valid Loss: 0.00328, EPS: 0.10900000000000001
Epoch: 99, Train Loss: 0.00298, Valid Loss: 0.00329, EPS: 0.1
Test Loss: 0.00329
Test Loss: 0.00327
Running context window: 5 with stride: 10 with seed: 123
Shape: (5, 144, 72)
Epoch: 0, Train Loss: 0.00990, Valid Loss: 0.00687, EPS: 0.991
Epoch: 1, Train Loss: 0.00622, Valid Loss: 0.00586, EPS: 0.982
Epoch: 2, Train Loss: 0.00524, Valid Loss: 0.00517, EPS: 0.973
Epoch: 3, Train Loss: 0.00450, Valid Loss: 0.00470, EPS: 0.964
Epoch: 4, Train Loss: 0.00393, Valid Loss: 0.00442, EPS: 0.955
Epoch: 5, Train Loss: 0.00358, Valid Loss: 0.00426, EPS: 0.946
Epoch: 6, Train Loss: 0.00328, Valid Loss: 0.00405, EPS: 0.9369999999999999
Epoch: 7, Train Loss: 0.00304, Valid Loss: 0.00395, EPS: 0.928
Epoch: 8, Train Loss: 0.00296, Valid Loss: 0.00385, EPS: 0.919
Epoch: 9, Train Loss: 0.00281, Valid Loss: 0.00387, EPS: 0.91
Epoch: 10, Train Loss: 0.00272, Valid Loss: 0.00381, EPS: 0.901
Epoch: 11, Train Loss: 0.00265, Valid Loss: 0.00369, EPS: 0.892
Epoch: 12, Train Loss: 0.00259, Valid Loss: 0.00372, EPS: 0.883
Epoch: 13, Train Loss: 0.00254, Valid Loss: 0.00377, EPS: 0.874
Epoch: 14, Train Loss: 0.00254, Valid Loss: 0.00370, EPS: 0.865
Epoch: 15, Train Loss: 0.00255, Valid Loss: 0.00373, EPS: 0.856
Epoch: 16, Train Loss: 0.00254, Valid Loss: 0.00361, EPS: 0.847
Epoch: 17, Train Loss: 0.00251, Valid Loss: 0.00371, EPS: 0.8380000000000001
Epoch: 18, Train Loss: 0.00253, Valid Loss: 0.00368, EPS: 0.8290000000000001
Epoch: 19, Train Loss: 0.00252, Valid Loss: 0.00369, EPS: 0.8200000000000001
Epoch: 20, Train Loss: 0.00248, Valid Loss: 0.00363, EPS: 0.811
Epoch: 21, Train Loss: 0.00250, Valid Loss: 0.00370, EPS: 0.802
Epoch: 22, Train Loss: 0.00247, Valid Loss: 0.00367, EPS: 0.793
Epoch: 23, Train Loss: 0.00242, Valid Loss: 0.00363, EPS: 0.784
Epoch: 24, Train Loss: 0.00243, Valid Loss: 0.00367, EPS: 0.775
Epoch: 25, Train Loss: 0.00246, Valid Loss: 0.00374, EPS: 0.766
Epoch: 26, Train Loss: 0.00243, Valid Loss: 0.00369, EPS: 0.757
Epoch: 27, Train Loss: 0.00242, Valid Loss: 0.00368, EPS: 0.748
Epoch: 28, Train Loss: 0.00224, Valid Loss: 0.00349, EPS: 0.739
Epoch: 29, Train Loss: 0.00205, Valid Loss: 0.00345, EPS: 0.73
Epoch: 30, Train Loss: 0.00196, Valid Loss: 0.00338, EPS: 0.721
Epoch: 31, Train Loss: 0.00187, Valid Loss: 0.00333, EPS: 0.712
Epoch: 32, Train Loss: 0.00182, Valid Loss: 0.00330, EPS: 0.703
Epoch: 33, Train Loss: 0.00179, Valid Loss: 0.00331, EPS: 0.694
Epoch: 34, Train Loss: 0.00177, Valid Loss: 0.00329, EPS: 0.685
Epoch: 35, Train Loss: 0.00174, Valid Loss: 0.00328, EPS: 0.676
Epoch: 36, Train Loss: 0.00173, Valid Loss: 0.00327, EPS: 0.667
Epoch: 37, Train Loss: 0.00171, Valid Loss: 0.00325, EPS: 0.658
Epoch: 38, Train Loss: 0.00170, Valid Loss: 0.00327, EPS: 0.649
Epoch: 39, Train Loss: 0.00169, Valid Loss: 0.00326, EPS: 0.64
Epoch: 40, Train Loss: 0.00167, Valid Loss: 0.00328, EPS: 0.6310000000000001
Epoch: 41, Train Loss: 0.00167, Valid Loss: 0.00327, EPS: 0.6220000000000001
Epoch: 42, Train Loss: 0.00165, Valid Loss: 0.00326, EPS: 0.6130000000000001
Epoch: 43, Train Loss: 0.00165, Valid Loss: 0.00330, EPS: 0.6040000000000001
Epoch: 44, Train Loss: 0.00165, Valid Loss: 0.00330, EPS: 0.5950000000000001
Epoch: 45, Train Loss: 0.00163, Valid Loss: 0.00331, EPS: 0.5860000000000001
Epoch: 46, Train Loss: 0.00163, Valid Loss: 0.00327, EPS: 0.5770000000000001
Epoch: 47, Train Loss: 0.00161, Valid Loss: 0.00329, EPS: 0.5680000000000001
Epoch: 48, Train Loss: 0.00161, Valid Loss: 0.00327, EPS: 0.559
Epoch: 49, Train Loss: 0.00158, Valid Loss: 0.00326, EPS: 0.55
Epoch: 50, Train Loss: 0.00158, Valid Loss: 0.00329, EPS: 0.541
Epoch: 51, Train Loss: 0.00157, Valid Loss: 0.00328, EPS: 0.532
Epoch: 52, Train Loss: 0.00157, Valid Loss: 0.00327, EPS: 0.523
Epoch: 53, Train Loss: 0.00157, Valid Loss: 0.00326, EPS: 0.514
Epoch: 54, Train Loss: 0.00157, Valid Loss: 0.00327, EPS: 0.505
Epoch: 55, Train Loss: 0.00156, Valid Loss: 0.00329, EPS: 0.496
Epoch: 56, Train Loss: 0.00157, Valid Loss: 0.00326, EPS: 0.4870000000000001
Epoch: 57, Train Loss: 0.00156, Valid Loss: 0.00328, EPS: 0.4780000000000001
Epoch: 58, Train Loss: 0.00156, Valid Loss: 0.00328, EPS: 0.4690000000000001
Epoch: 59, Train Loss: 0.00155, Valid Loss: 0.00326, EPS: 0.4600000000000001
Epoch: 60, Train Loss: 0.00155, Valid Loss: 0.00326, EPS: 0.45100000000000007
Epoch: 61, Train Loss: 0.00156, Valid Loss: 0.00326, EPS: 0.44200000000000006
Epoch: 62, Train Loss: 0.00155, Valid Loss: 0.00326, EPS: 0.43300000000000005
Epoch: 63, Train Loss: 0.00156, Valid Loss: 0.00327, EPS: 0.42400000000000004
Epoch: 64, Train Loss: 0.00156, Valid Loss: 0.00328, EPS: 0.41500000000000004
Epoch: 65, Train Loss: 0.00156, Valid Loss: 0.00325, EPS: 0.406
Epoch: 66, Train Loss: 0.00156, Valid Loss: 0.00327, EPS: 0.397
Epoch: 67, Train Loss: 0.00155, Valid Loss: 0.00326, EPS: 0.388
Epoch: 68, Train Loss: 0.00156, Valid Loss: 0.00324, EPS: 0.3790000000000001
Epoch: 69, Train Loss: 0.00155, Valid Loss: 0.00325, EPS: 0.3700000000000001
Epoch: 70, Train Loss: 0.00154, Valid Loss: 0.00328, EPS: 0.3610000000000001
Epoch: 71, Train Loss: 0.00155, Valid Loss: 0.00327, EPS: 0.3520000000000001
Epoch: 72, Train Loss: 0.00155, Valid Loss: 0.00325, EPS: 0.343
Epoch: 73, Train Loss: 0.00155, Valid Loss: 0.00324, EPS: 0.334
Epoch: 74, Train Loss: 0.00155, Valid Loss: 0.00327, EPS: 0.325
Epoch: 75, Train Loss: 0.00156, Valid Loss: 0.00327, EPS: 0.316
Epoch: 76, Train Loss: 0.00156, Valid Loss: 0.00325, EPS: 0.307
Epoch: 77, Train Loss: 0.00155, Valid Loss: 0.00325, EPS: 0.298
Epoch: 78, Train Loss: 0.00156, Valid Loss: 0.00326, EPS: 0.289
Epoch: 79, Train Loss: 0.00155, Valid Loss: 0.00324, EPS: 0.27999999999999997
Epoch: 80, Train Loss: 0.00156, Valid Loss: 0.00325, EPS: 0.27099999999999996
Epoch: 81, Train Loss: 0.00155, Valid Loss: 0.00327, EPS: 0.26200000000000007
Epoch: 82, Train Loss: 0.00155, Valid Loss: 0.00328, EPS: 0.25300000000000006
Epoch: 83, Train Loss: 0.00155, Valid Loss: 0.00325, EPS: 0.24400000000000005
Epoch: 84, Train Loss: 0.00155, Valid Loss: 0.00325, EPS: 0.23500000000000004
Epoch: 85, Train Loss: 0.00154, Valid Loss: 0.00327, EPS: 0.22600000000000003
Epoch: 86, Train Loss: 0.00154, Valid Loss: 0.00327, EPS: 0.21700000000000003
Epoch: 87, Train Loss: 0.00155, Valid Loss: 0.00326, EPS: 0.20800000000000002
Epoch: 88, Train Loss: 0.00155, Valid Loss: 0.00326, EPS: 0.199
Epoch: 89, Train Loss: 0.00155, Valid Loss: 0.00327, EPS: 0.19
Epoch: 90, Train Loss: 0.00154, Valid Loss: 0.00326, EPS: 0.181
Epoch: 91, Train Loss: 0.00156, Valid Loss: 0.00326, EPS: 0.172
Epoch: 92, Train Loss: 0.00155, Valid Loss: 0.00326, EPS: 0.16299999999999998
Epoch: 93, Train Loss: 0.00156, Valid Loss: 0.00326, EPS: 0.15400000000000005
Epoch: 94, Train Loss: 0.00156, Valid Loss: 0.00326, EPS: 0.14500000000000005
Epoch: 95, Train Loss: 0.00155, Valid Loss: 0.00326, EPS: 0.13600000000000004
Epoch: 96, Train Loss: 0.00154, Valid Loss: 0.00328, EPS: 0.12700000000000003
Epoch: 97, Train Loss: 0.00156, Valid Loss: 0.00326, EPS: 0.11800000000000002
Epoch: 98, Train Loss: 0.00154, Valid Loss: 0.00326, EPS: 0.10900000000000001
Epoch: 99, Train Loss: 0.00155, Valid Loss: 0.00326, EPS: 0.1
Test Loss: 0.00325
Test Loss: 0.00329
