nohup: ignoring input
Train: torch.Size([14031, 5, 64, 32]), Valid: torch.Size([4677, 5, 64, 32]), Test: torch.Size([4678, 5, 64, 32])
Input shape: (C=5, H=144, W=72)
Epoch: 0, Con Train Loss 1: 4.74, Con Train Loss 2: 4.75, Train Loss: 9.49, Con Valid Loss 1: 4.82, Con Valid Loss 2: 4.82, Validation Loss: 9.64, Learning Rate: 0.0001
Epoch: 1, Con Train Loss 1: 4.00, Con Train Loss 2: 4.00, Train Loss: 8.01, Con Valid Loss 1: 4.48, Con Valid Loss 2: 4.49, Validation Loss: 8.97, Learning Rate: 0.0001
Epoch: 2, Con Train Loss 1: 3.59, Con Train Loss 2: 3.60, Train Loss: 7.19, Con Valid Loss 1: 4.31, Con Valid Loss 2: 4.33, Validation Loss: 8.64, Learning Rate: 0.0001
Epoch: 3, Con Train Loss 1: 3.42, Con Train Loss 2: 3.42, Train Loss: 6.84, Con Valid Loss 1: 4.26, Con Valid Loss 2: 4.27, Validation Loss: 8.53, Learning Rate: 0.0001
Epoch: 4, Con Train Loss 1: 3.31, Con Train Loss 2: 3.32, Train Loss: 6.63, Con Valid Loss 1: 4.21, Con Valid Loss 2: 4.26, Validation Loss: 8.47, Learning Rate: 0.0001
Epoch: 5, Con Train Loss 1: 3.25, Con Train Loss 2: 3.25, Train Loss: 6.49, Con Valid Loss 1: 4.16, Con Valid Loss 2: 4.18, Validation Loss: 8.34, Learning Rate: 0.0001
Epoch: 6, Con Train Loss 1: 3.18, Con Train Loss 2: 3.19, Train Loss: 6.38, Con Valid Loss 1: 4.16, Con Valid Loss 2: 4.18, Validation Loss: 8.33, Learning Rate: 0.0001
Epoch: 7, Con Train Loss 1: 3.14, Con Train Loss 2: 3.15, Train Loss: 6.29, Con Valid Loss 1: 4.13, Con Valid Loss 2: 4.12, Validation Loss: 8.25, Learning Rate: 0.0001
Epoch: 8, Con Train Loss 1: 3.10, Con Train Loss 2: 3.10, Train Loss: 6.20, Con Valid Loss 1: 4.11, Con Valid Loss 2: 4.12, Validation Loss: 8.23, Learning Rate: 0.0001
Epoch: 9, Con Train Loss 1: 3.07, Con Train Loss 2: 3.08, Train Loss: 6.15, Con Valid Loss 1: 4.08, Con Valid Loss 2: 4.09, Validation Loss: 8.17, Learning Rate: 0.0001
Epoch: 10, Con Train Loss 1: 3.04, Con Train Loss 2: 3.04, Train Loss: 6.09, Con Valid Loss 1: 4.05, Con Valid Loss 2: 4.07, Validation Loss: 8.11, Learning Rate: 0.0001
Epoch: 11, Con Train Loss 1: 3.02, Con Train Loss 2: 3.02, Train Loss: 6.04, Con Valid Loss 1: 4.04, Con Valid Loss 2: 4.05, Validation Loss: 8.09, Learning Rate: 0.0001
Epoch: 12, Con Train Loss 1: 3.01, Con Train Loss 2: 3.01, Train Loss: 6.02, Con Valid Loss 1: 4.03, Con Valid Loss 2: 4.03, Validation Loss: 8.06, Learning Rate: 0.0001
Epoch: 13, Con Train Loss 1: 2.98, Con Train Loss 2: 2.99, Train Loss: 5.97, Con Valid Loss 1: 4.03, Con Valid Loss 2: 4.01, Validation Loss: 8.04, Learning Rate: 0.0001
Epoch: 14, Con Train Loss 1: 2.97, Con Train Loss 2: 2.97, Train Loss: 5.94, Con Valid Loss 1: 4.01, Con Valid Loss 2: 4.02, Validation Loss: 8.03, Learning Rate: 0.0001
Epoch: 15, Con Train Loss 1: 2.95, Con Train Loss 2: 2.96, Train Loss: 5.92, Con Valid Loss 1: 4.02, Con Valid Loss 2: 4.02, Validation Loss: 8.05, Learning Rate: 0.0001
Epoch: 16, Con Train Loss 1: 2.94, Con Train Loss 2: 2.94, Train Loss: 5.88, Con Valid Loss 1: 4.02, Con Valid Loss 2: 4.03, Validation Loss: 8.05, Learning Rate: 0.0001
Epoch: 17, Con Train Loss 1: 2.93, Con Train Loss 2: 2.93, Train Loss: 5.86, Con Valid Loss 1: 4.02, Con Valid Loss 2: 4.00, Validation Loss: 8.02, Learning Rate: 0.0001
Epoch: 18, Con Train Loss 1: 2.92, Con Train Loss 2: 2.92, Train Loss: 5.84, Con Valid Loss 1: 4.01, Con Valid Loss 2: 4.01, Validation Loss: 8.02, Learning Rate: 0.0001
Epoch: 19, Con Train Loss 1: 2.91, Con Train Loss 2: 2.91, Train Loss: 5.82, Con Valid Loss 1: 4.01, Con Valid Loss 2: 3.99, Validation Loss: 8.00, Learning Rate: 0.0001
Epoch: 20, Con Train Loss 1: 2.90, Con Train Loss 2: 2.90, Train Loss: 5.80, Con Valid Loss 1: 4.00, Con Valid Loss 2: 3.99, Validation Loss: 7.99, Learning Rate: 0.0001
Epoch: 21, Con Train Loss 1: 2.88, Con Train Loss 2: 2.88, Train Loss: 5.76, Con Valid Loss 1: 3.99, Con Valid Loss 2: 3.98, Validation Loss: 7.97, Learning Rate: 0.0001
Epoch: 22, Con Train Loss 1: 2.87, Con Train Loss 2: 2.88, Train Loss: 5.75, Con Valid Loss 1: 4.01, Con Valid Loss 2: 4.02, Validation Loss: 8.03, Learning Rate: 0.0001
Epoch: 23, Con Train Loss 1: 2.87, Con Train Loss 2: 2.87, Train Loss: 5.73, Con Valid Loss 1: 4.00, Con Valid Loss 2: 3.98, Validation Loss: 7.98, Learning Rate: 0.0001
Epoch: 24, Con Train Loss 1: 2.86, Con Train Loss 2: 2.86, Train Loss: 5.72, Con Valid Loss 1: 4.02, Con Valid Loss 2: 4.00, Validation Loss: 8.02, Learning Rate: 0.0001
Epoch: 25, Con Train Loss 1: 2.85, Con Train Loss 2: 2.85, Train Loss: 5.70, Con Valid Loss 1: 4.00, Con Valid Loss 2: 4.00, Validation Loss: 8.00, Learning Rate: 0.0001
Epoch: 26, Con Train Loss 1: 2.84, Con Train Loss 2: 2.84, Train Loss: 5.67, Con Valid Loss 1: 4.00, Con Valid Loss 2: 4.01, Validation Loss: 8.01, Learning Rate: 0.0001
Epoch: 27, Con Train Loss 1: 2.83, Con Train Loss 2: 2.83, Train Loss: 5.67, Con Valid Loss 1: 4.03, Con Valid Loss 2: 4.02, Validation Loss: 8.05, Learning Rate: 0.0001
Epoch: 28, Con Train Loss 1: 2.82, Con Train Loss 2: 2.82, Train Loss: 5.64, Con Valid Loss 1: 4.03, Con Valid Loss 2: 4.03, Validation Loss: 8.06, Learning Rate: 0.0001
Epoch: 29, Con Train Loss 1: 2.81, Con Train Loss 2: 2.81, Train Loss: 5.63, Con Valid Loss 1: 4.04, Con Valid Loss 2: 4.03, Validation Loss: 8.07, Learning Rate: 0.0001
Epoch: 30, Con Train Loss 1: 2.81, Con Train Loss 2: 2.81, Train Loss: 5.62, Con Valid Loss 1: 4.04, Con Valid Loss 2: 4.02, Validation Loss: 8.06, Learning Rate: 0.0001
Epoch: 31, Con Train Loss 1: 2.80, Con Train Loss 2: 2.80, Train Loss: 5.59, Con Valid Loss 1: 4.06, Con Valid Loss 2: 4.02, Validation Loss: 8.08, Learning Rate: 0.0001
Epoch: 32, Con Train Loss 1: 2.79, Con Train Loss 2: 2.78, Train Loss: 5.57, Con Valid Loss 1: 4.05, Con Valid Loss 2: 4.02, Validation Loss: 8.07, Learning Rate: 0.0001
Epoch: 33, Con Train Loss 1: 2.77, Con Train Loss 2: 2.77, Train Loss: 5.53, Con Valid Loss 1: 4.05, Con Valid Loss 2: 4.04, Validation Loss: 8.09, Learning Rate: 1e-05
Epoch: 34, Con Train Loss 1: 2.76, Con Train Loss 2: 2.76, Train Loss: 5.51, Con Valid Loss 1: 4.04, Con Valid Loss 2: 4.02, Validation Loss: 8.06, Learning Rate: 1e-05
Epoch: 35, Con Train Loss 1: 2.76, Con Train Loss 2: 2.75, Train Loss: 5.51, Con Valid Loss 1: 4.03, Con Valid Loss 2: 4.03, Validation Loss: 8.06, Learning Rate: 1e-05
Epoch: 36, Con Train Loss 1: 2.75, Con Train Loss 2: 2.75, Train Loss: 5.49, Con Valid Loss 1: 4.04, Con Valid Loss 2: 4.03, Validation Loss: 8.07, Learning Rate: 1e-05
Epoch: 37, Con Train Loss 1: 2.75, Con Train Loss 2: 2.75, Train Loss: 5.50, Con Valid Loss 1: 4.05, Con Valid Loss 2: 4.04, Validation Loss: 8.09, Learning Rate: 1e-05
Epoch: 38, Con Train Loss 1: 2.74, Con Train Loss 2: 2.74, Train Loss: 5.49, Con Valid Loss 1: 4.05, Con Valid Loss 2: 4.05, Validation Loss: 8.10, Learning Rate: 1e-05
Epoch: 39, Con Train Loss 1: 2.74, Con Train Loss 2: 2.74, Train Loss: 5.48, Con Valid Loss 1: 4.05, Con Valid Loss 2: 4.05, Validation Loss: 8.09, Learning Rate: 1e-05
Epoch: 40, Con Train Loss 1: 2.74, Con Train Loss 2: 2.74, Train Loss: 5.48, Con Valid Loss 1: 4.06, Con Valid Loss 2: 4.06, Validation Loss: 8.11, Learning Rate: 1e-05
Epoch: 41, Con Train Loss 1: 2.74, Con Train Loss 2: 2.73, Train Loss: 5.47, Con Valid Loss 1: 4.06, Con Valid Loss 2: 4.04, Validation Loss: 8.10, Learning Rate: 1e-05
Epoch: 42, Con Train Loss 1: 2.73, Con Train Loss 2: 2.73, Train Loss: 5.47, Con Valid Loss 1: 4.06, Con Valid Loss 2: 4.04, Validation Loss: 8.10, Learning Rate: 1e-05
Epoch: 43, Con Train Loss 1: 2.73, Con Train Loss 2: 2.73, Train Loss: 5.47, Con Valid Loss 1: 4.06, Con Valid Loss 2: 4.05, Validation Loss: 8.11, Learning Rate: 1e-05
Epoch: 44, Con Train Loss 1: 2.73, Con Train Loss 2: 2.73, Train Loss: 5.46, Con Valid Loss 1: 4.06, Con Valid Loss 2: 4.05, Validation Loss: 8.11, Learning Rate: 1.0000000000000002e-06
Epoch: 45, Con Train Loss 1: 2.73, Con Train Loss 2: 2.73, Train Loss: 5.46, Con Valid Loss 1: 4.07, Con Valid Loss 2: 4.06, Validation Loss: 8.13, Learning Rate: 1.0000000000000002e-06
Epoch: 46, Con Train Loss 1: 2.73, Con Train Loss 2: 2.73, Train Loss: 5.46, Con Valid Loss 1: 4.06, Con Valid Loss 2: 4.05, Validation Loss: 8.11, Learning Rate: 1.0000000000000002e-06
Epoch: 47, Con Train Loss 1: 2.73, Con Train Loss 2: 2.73, Train Loss: 5.45, Con Valid Loss 1: 4.06, Con Valid Loss 2: 4.05, Validation Loss: 8.12, Learning Rate: 1.0000000000000002e-06
Epoch: 48, Con Train Loss 1: 2.73, Con Train Loss 2: 2.72, Train Loss: 5.45, Con Valid Loss 1: 4.07, Con Valid Loss 2: 4.04, Validation Loss: 8.12, Learning Rate: 1.0000000000000002e-06
Epoch: 49, Con Train Loss 1: 2.73, Con Train Loss 2: 2.73, Train Loss: 5.46, Con Valid Loss 1: 4.06, Con Valid Loss 2: 4.06, Validation Loss: 8.12, Learning Rate: 1.0000000000000002e-06
Epoch: 50, Con Train Loss 1: 2.73, Con Train Loss 2: 2.73, Train Loss: 5.46, Con Valid Loss 1: 4.07, Con Valid Loss 2: 4.05, Validation Loss: 8.12, Learning Rate: 1.0000000000000002e-06
Epoch: 51, Con Train Loss 1: 2.72, Con Train Loss 2: 2.73, Train Loss: 5.45, Con Valid Loss 1: 4.07, Con Valid Loss 2: 4.06, Validation Loss: 8.13, Learning Rate: 1.0000000000000002e-06
Epoch: 52, Con Train Loss 1: 2.73, Con Train Loss 2: 2.72, Train Loss: 5.45, Con Valid Loss 1: 4.06, Con Valid Loss 2: 4.06, Validation Loss: 8.13, Learning Rate: 1.0000000000000002e-06
Epoch: 53, Con Train Loss 1: 2.73, Con Train Loss 2: 2.72, Train Loss: 5.45, Con Valid Loss 1: 4.08, Con Valid Loss 2: 4.04, Validation Loss: 8.11, Learning Rate: 1.0000000000000002e-06
Epoch: 54, Con Train Loss 1: 2.73, Con Train Loss 2: 2.72, Train Loss: 5.45, Con Valid Loss 1: 4.07, Con Valid Loss 2: 4.06, Validation Loss: 8.13, Learning Rate: 1.0000000000000002e-06
Epoch: 55, Con Train Loss 1: 2.73, Con Train Loss 2: 2.72, Train Loss: 5.45, Con Valid Loss 1: 4.07, Con Valid Loss 2: 4.05, Validation Loss: 8.13, Learning Rate: 1.0000000000000002e-07
Epoch: 56, Con Train Loss 1: 2.73, Con Train Loss 2: 2.72, Train Loss: 5.45, Con Valid Loss 1: 4.05, Con Valid Loss 2: 4.05, Validation Loss: 8.11, Learning Rate: 1.0000000000000002e-07
Epoch: 57, Con Train Loss 1: 2.72, Con Train Loss 2: 2.72, Train Loss: 5.45, Con Valid Loss 1: 4.06, Con Valid Loss 2: 4.04, Validation Loss: 8.10, Learning Rate: 1.0000000000000002e-07
Epoch: 58, Con Train Loss 1: 2.73, Con Train Loss 2: 2.73, Train Loss: 5.45, Con Valid Loss 1: 4.06, Con Valid Loss 2: 4.03, Validation Loss: 8.09, Learning Rate: 1.0000000000000002e-07
Epoch: 59, Con Train Loss 1: 2.72, Con Train Loss 2: 2.72, Train Loss: 5.45, Con Valid Loss 1: 4.06, Con Valid Loss 2: 4.03, Validation Loss: 8.10, Learning Rate: 1.0000000000000002e-07
Epoch: 60, Con Train Loss 1: 2.73, Con Train Loss 2: 2.72, Train Loss: 5.45, Con Valid Loss 1: 4.07, Con Valid Loss 2: 4.04, Validation Loss: 8.11, Learning Rate: 1.0000000000000002e-07
Epoch: 61, Con Train Loss 1: 2.72, Con Train Loss 2: 2.73, Train Loss: 5.45, Con Valid Loss 1: 4.08, Con Valid Loss 2: 4.06, Validation Loss: 8.13, Learning Rate: 1.0000000000000002e-07
Epoch: 62, Con Train Loss 1: 2.72, Con Train Loss 2: 2.72, Train Loss: 5.45, Con Valid Loss 1: 4.07, Con Valid Loss 2: 4.06, Validation Loss: 8.13, Learning Rate: 1.0000000000000002e-07
Epoch: 63, Con Train Loss 1: 2.72, Con Train Loss 2: 2.72, Train Loss: 5.45, Con Valid Loss 1: 4.06, Con Valid Loss 2: 4.04, Validation Loss: 8.11, Learning Rate: 1.0000000000000002e-07
Epoch: 64, Con Train Loss 1: 2.72, Con Train Loss 2: 2.73, Train Loss: 5.45, Con Valid Loss 1: 4.05, Con Valid Loss 2: 4.04, Validation Loss: 8.09, Learning Rate: 1.0000000000000002e-07
Epoch: 65, Con Train Loss 1: 2.73, Con Train Loss 2: 2.72, Train Loss: 5.45, Con Valid Loss 1: 4.07, Con Valid Loss 2: 4.06, Validation Loss: 8.13, Learning Rate: 1.0000000000000002e-07
Epoch: 66, Con Train Loss 1: 2.72, Con Train Loss 2: 2.72, Train Loss: 5.45, Con Valid Loss 1: 4.06, Con Valid Loss 2: 4.05, Validation Loss: 8.12, Learning Rate: 1.0000000000000004e-08
Epoch: 67, Con Train Loss 1: 2.73, Con Train Loss 2: 2.72, Train Loss: 5.45, Con Valid Loss 1: 4.07, Con Valid Loss 2: 4.05, Validation Loss: 8.12, Learning Rate: 1.0000000000000004e-08
Epoch: 68, Con Train Loss 1: 2.73, Con Train Loss 2: 2.72, Train Loss: 5.45, Con Valid Loss 1: 4.06, Con Valid Loss 2: 4.04, Validation Loss: 8.10, Learning Rate: 1.0000000000000004e-08
Epoch: 69, Con Train Loss 1: 2.73, Con Train Loss 2: 2.72, Train Loss: 5.45, Con Valid Loss 1: 4.08, Con Valid Loss 2: 4.06, Validation Loss: 8.14, Learning Rate: 1.0000000000000004e-08
Epoch: 70, Con Train Loss 1: 2.73, Con Train Loss 2: 2.73, Train Loss: 5.46, Con Valid Loss 1: 4.06, Con Valid Loss 2: 4.04, Validation Loss: 8.10, Learning Rate: 1.0000000000000004e-08
Epoch: 71, Con Train Loss 1: 2.73, Con Train Loss 2: 2.73, Train Loss: 5.45, Con Valid Loss 1: 4.07, Con Valid Loss 2: 4.05, Validation Loss: 8.12, Learning Rate: 1.0000000000000004e-08
Epoch: 72, Con Train Loss 1: 2.72, Con Train Loss 2: 2.72, Train Loss: 5.45, Con Valid Loss 1: 4.06, Con Valid Loss 2: 4.05, Validation Loss: 8.11, Learning Rate: 1.0000000000000004e-08
Epoch: 73, Con Train Loss 1: 2.73, Con Train Loss 2: 2.72, Train Loss: 5.45, Con Valid Loss 1: 4.07, Con Valid Loss 2: 4.06, Validation Loss: 8.14, Learning Rate: 1.0000000000000004e-08
Epoch: 74, Con Train Loss 1: 2.72, Con Train Loss 2: 2.72, Train Loss: 5.45, Con Valid Loss 1: 4.07, Con Valid Loss 2: 4.05, Validation Loss: 8.13, Learning Rate: 1.0000000000000004e-08
Epoch: 75, Con Train Loss 1: 2.72, Con Train Loss 2: 2.72, Train Loss: 5.45, Con Valid Loss 1: 4.07, Con Valid Loss 2: 4.05, Validation Loss: 8.11, Learning Rate: 1.0000000000000004e-08
Epoch: 76, Con Train Loss 1: 2.73, Con Train Loss 2: 2.72, Train Loss: 5.45, Con Valid Loss 1: 4.07, Con Valid Loss 2: 4.06, Validation Loss: 8.13, Learning Rate: 1.0000000000000004e-08
Epoch: 77, Con Train Loss 1: 2.72, Con Train Loss 2: 2.72, Train Loss: 5.45, Con Valid Loss 1: 4.07, Con Valid Loss 2: 4.06, Validation Loss: 8.13, Learning Rate: 1.0000000000000004e-08
Epoch: 78, Con Train Loss 1: 2.73, Con Train Loss 2: 2.72, Train Loss: 5.45, Con Valid Loss 1: 4.08, Con Valid Loss 2: 4.07, Validation Loss: 8.16, Learning Rate: 1.0000000000000004e-08
Epoch: 79, Con Train Loss 1: 2.73, Con Train Loss 2: 2.72, Train Loss: 5.45, Con Valid Loss 1: 4.06, Con Valid Loss 2: 4.05, Validation Loss: 8.11, Learning Rate: 1.0000000000000004e-08
Epoch: 80, Con Train Loss 1: 2.73, Con Train Loss 2: 2.73, Train Loss: 5.45, Con Valid Loss 1: 4.07, Con Valid Loss 2: 4.05, Validation Loss: 8.13, Learning Rate: 1.0000000000000004e-08
Epoch: 81, Con Train Loss 1: 2.73, Con Train Loss 2: 2.72, Train Loss: 5.45, Con Valid Loss 1: 4.07, Con Valid Loss 2: 4.06, Validation Loss: 8.14, Learning Rate: 1.0000000000000004e-08
Epoch: 82, Con Train Loss 1: 2.72, Con Train Loss 2: 2.72, Train Loss: 5.45, Con Valid Loss 1: 4.08, Con Valid Loss 2: 4.06, Validation Loss: 8.14, Learning Rate: 1.0000000000000004e-08
Epoch: 83, Con Train Loss 1: 2.73, Con Train Loss 2: 2.72, Train Loss: 5.45, Con Valid Loss 1: 4.05, Con Valid Loss 2: 4.05, Validation Loss: 8.10, Learning Rate: 1.0000000000000004e-08
Epoch: 84, Con Train Loss 1: 2.72, Con Train Loss 2: 2.72, Train Loss: 5.45, Con Valid Loss 1: 4.08, Con Valid Loss 2: 4.06, Validation Loss: 8.13, Learning Rate: 1.0000000000000004e-08
Epoch: 85, Con Train Loss 1: 2.72, Con Train Loss 2: 2.73, Train Loss: 5.45, Con Valid Loss 1: 4.07, Con Valid Loss 2: 4.06, Validation Loss: 8.13, Learning Rate: 1.0000000000000004e-08
Epoch: 86, Con Train Loss 1: 2.73, Con Train Loss 2: 2.72, Train Loss: 5.45, Con Valid Loss 1: 4.07, Con Valid Loss 2: 4.06, Validation Loss: 8.12, Learning Rate: 1.0000000000000004e-08
Epoch: 87, Con Train Loss 1: 2.72, Con Train Loss 2: 2.72, Train Loss: 5.45, Con Valid Loss 1: 4.07, Con Valid Loss 2: 4.05, Validation Loss: 8.12, Learning Rate: 1.0000000000000004e-08
Epoch: 88, Con Train Loss 1: 2.73, Con Train Loss 2: 2.72, Train Loss: 5.45, Con Valid Loss 1: 4.05, Con Valid Loss 2: 4.04, Validation Loss: 8.09, Learning Rate: 1.0000000000000004e-08
Epoch: 89, Con Train Loss 1: 2.72, Con Train Loss 2: 2.73, Train Loss: 5.45, Con Valid Loss 1: 4.07, Con Valid Loss 2: 4.06, Validation Loss: 8.13, Learning Rate: 1.0000000000000004e-08
Epoch: 90, Con Train Loss 1: 2.73, Con Train Loss 2: 2.72, Train Loss: 5.45, Con Valid Loss 1: 4.06, Con Valid Loss 2: 4.05, Validation Loss: 8.11, Learning Rate: 1.0000000000000004e-08
Epoch: 91, Con Train Loss 1: 2.73, Con Train Loss 2: 2.73, Train Loss: 5.46, Con Valid Loss 1: 4.05, Con Valid Loss 2: 4.04, Validation Loss: 8.09, Learning Rate: 1.0000000000000004e-08
Epoch: 92, Con Train Loss 1: 2.73, Con Train Loss 2: 2.72, Train Loss: 5.45, Con Valid Loss 1: 4.07, Con Valid Loss 2: 4.07, Validation Loss: 8.14, Learning Rate: 1.0000000000000004e-08
Epoch: 93, Con Train Loss 1: 2.73, Con Train Loss 2: 2.72, Train Loss: 5.45, Con Valid Loss 1: 4.06, Con Valid Loss 2: 4.04, Validation Loss: 8.10, Learning Rate: 1.0000000000000004e-08
Epoch: 94, Con Train Loss 1: 2.72, Con Train Loss 2: 2.73, Train Loss: 5.45, Con Valid Loss 1: 4.06, Con Valid Loss 2: 4.03, Validation Loss: 8.09, Learning Rate: 1.0000000000000004e-08
Epoch: 95, Con Train Loss 1: 2.72, Con Train Loss 2: 2.72, Train Loss: 5.45, Con Valid Loss 1: 4.06, Con Valid Loss 2: 4.06, Validation Loss: 8.12, Learning Rate: 1.0000000000000004e-08
Epoch: 96, Con Train Loss 1: 2.73, Con Train Loss 2: 2.72, Train Loss: 5.45, Con Valid Loss 1: 4.08, Con Valid Loss 2: 4.06, Validation Loss: 8.13, Learning Rate: 1.0000000000000004e-08
Epoch: 97, Con Train Loss 1: 2.72, Con Train Loss 2: 2.72, Train Loss: 5.45, Con Valid Loss 1: 4.07, Con Valid Loss 2: 4.06, Validation Loss: 8.13, Learning Rate: 1.0000000000000004e-08
Epoch: 98, Con Train Loss 1: 2.72, Con Train Loss 2: 2.72, Train Loss: 5.45, Con Valid Loss 1: 4.07, Con Valid Loss 2: 4.06, Validation Loss: 8.13, Learning Rate: 1.0000000000000004e-08
Epoch: 99, Con Train Loss 1: 2.72, Con Train Loss 2: 2.72, Train Loss: 5.44, Con Valid Loss 1: 4.07, Con Valid Loss 2: 4.06, Validation Loss: 8.13, Learning Rate: 1.0000000000000004e-08
Fine Tuning Both
Epoch: 0, Alpha: 1.00
  Total Train Loss:        14.41
    Contrastive Train Loss: 14.41
    Overall Recon Train Loss: 4.44
    Recon Train Loss:       0.89
  Total Valid Loss:        15.31
    Contrastive Valid Loss: 15.31
    Overall Recon Valid Loss: 3.61
    Recon Valid Loss:       0.72
Learning Rate: 0.0001
Epoch: 1, Alpha: 0.99
  Total Train Loss:        11.73
    Contrastive Train Loss: 11.81
    Overall Recon Train Loss: 3.15
    Recon Train Loss:       0.63
  Total Valid Loss:        12.68
    Contrastive Valid Loss: 12.78
    Overall Recon Valid Loss: 2.36
    Recon Valid Loss:       0.47
Learning Rate: 0.0001
Epoch: 2, Alpha: 0.98
  Total Train Loss:        10.32
    Contrastive Train Loss: 10.48
    Overall Recon Train Loss: 2.49
    Recon Train Loss:       0.50
  Total Valid Loss:        12.10
    Contrastive Valid Loss: 12.30
    Overall Recon Valid Loss: 2.12
    Recon Valid Loss:       0.42
Learning Rate: 0.0001
Epoch: 3, Alpha: 0.97
  Total Train Loss:        9.89
    Contrastive Train Loss: 10.12
    Overall Recon Train Loss: 2.32
    Recon Train Loss:       0.46
  Total Valid Loss:        11.80
    Contrastive Valid Loss: 12.10
    Overall Recon Valid Loss: 2.02
    Recon Valid Loss:       0.40
Learning Rate: 0.0001
Epoch: 4, Alpha: 0.96
  Total Train Loss:        9.61
    Contrastive Train Loss: 9.91
    Overall Recon Train Loss: 2.22
    Recon Train Loss:       0.44
  Total Valid Loss:        11.59
    Contrastive Valid Loss: 11.98
    Overall Recon Valid Loss: 1.96
    Recon Valid Loss:       0.39
Learning Rate: 0.0001
Epoch: 5, Alpha: 0.95
  Total Train Loss:        9.38
    Contrastive Train Loss: 9.75
    Overall Recon Train Loss: 2.15
    Recon Train Loss:       0.43
  Total Valid Loss:        11.45
    Contrastive Valid Loss: 11.94
    Overall Recon Valid Loss: 1.91
    Recon Valid Loss:       0.38
Learning Rate: 0.0001
Epoch: 6, Alpha: 0.94
  Total Train Loss:        9.19
    Contrastive Train Loss: 9.63
    Overall Recon Train Loss: 2.10
    Recon Train Loss:       0.42
  Total Valid Loss:        11.28
    Contrastive Valid Loss: 11.86
    Overall Recon Valid Loss: 1.87
    Recon Valid Loss:       0.37
Learning Rate: 0.0001
Epoch: 7, Alpha: 0.93
  Total Train Loss:        9.02
    Contrastive Train Loss: 9.52
    Overall Recon Train Loss: 2.05
    Recon Train Loss:       0.41
  Total Valid Loss:        11.08
    Contrastive Valid Loss: 11.75
    Overall Recon Valid Loss: 1.84
    Recon Valid Loss:       0.37
Learning Rate: 0.0001
Epoch: 8, Alpha: 0.92
  Total Train Loss:        8.86
    Contrastive Train Loss: 9.43
    Overall Recon Train Loss: 2.01
    Recon Train Loss:       0.40
  Total Valid Loss:        10.98
    Contrastive Valid Loss: 11.74
    Overall Recon Valid Loss: 1.81
    Recon Valid Loss:       0.36
Learning Rate: 0.0001
Epoch: 9, Alpha: 0.91
  Total Train Loss:        8.72
    Contrastive Train Loss: 9.35
    Overall Recon Train Loss: 1.98
    Recon Train Loss:       0.40
  Total Valid Loss:        10.90
    Contrastive Valid Loss: 11.75
    Overall Recon Valid Loss: 1.81
    Recon Valid Loss:       0.36
Learning Rate: 0.0001
Epoch: 10, Alpha: 0.90
  Total Train Loss:        8.60
    Contrastive Train Loss: 9.30
    Overall Recon Train Loss: 1.96
    Recon Train Loss:       0.39
  Total Valid Loss:        10.74
    Contrastive Valid Loss: 11.68
    Overall Recon Valid Loss: 1.79
    Recon Valid Loss:       0.36
Learning Rate: 0.0001
Epoch: 11, Alpha: 0.90
  Total Train Loss:        8.49
    Contrastive Train Loss: 9.26
    Overall Recon Train Loss: 1.94
    Recon Train Loss:       0.39
  Total Valid Loss:        10.63
    Contrastive Valid Loss: 11.66
    Overall Recon Valid Loss: 1.77
    Recon Valid Loss:       0.35
Learning Rate: 0.0001
Epoch: 12, Alpha: 0.89
  Total Train Loss:        8.38
    Contrastive Train Loss: 9.20
    Overall Recon Train Loss: 1.93
    Recon Train Loss:       0.39
  Total Valid Loss:        10.54
    Contrastive Valid Loss: 11.66
    Overall Recon Valid Loss: 1.76
    Recon Valid Loss:       0.35
Learning Rate: 0.0001
Epoch: 13, Alpha: 0.88
  Total Train Loss:        8.28
    Contrastive Train Loss: 9.16
    Overall Recon Train Loss: 1.91
    Recon Train Loss:       0.38
  Total Valid Loss:        10.46
    Contrastive Valid Loss: 11.67
    Overall Recon Valid Loss: 1.75
    Recon Valid Loss:       0.35
Learning Rate: 0.0001
Epoch: 14, Alpha: 0.87
  Total Train Loss:        8.18
    Contrastive Train Loss: 9.12
    Overall Recon Train Loss: 1.90
    Recon Train Loss:       0.38
  Total Valid Loss:        10.35
    Contrastive Valid Loss: 11.64
    Overall Recon Valid Loss: 1.74
    Recon Valid Loss:       0.35
Learning Rate: 0.0001
Epoch: 15, Alpha: 0.86
  Total Train Loss:        8.09
    Contrastive Train Loss: 9.09
    Overall Recon Train Loss: 1.88
    Recon Train Loss:       0.38
  Total Valid Loss:        10.26
    Contrastive Valid Loss: 11.64
    Overall Recon Valid Loss: 1.73
    Recon Valid Loss:       0.35
Learning Rate: 0.0001
Epoch: 16, Alpha: 0.85
  Total Train Loss:        7.98
    Contrastive Train Loss: 9.04
    Overall Recon Train Loss: 1.87
    Recon Train Loss:       0.37
  Total Valid Loss:        10.14
    Contrastive Valid Loss: 11.60
    Overall Recon Valid Loss: 1.71
    Recon Valid Loss:       0.34
Learning Rate: 0.0001
Epoch: 17, Alpha: 0.84
  Total Train Loss:        7.90
    Contrastive Train Loss: 9.02
    Overall Recon Train Loss: 1.86
    Recon Train Loss:       0.37
  Total Valid Loss:        10.04
    Contrastive Valid Loss: 11.58
    Overall Recon Valid Loss: 1.69
    Recon Valid Loss:       0.34
Learning Rate: 0.0001
Epoch: 18, Alpha: 0.84
  Total Train Loss:        7.80
    Contrastive Train Loss: 8.97
    Overall Recon Train Loss: 1.84
    Recon Train Loss:       0.37
  Total Valid Loss:        9.95
    Contrastive Valid Loss: 11.58
    Overall Recon Valid Loss: 1.68
    Recon Valid Loss:       0.34
Learning Rate: 0.0001
Epoch: 19, Alpha: 0.83
  Total Train Loss:        7.70
    Contrastive Train Loss: 8.92
    Overall Recon Train Loss: 1.82
    Recon Train Loss:       0.36
  Total Valid Loss:        9.82
    Contrastive Valid Loss: 11.53
    Overall Recon Valid Loss: 1.66
    Recon Valid Loss:       0.33
Learning Rate: 0.0001
Epoch: 20, Alpha: 0.82
  Total Train Loss:        7.60
    Contrastive Train Loss: 8.89
    Overall Recon Train Loss: 1.80
    Recon Train Loss:       0.36
  Total Valid Loss:        9.75
    Contrastive Valid Loss: 11.54
    Overall Recon Valid Loss: 1.64
    Recon Valid Loss:       0.33
Learning Rate: 0.0001
Epoch: 21, Alpha: 0.81
  Total Train Loss:        7.51
    Contrastive Train Loss: 8.85
    Overall Recon Train Loss: 1.79
    Recon Train Loss:       0.36
  Total Valid Loss:        9.65
    Contrastive Valid Loss: 11.52
    Overall Recon Valid Loss: 1.64
    Recon Valid Loss:       0.33
Learning Rate: 0.0001
Epoch: 22, Alpha: 0.80
  Total Train Loss:        7.42
    Contrastive Train Loss: 8.81
    Overall Recon Train Loss: 1.77
    Recon Train Loss:       0.35
  Total Valid Loss:        9.53
    Contrastive Valid Loss: 11.48
    Overall Recon Valid Loss: 1.61
    Recon Valid Loss:       0.32
Learning Rate: 0.0001
Epoch: 23, Alpha: 0.79
  Total Train Loss:        7.32
    Contrastive Train Loss: 8.76
    Overall Recon Train Loss: 1.76
    Recon Train Loss:       0.35
  Total Valid Loss:        9.43
    Contrastive Valid Loss: 11.46
    Overall Recon Valid Loss: 1.59
    Recon Valid Loss:       0.32
Learning Rate: 0.0001
Epoch: 24, Alpha: 0.79
  Total Train Loss:        7.24
    Contrastive Train Loss: 8.73
    Overall Recon Train Loss: 1.74
    Recon Train Loss:       0.35
  Total Valid Loss:        9.33
    Contrastive Valid Loss: 11.43
    Overall Recon Valid Loss: 1.57
    Recon Valid Loss:       0.31
Learning Rate: 0.0001
Epoch: 25, Alpha: 0.78
  Total Train Loss:        7.14
    Contrastive Train Loss: 8.68
    Overall Recon Train Loss: 1.72
    Recon Train Loss:       0.34
  Total Valid Loss:        9.24
    Contrastive Valid Loss: 11.42
    Overall Recon Valid Loss: 1.56
    Recon Valid Loss:       0.31
Learning Rate: 0.0001
Epoch: 26, Alpha: 0.77
  Total Train Loss:        7.06
    Contrastive Train Loss: 8.65
    Overall Recon Train Loss: 1.70
    Recon Train Loss:       0.34
  Total Valid Loss:        9.07
    Contrastive Valid Loss: 11.31
    Overall Recon Valid Loss: 1.53
    Recon Valid Loss:       0.31
Learning Rate: 0.0001
Epoch: 27, Alpha: 0.76
  Total Train Loss:        6.97
    Contrastive Train Loss: 8.61
    Overall Recon Train Loss: 1.69
    Recon Train Loss:       0.34
  Total Valid Loss:        9.02
    Contrastive Valid Loss: 11.34
    Overall Recon Valid Loss: 1.53
    Recon Valid Loss:       0.31
Learning Rate: 0.0001
Epoch: 28, Alpha: 0.76
  Total Train Loss:        6.89
    Contrastive Train Loss: 8.57
    Overall Recon Train Loss: 1.67
    Recon Train Loss:       0.33
  Total Valid Loss:        8.93
    Contrastive Valid Loss: 11.32
    Overall Recon Valid Loss: 1.51
    Recon Valid Loss:       0.30
Learning Rate: 0.0001
Epoch: 29, Alpha: 0.75
  Total Train Loss:        6.81
    Contrastive Train Loss: 8.54
    Overall Recon Train Loss: 1.66
    Recon Train Loss:       0.33
  Total Valid Loss:        8.83
    Contrastive Valid Loss: 11.30
    Overall Recon Valid Loss: 1.50
    Recon Valid Loss:       0.30
Learning Rate: 0.0001
Epoch: 30, Alpha: 0.74
  Total Train Loss:        6.74
    Contrastive Train Loss: 8.52
    Overall Recon Train Loss: 1.65
    Recon Train Loss:       0.33
  Total Valid Loss:        8.75
    Contrastive Valid Loss: 11.30
    Overall Recon Valid Loss: 1.48
    Recon Valid Loss:       0.30
Learning Rate: 0.0001
Epoch: 31, Alpha: 0.73
  Total Train Loss:        6.66
    Contrastive Train Loss: 8.49
    Overall Recon Train Loss: 1.64
    Recon Train Loss:       0.33
  Total Valid Loss:        8.68
    Contrastive Valid Loss: 11.30
    Overall Recon Valid Loss: 1.48
    Recon Valid Loss:       0.30
Learning Rate: 0.0001
Epoch: 32, Alpha: 0.73
  Total Train Loss:        6.59
    Contrastive Train Loss: 8.46
    Overall Recon Train Loss: 1.63
    Recon Train Loss:       0.33
  Total Valid Loss:        8.59
    Contrastive Valid Loss: 11.27
    Overall Recon Valid Loss: 1.47
    Recon Valid Loss:       0.29
Learning Rate: 0.0001
Epoch: 33, Alpha: 0.72
  Total Train Loss:        6.51
    Contrastive Train Loss: 8.43
    Overall Recon Train Loss: 1.61
    Recon Train Loss:       0.32
  Total Valid Loss:        8.49
    Contrastive Valid Loss: 11.25
    Overall Recon Valid Loss: 1.45
    Recon Valid Loss:       0.29
Learning Rate: 0.0001
Epoch: 34, Alpha: 0.71
  Total Train Loss:        6.44
    Contrastive Train Loss: 8.40
    Overall Recon Train Loss: 1.60
    Recon Train Loss:       0.32
  Total Valid Loss:        8.44
    Contrastive Valid Loss: 11.28
    Overall Recon Valid Loss: 1.44
    Recon Valid Loss:       0.29
Learning Rate: 0.0001
Epoch: 35, Alpha: 0.70
  Total Train Loss:        6.37
    Contrastive Train Loss: 8.37
    Overall Recon Train Loss: 1.59
    Recon Train Loss:       0.32
  Total Valid Loss:        8.32
    Contrastive Valid Loss: 11.20
    Overall Recon Valid Loss: 1.43
    Recon Valid Loss:       0.29
Learning Rate: 0.0001
Epoch: 36, Alpha: 0.70
  Total Train Loss:        6.30
    Contrastive Train Loss: 8.34
    Overall Recon Train Loss: 1.58
    Recon Train Loss:       0.32
  Total Valid Loss:        8.25
    Contrastive Valid Loss: 11.21
    Overall Recon Valid Loss: 1.42
    Recon Valid Loss:       0.28
Learning Rate: 0.0001
Epoch: 37, Alpha: 0.69
  Total Train Loss:        6.23
    Contrastive Train Loss: 8.31
    Overall Recon Train Loss: 1.57
    Recon Train Loss:       0.31
  Total Valid Loss:        8.16
    Contrastive Valid Loss: 11.18
    Overall Recon Valid Loss: 1.41
    Recon Valid Loss:       0.28
Learning Rate: 0.0001
Epoch: 38, Alpha: 0.68
  Total Train Loss:        6.17
    Contrastive Train Loss: 8.30
    Overall Recon Train Loss: 1.56
    Recon Train Loss:       0.31
  Total Valid Loss:        8.08
    Contrastive Valid Loss: 11.17
    Overall Recon Valid Loss: 1.40
    Recon Valid Loss:       0.28
Learning Rate: 0.0001
Epoch: 39, Alpha: 0.68
  Total Train Loss:        6.09
    Contrastive Train Loss: 8.27
    Overall Recon Train Loss: 1.54
    Recon Train Loss:       0.31
  Total Valid Loss:        8.00
    Contrastive Valid Loss: 11.15
    Overall Recon Valid Loss: 1.38
    Recon Valid Loss:       0.28
Learning Rate: 0.0001
Epoch: 40, Alpha: 0.67
  Total Train Loss:        6.03
    Contrastive Train Loss: 8.24
    Overall Recon Train Loss: 1.53
    Recon Train Loss:       0.31
  Total Valid Loss:        7.93
    Contrastive Valid Loss: 11.15
    Overall Recon Valid Loss: 1.37
    Recon Valid Loss:       0.27
Learning Rate: 0.0001
Epoch: 41, Alpha: 0.66
  Total Train Loss:        5.96
    Contrastive Train Loss: 8.21
    Overall Recon Train Loss: 1.52
    Recon Train Loss:       0.30
  Total Valid Loss:        7.87
    Contrastive Valid Loss: 11.17
    Overall Recon Valid Loss: 1.36
    Recon Valid Loss:       0.27
Learning Rate: 0.0001
Epoch: 42, Alpha: 0.66
  Total Train Loss:        5.89
    Contrastive Train Loss: 8.18
    Overall Recon Train Loss: 1.51
    Recon Train Loss:       0.30
  Total Valid Loss:        7.78
    Contrastive Valid Loss: 11.14
    Overall Recon Valid Loss: 1.34
    Recon Valid Loss:       0.27
Learning Rate: 0.0001
Epoch: 43, Alpha: 0.65
  Total Train Loss:        5.83
    Contrastive Train Loss: 8.16
    Overall Recon Train Loss: 1.50
    Recon Train Loss:       0.30
  Total Valid Loss:        7.70
    Contrastive Valid Loss: 11.11
    Overall Recon Valid Loss: 1.34
    Recon Valid Loss:       0.27
Learning Rate: 0.0001
Epoch: 44, Alpha: 0.64
  Total Train Loss:        5.77
    Contrastive Train Loss: 8.13
    Overall Recon Train Loss: 1.49
    Recon Train Loss:       0.30
  Total Valid Loss:        7.64
    Contrastive Valid Loss: 11.12
    Overall Recon Valid Loss: 1.33
    Recon Valid Loss:       0.27
Learning Rate: 0.0001
Epoch: 45, Alpha: 0.64
  Total Train Loss:        5.71
    Contrastive Train Loss: 8.12
    Overall Recon Train Loss: 1.48
    Recon Train Loss:       0.30
  Total Valid Loss:        7.53
    Contrastive Valid Loss: 11.07
    Overall Recon Valid Loss: 1.31
    Recon Valid Loss:       0.26
Learning Rate: 0.0001
Epoch: 46, Alpha: 0.63
  Total Train Loss:        5.64
    Contrastive Train Loss: 8.09
    Overall Recon Train Loss: 1.46
    Recon Train Loss:       0.29
  Total Valid Loss:        7.45
    Contrastive Valid Loss: 11.05
    Overall Recon Valid Loss: 1.30
    Recon Valid Loss:       0.26
Learning Rate: 0.0001
Epoch: 47, Alpha: 0.63
  Total Train Loss:        5.58
    Contrastive Train Loss: 8.06
    Overall Recon Train Loss: 1.46
    Recon Train Loss:       0.29
  Total Valid Loss:        7.39
    Contrastive Valid Loss: 11.06
    Overall Recon Valid Loss: 1.29
    Recon Valid Loss:       0.26
Learning Rate: 0.0001
Epoch: 48, Alpha: 0.62
  Total Train Loss:        5.53
    Contrastive Train Loss: 8.04
    Overall Recon Train Loss: 1.44
    Recon Train Loss:       0.29
  Total Valid Loss:        7.32
    Contrastive Valid Loss: 11.04
    Overall Recon Valid Loss: 1.28
    Recon Valid Loss:       0.26
Learning Rate: 0.0001
Epoch: 49, Alpha: 0.61
  Total Train Loss:        5.47
    Contrastive Train Loss: 8.02
    Overall Recon Train Loss: 1.44
    Recon Train Loss:       0.29
  Total Valid Loss:        7.25
    Contrastive Valid Loss: 11.04
    Overall Recon Valid Loss: 1.27
    Recon Valid Loss:       0.25
Learning Rate: 0.0001
Epoch: 50, Alpha: 0.61
  Total Train Loss:        5.41
    Contrastive Train Loss: 8.00
    Overall Recon Train Loss: 1.43
    Recon Train Loss:       0.29
  Total Valid Loss:        7.16
    Contrastive Valid Loss: 10.99
    Overall Recon Valid Loss: 1.27
    Recon Valid Loss:       0.25
Learning Rate: 0.0001
Epoch: 51, Alpha: 0.60
  Total Train Loss:        5.35
    Contrastive Train Loss: 7.97
    Overall Recon Train Loss: 1.42
    Recon Train Loss:       0.28
  Total Valid Loss:        7.09
    Contrastive Valid Loss: 10.98
    Overall Recon Valid Loss: 1.25
    Recon Valid Loss:       0.25
Learning Rate: 0.0001
Epoch: 52, Alpha: 0.59
  Total Train Loss:        5.30
    Contrastive Train Loss: 7.95
    Overall Recon Train Loss: 1.41
    Recon Train Loss:       0.28
  Total Valid Loss:        7.06
    Contrastive Valid Loss: 11.02
    Overall Recon Valid Loss: 1.25
    Recon Valid Loss:       0.25
Learning Rate: 0.0001
Epoch: 53, Alpha: 0.59
  Total Train Loss:        5.25
    Contrastive Train Loss: 7.94
    Overall Recon Train Loss: 1.40
    Recon Train Loss:       0.28
  Total Valid Loss:        6.96
    Contrastive Valid Loss: 10.96
    Overall Recon Valid Loss: 1.24
    Recon Valid Loss:       0.25
Learning Rate: 0.0001
Epoch: 54, Alpha: 0.58
  Total Train Loss:        5.19
    Contrastive Train Loss: 7.91
    Overall Recon Train Loss: 1.39
    Recon Train Loss:       0.28
  Total Valid Loss:        6.91
    Contrastive Valid Loss: 10.98
    Overall Recon Valid Loss: 1.22
    Recon Valid Loss:       0.24
Learning Rate: 0.0001
Epoch: 55, Alpha: 0.58
  Total Train Loss:        5.14
    Contrastive Train Loss: 7.90
    Overall Recon Train Loss: 1.38
    Recon Train Loss:       0.28
  Total Valid Loss:        6.85
    Contrastive Valid Loss: 10.98
    Overall Recon Valid Loss: 1.22
    Recon Valid Loss:       0.24
Learning Rate: 0.0001
Epoch: 56, Alpha: 0.57
  Total Train Loss:        5.09
    Contrastive Train Loss: 7.88
    Overall Recon Train Loss: 1.37
    Recon Train Loss:       0.27
  Total Valid Loss:        6.78
    Contrastive Valid Loss: 10.97
    Overall Recon Valid Loss: 1.21
    Recon Valid Loss:       0.24
Learning Rate: 0.0001
Epoch: 57, Alpha: 0.57
  Total Train Loss:        5.04
    Contrastive Train Loss: 7.86
    Overall Recon Train Loss: 1.36
    Recon Train Loss:       0.27
  Total Valid Loss:        6.72
    Contrastive Valid Loss: 10.97
    Overall Recon Valid Loss: 1.19
    Recon Valid Loss:       0.24
Learning Rate: 0.0001
Epoch: 58, Alpha: 0.56
  Total Train Loss:        4.98
    Contrastive Train Loss: 7.83
    Overall Recon Train Loss: 1.35
    Recon Train Loss:       0.27
  Total Valid Loss:        6.65
    Contrastive Valid Loss: 10.95
    Overall Recon Valid Loss: 1.19
    Recon Valid Loss:       0.24
Learning Rate: 0.0001
Epoch: 59, Alpha: 0.55
  Total Train Loss:        4.93
    Contrastive Train Loss: 7.81
    Overall Recon Train Loss: 1.34
    Recon Train Loss:       0.27
  Total Valid Loss:        6.56
    Contrastive Valid Loss: 10.89
    Overall Recon Valid Loss: 1.17
    Recon Valid Loss:       0.23
Learning Rate: 0.0001
Epoch: 60, Alpha: 0.55
  Total Train Loss:        4.88
    Contrastive Train Loss: 7.80
    Overall Recon Train Loss: 1.33
    Recon Train Loss:       0.27
  Total Valid Loss:        6.53
    Contrastive Valid Loss: 10.93
    Overall Recon Valid Loss: 1.17
    Recon Valid Loss:       0.23
Learning Rate: 0.0001
Epoch: 61, Alpha: 0.54
  Total Train Loss:        4.83
    Contrastive Train Loss: 7.78
    Overall Recon Train Loss: 1.33
    Recon Train Loss:       0.27
  Total Valid Loss:        6.46
    Contrastive Valid Loss: 10.91
    Overall Recon Valid Loss: 1.16
    Recon Valid Loss:       0.23
Learning Rate: 0.0001
Epoch: 62, Alpha: 0.54
  Total Train Loss:        4.78
    Contrastive Train Loss: 7.76
    Overall Recon Train Loss: 1.32
    Recon Train Loss:       0.26
  Total Valid Loss:        6.43
    Contrastive Valid Loss: 10.96
    Overall Recon Valid Loss: 1.16
    Recon Valid Loss:       0.23
Learning Rate: 0.0001
Epoch: 63, Alpha: 0.53
  Total Train Loss:        4.74
    Contrastive Train Loss: 7.74
    Overall Recon Train Loss: 1.31
    Recon Train Loss:       0.26
  Total Valid Loss:        6.35
    Contrastive Valid Loss: 10.91
    Overall Recon Valid Loss: 1.15
    Recon Valid Loss:       0.23
Learning Rate: 0.0001
Epoch: 64, Alpha: 0.53
  Total Train Loss:        4.69
    Contrastive Train Loss: 7.73
    Overall Recon Train Loss: 1.31
    Recon Train Loss:       0.26
  Total Valid Loss:        6.28
    Contrastive Valid Loss: 10.89
    Overall Recon Valid Loss: 1.14
    Recon Valid Loss:       0.23
Learning Rate: 0.0001
Epoch: 65, Alpha: 0.52
  Total Train Loss:        4.65
    Contrastive Train Loss: 7.71
    Overall Recon Train Loss: 1.30
    Recon Train Loss:       0.26
  Total Valid Loss:        6.22
    Contrastive Valid Loss: 10.88
    Overall Recon Valid Loss: 1.13
    Recon Valid Loss:       0.23
Learning Rate: 0.0001
Epoch: 66, Alpha: 0.52
  Total Train Loss:        4.60
    Contrastive Train Loss: 7.70
    Overall Recon Train Loss: 1.29
    Recon Train Loss:       0.26
  Total Valid Loss:        6.18
    Contrastive Valid Loss: 10.89
    Overall Recon Valid Loss: 1.13
    Recon Valid Loss:       0.23
Learning Rate: 0.0001
Epoch: 67, Alpha: 0.51
  Total Train Loss:        4.56
    Contrastive Train Loss: 7.68
    Overall Recon Train Loss: 1.29
    Recon Train Loss:       0.26
  Total Valid Loss:        6.13
    Contrastive Valid Loss: 10.90
    Overall Recon Valid Loss: 1.13
    Recon Valid Loss:       0.23
Learning Rate: 0.0001
Epoch: 68, Alpha: 0.51
  Total Train Loss:        4.52
    Contrastive Train Loss: 7.67
    Overall Recon Train Loss: 1.28
    Recon Train Loss:       0.26
  Total Valid Loss:        6.06
    Contrastive Valid Loss: 10.87
    Overall Recon Valid Loss: 1.11
    Recon Valid Loss:       0.22
Learning Rate: 0.0001
Epoch: 69, Alpha: 0.50
  Total Train Loss:        4.47
    Contrastive Train Loss: 7.65
    Overall Recon Train Loss: 1.27
    Recon Train Loss:       0.25
  Total Valid Loss:        6.02
    Contrastive Valid Loss: 10.89
    Overall Recon Valid Loss: 1.12
    Recon Valid Loss:       0.22
Learning Rate: 0.0001
Epoch: 70, Alpha: 0.50
  Total Train Loss:        4.43
    Contrastive Train Loss: 7.64
    Overall Recon Train Loss: 1.27
    Recon Train Loss:       0.25
  Total Valid Loss:        5.95
    Contrastive Valid Loss: 10.86
    Overall Recon Valid Loss: 1.10
    Recon Valid Loss:       0.22
Learning Rate: 0.0001
Epoch: 71, Alpha: 0.49
  Total Train Loss:        4.39
    Contrastive Train Loss: 7.63
    Overall Recon Train Loss: 1.26
    Recon Train Loss:       0.25
  Total Valid Loss:        5.90
    Contrastive Valid Loss: 10.87
    Overall Recon Valid Loss: 1.10
    Recon Valid Loss:       0.22
Learning Rate: 0.0001
Epoch: 72, Alpha: 0.49
  Total Train Loss:        4.35
    Contrastive Train Loss: 7.61
    Overall Recon Train Loss: 1.25
    Recon Train Loss:       0.25
  Total Valid Loss:        5.85
    Contrastive Valid Loss: 10.88
    Overall Recon Valid Loss: 1.09
    Recon Valid Loss:       0.22
Learning Rate: 0.0001
Epoch: 73, Alpha: 0.48
  Total Train Loss:        4.31
    Contrastive Train Loss: 7.60
    Overall Recon Train Loss: 1.25
    Recon Train Loss:       0.25
  Total Valid Loss:        5.80
    Contrastive Valid Loss: 10.86
    Overall Recon Valid Loss: 1.09
    Recon Valid Loss:       0.22
Learning Rate: 0.0001
Epoch: 74, Alpha: 0.48
  Total Train Loss:        4.27
    Contrastive Train Loss: 7.58
    Overall Recon Train Loss: 1.24
    Recon Train Loss:       0.25
  Total Valid Loss:        5.74
    Contrastive Valid Loss: 10.84
    Overall Recon Valid Loss: 1.08
    Recon Valid Loss:       0.22
Learning Rate: 0.0001
Epoch: 75, Alpha: 0.47
  Total Train Loss:        4.23
    Contrastive Train Loss: 7.57
    Overall Recon Train Loss: 1.23
    Recon Train Loss:       0.25
  Total Valid Loss:        5.68
    Contrastive Valid Loss: 10.82
    Overall Recon Valid Loss: 1.07
    Recon Valid Loss:       0.21
Learning Rate: 0.0001
Epoch: 76, Alpha: 0.47
  Total Train Loss:        4.19
    Contrastive Train Loss: 7.55
    Overall Recon Train Loss: 1.23
    Recon Train Loss:       0.25
  Total Valid Loss:        5.64
    Contrastive Valid Loss: 10.84
    Overall Recon Valid Loss: 1.07
    Recon Valid Loss:       0.21
Learning Rate: 0.0001
Epoch: 77, Alpha: 0.46
  Total Train Loss:        4.15
    Contrastive Train Loss: 7.54
    Overall Recon Train Loss: 1.22
    Recon Train Loss:       0.24
  Total Valid Loss:        5.58
    Contrastive Valid Loss: 10.82
    Overall Recon Valid Loss: 1.06
    Recon Valid Loss:       0.21
Learning Rate: 0.0001
Epoch: 78, Alpha: 0.46
  Total Train Loss:        4.11
    Contrastive Train Loss: 7.52
    Overall Recon Train Loss: 1.21
    Recon Train Loss:       0.24
  Total Valid Loss:        5.50
    Contrastive Valid Loss: 10.76
    Overall Recon Valid Loss: 1.05
    Recon Valid Loss:       0.21
Learning Rate: 0.0001
Epoch: 79, Alpha: 0.45
  Total Train Loss:        4.07
    Contrastive Train Loss: 7.51
    Overall Recon Train Loss: 1.21
    Recon Train Loss:       0.24
  Total Valid Loss:        5.49
    Contrastive Valid Loss: 10.83
    Overall Recon Valid Loss: 1.05
    Recon Valid Loss:       0.21
Learning Rate: 0.0001
Epoch: 80, Alpha: 0.45
  Total Train Loss:        4.03
    Contrastive Train Loss: 7.50
    Overall Recon Train Loss: 1.20
    Recon Train Loss:       0.24
  Total Valid Loss:        5.43
    Contrastive Valid Loss: 10.79
    Overall Recon Valid Loss: 1.04
    Recon Valid Loss:       0.21
Learning Rate: 0.0001
Epoch: 81, Alpha: 0.44
  Total Train Loss:        3.99
    Contrastive Train Loss: 7.48
    Overall Recon Train Loss: 1.19
    Recon Train Loss:       0.24
  Total Valid Loss:        5.36
    Contrastive Valid Loss: 10.75
    Overall Recon Valid Loss: 1.03
    Recon Valid Loss:       0.21
Learning Rate: 0.0001
Epoch: 82, Alpha: 0.44
  Total Train Loss:        3.95
    Contrastive Train Loss: 7.47
    Overall Recon Train Loss: 1.19
    Recon Train Loss:       0.24
  Total Valid Loss:        5.32
    Contrastive Valid Loss: 10.78
    Overall Recon Valid Loss: 1.03
    Recon Valid Loss:       0.21
Learning Rate: 0.0001
Epoch: 83, Alpha: 0.44
  Total Train Loss:        3.92
    Contrastive Train Loss: 7.46
    Overall Recon Train Loss: 1.18
    Recon Train Loss:       0.24
  Total Valid Loss:        5.27
    Contrastive Valid Loss: 10.77
    Overall Recon Valid Loss: 1.03
    Recon Valid Loss:       0.21
Learning Rate: 0.0001
Epoch: 84, Alpha: 0.43
  Total Train Loss:        3.88
    Contrastive Train Loss: 7.44
    Overall Recon Train Loss: 1.18
    Recon Train Loss:       0.24
  Total Valid Loss:        5.23
    Contrastive Valid Loss: 10.77
    Overall Recon Valid Loss: 1.02
    Recon Valid Loss:       0.20
Learning Rate: 0.0001
Epoch: 85, Alpha: 0.43
  Total Train Loss:        3.85
    Contrastive Train Loss: 7.43
    Overall Recon Train Loss: 1.17
    Recon Train Loss:       0.23
  Total Valid Loss:        5.18
    Contrastive Valid Loss: 10.75
    Overall Recon Valid Loss: 1.02
    Recon Valid Loss:       0.20
Learning Rate: 0.0001
Epoch: 86, Alpha: 0.42
  Total Train Loss:        3.81
    Contrastive Train Loss: 7.42
    Overall Recon Train Loss: 1.16
    Recon Train Loss:       0.23
  Total Valid Loss:        5.14
    Contrastive Valid Loss: 10.78
    Overall Recon Valid Loss: 1.01
    Recon Valid Loss:       0.20
Learning Rate: 0.0001
Epoch: 87, Alpha: 0.42
  Total Train Loss:        3.77
    Contrastive Train Loss: 7.40
    Overall Recon Train Loss: 1.16
    Recon Train Loss:       0.23
  Total Valid Loss:        5.10
    Contrastive Valid Loss: 10.77
    Overall Recon Valid Loss: 1.00
    Recon Valid Loss:       0.20
Learning Rate: 0.0001
Epoch: 88, Alpha: 0.41
  Total Train Loss:        3.74
    Contrastive Train Loss: 7.40
    Overall Recon Train Loss: 1.15
    Recon Train Loss:       0.23
  Total Valid Loss:        5.04
    Contrastive Valid Loss: 10.74
    Overall Recon Valid Loss: 0.99
    Recon Valid Loss:       0.20
Learning Rate: 0.0001
Epoch: 89, Alpha: 0.41
  Total Train Loss:        3.71
    Contrastive Train Loss: 7.38
    Overall Recon Train Loss: 1.15
    Recon Train Loss:       0.23
  Total Valid Loss:        5.00
    Contrastive Valid Loss: 10.77
    Overall Recon Valid Loss: 0.99
    Recon Valid Loss:       0.20
Learning Rate: 0.0001
Epoch: 90, Alpha: 0.41
  Total Train Loss:        3.67
    Contrastive Train Loss: 7.37
    Overall Recon Train Loss: 1.14
    Recon Train Loss:       0.23
  Total Valid Loss:        4.96
    Contrastive Valid Loss: 10.75
    Overall Recon Valid Loss: 0.99
    Recon Valid Loss:       0.20
Learning Rate: 0.0001
Epoch: 91, Alpha: 0.40
  Total Train Loss:        3.64
    Contrastive Train Loss: 7.36
    Overall Recon Train Loss: 1.14
    Recon Train Loss:       0.23
  Total Valid Loss:        4.91
    Contrastive Valid Loss: 10.73
    Overall Recon Valid Loss: 0.98
    Recon Valid Loss:       0.20
Learning Rate: 0.0001
Epoch: 92, Alpha: 0.40
  Total Train Loss:        3.61
    Contrastive Train Loss: 7.35
    Overall Recon Train Loss: 1.13
    Recon Train Loss:       0.23
  Total Valid Loss:        4.87
    Contrastive Valid Loss: 10.74
    Overall Recon Valid Loss: 0.98
    Recon Valid Loss:       0.20
Learning Rate: 0.0001
Epoch: 93, Alpha: 0.39
  Total Train Loss:        3.58
    Contrastive Train Loss: 7.33
    Overall Recon Train Loss: 1.13
    Recon Train Loss:       0.23
  Total Valid Loss:        4.84
    Contrastive Valid Loss: 10.78
    Overall Recon Valid Loss: 0.97
    Recon Valid Loss:       0.19
Learning Rate: 0.0001
Epoch: 94, Alpha: 0.39
  Total Train Loss:        3.55
    Contrastive Train Loss: 7.32
    Overall Recon Train Loss: 1.12
    Recon Train Loss:       0.22
  Total Valid Loss:        4.78
    Contrastive Valid Loss: 10.73
    Overall Recon Valid Loss: 0.97
    Recon Valid Loss:       0.19
Learning Rate: 0.0001
Epoch: 95, Alpha: 0.39
  Total Train Loss:        3.51
    Contrastive Train Loss: 7.31
    Overall Recon Train Loss: 1.12
    Recon Train Loss:       0.22
  Total Valid Loss:        4.74
    Contrastive Valid Loss: 10.72
    Overall Recon Valid Loss: 0.97
    Recon Valid Loss:       0.19
Learning Rate: 0.0001
Epoch: 96, Alpha: 0.38
  Total Train Loss:        3.48
    Contrastive Train Loss: 7.30
    Overall Recon Train Loss: 1.11
    Recon Train Loss:       0.22
  Total Valid Loss:        4.70
    Contrastive Valid Loss: 10.73
    Overall Recon Valid Loss: 0.96
    Recon Valid Loss:       0.19
Learning Rate: 0.0001
Epoch: 97, Alpha: 0.38
  Total Train Loss:        3.45
    Contrastive Train Loss: 7.29
    Overall Recon Train Loss: 1.11
    Recon Train Loss:       0.22
  Total Valid Loss:        4.66
    Contrastive Valid Loss: 10.71
    Overall Recon Valid Loss: 0.96
    Recon Valid Loss:       0.19
Learning Rate: 0.0001
Epoch: 98, Alpha: 0.38
  Total Train Loss:        3.42
    Contrastive Train Loss: 7.29
    Overall Recon Train Loss: 1.10
    Recon Train Loss:       0.22
  Total Valid Loss:        4.62
    Contrastive Valid Loss: 10.71
    Overall Recon Valid Loss: 0.96
    Recon Valid Loss:       0.19
Learning Rate: 0.0001
Epoch: 99, Alpha: 0.37
  Total Train Loss:        3.39
    Contrastive Train Loss: 7.27
    Overall Recon Train Loss: 1.10
    Recon Train Loss:       0.22
  Total Valid Loss:        4.58
    Contrastive Valid Loss: 10.71
    Overall Recon Valid Loss: 0.95
    Recon Valid Loss:       0.19
Learning Rate: 0.0001
Epoch: 100, Alpha: 0.37
  Total Train Loss:        3.36
    Contrastive Train Loss: 7.26
    Overall Recon Train Loss: 1.09
    Recon Train Loss:       0.22
  Total Valid Loss:        4.52
    Contrastive Valid Loss: 10.68
    Overall Recon Valid Loss: 0.94
    Recon Valid Loss:       0.19
Learning Rate: 0.0001
Epoch: 101, Alpha: 0.36
  Total Train Loss:        3.33
    Contrastive Train Loss: 7.25
    Overall Recon Train Loss: 1.09
    Recon Train Loss:       0.22
  Total Valid Loss:        4.51
    Contrastive Valid Loss: 10.74
    Overall Recon Valid Loss: 0.94
    Recon Valid Loss:       0.19
Learning Rate: 0.0001
Epoch: 102, Alpha: 0.36
  Total Train Loss:        3.30
    Contrastive Train Loss: 7.24
    Overall Recon Train Loss: 1.08
    Recon Train Loss:       0.22
  Total Valid Loss:        4.47
    Contrastive Valid Loss: 10.74
    Overall Recon Valid Loss: 0.94
    Recon Valid Loss:       0.19
Learning Rate: 0.0001
Epoch: 103, Alpha: 0.36
  Total Train Loss:        3.28
    Contrastive Train Loss: 7.23
    Overall Recon Train Loss: 1.08
    Recon Train Loss:       0.22
  Total Valid Loss:        4.41
    Contrastive Valid Loss: 10.70
    Overall Recon Valid Loss: 0.92
    Recon Valid Loss:       0.18
Learning Rate: 0.0001
Epoch: 104, Alpha: 0.35
  Total Train Loss:        3.25
    Contrastive Train Loss: 7.22
    Overall Recon Train Loss: 1.07
    Recon Train Loss:       0.21
  Total Valid Loss:        4.38
    Contrastive Valid Loss: 10.70
    Overall Recon Valid Loss: 0.92
    Recon Valid Loss:       0.18
Learning Rate: 0.0001
Epoch: 105, Alpha: 0.35
  Total Train Loss:        3.22
    Contrastive Train Loss: 7.21
    Overall Recon Train Loss: 1.07
    Recon Train Loss:       0.21
  Total Valid Loss:        4.34
    Contrastive Valid Loss: 10.71
    Overall Recon Valid Loss: 0.92
    Recon Valid Loss:       0.18
Learning Rate: 0.0001
Epoch: 106, Alpha: 0.35
  Total Train Loss:        3.19
    Contrastive Train Loss: 7.21
    Overall Recon Train Loss: 1.06
    Recon Train Loss:       0.21
  Total Valid Loss:        4.30
    Contrastive Valid Loss: 10.69
    Overall Recon Valid Loss: 0.92
    Recon Valid Loss:       0.18
Learning Rate: 0.0001
Epoch: 107, Alpha: 0.34
  Total Train Loss:        3.16
    Contrastive Train Loss: 7.19
    Overall Recon Train Loss: 1.06
    Recon Train Loss:       0.21
  Total Valid Loss:        4.26
    Contrastive Valid Loss: 10.66
    Overall Recon Valid Loss: 0.91
    Recon Valid Loss:       0.18
Learning Rate: 0.0001
Epoch: 108, Alpha: 0.34
  Total Train Loss:        3.14
    Contrastive Train Loss: 7.18
    Overall Recon Train Loss: 1.05
    Recon Train Loss:       0.21
  Total Valid Loss:        4.22
    Contrastive Valid Loss: 10.66
    Overall Recon Valid Loss: 0.91
    Recon Valid Loss:       0.18
Learning Rate: 0.0001
Epoch: 109, Alpha: 0.34
  Total Train Loss:        3.11
    Contrastive Train Loss: 7.17
    Overall Recon Train Loss: 1.05
    Recon Train Loss:       0.21
  Total Valid Loss:        4.19
    Contrastive Valid Loss: 10.68
    Overall Recon Valid Loss: 0.90
    Recon Valid Loss:       0.18
Learning Rate: 0.0001
Epoch: 110, Alpha: 0.33
  Total Train Loss:        3.08
    Contrastive Train Loss: 7.17
    Overall Recon Train Loss: 1.05
    Recon Train Loss:       0.21
  Total Valid Loss:        4.15
    Contrastive Valid Loss: 10.67
    Overall Recon Valid Loss: 0.90
    Recon Valid Loss:       0.18
Learning Rate: 0.0001
Epoch: 111, Alpha: 0.33
  Total Train Loss:        3.06
    Contrastive Train Loss: 7.16
    Overall Recon Train Loss: 1.04
    Recon Train Loss:       0.21
  Total Valid Loss:        4.12
    Contrastive Valid Loss: 10.67
    Overall Recon Valid Loss: 0.90
    Recon Valid Loss:       0.18
Learning Rate: 0.0001
Epoch: 112, Alpha: 0.33
  Total Train Loss:        3.03
    Contrastive Train Loss: 7.15
    Overall Recon Train Loss: 1.04
    Recon Train Loss:       0.21
  Total Valid Loss:        4.07
    Contrastive Valid Loss: 10.63
    Overall Recon Valid Loss: 0.89
    Recon Valid Loss:       0.18
Learning Rate: 0.0001
Epoch: 113, Alpha: 0.32
  Total Train Loss:        3.01
    Contrastive Train Loss: 7.14
    Overall Recon Train Loss: 1.04
    Recon Train Loss:       0.21
  Total Valid Loss:        4.06
    Contrastive Valid Loss: 10.69
    Overall Recon Valid Loss: 0.90
    Recon Valid Loss:       0.18
Learning Rate: 0.0001
Epoch: 114, Alpha: 0.32
  Total Train Loss:        2.98
    Contrastive Train Loss: 7.13
    Overall Recon Train Loss: 1.03
    Recon Train Loss:       0.21
  Total Valid Loss:        4.01
    Contrastive Valid Loss: 10.66
    Overall Recon Valid Loss: 0.88
    Recon Valid Loss:       0.18
Learning Rate: 0.0001
Epoch: 115, Alpha: 0.32
  Total Train Loss:        2.96
    Contrastive Train Loss: 7.12
    Overall Recon Train Loss: 1.03
    Recon Train Loss:       0.21
  Total Valid Loss:        4.00
    Contrastive Valid Loss: 10.70
    Overall Recon Valid Loss: 0.89
    Recon Valid Loss:       0.18
Learning Rate: 0.0001
Epoch: 116, Alpha: 0.31
  Total Train Loss:        2.93
    Contrastive Train Loss: 7.11
    Overall Recon Train Loss: 1.03
    Recon Train Loss:       0.21
  Total Valid Loss:        3.96
    Contrastive Valid Loss: 10.68
    Overall Recon Valid Loss: 0.88
    Recon Valid Loss:       0.18
Learning Rate: 0.0001
Epoch: 117, Alpha: 0.31
  Total Train Loss:        2.91
    Contrastive Train Loss: 7.11
    Overall Recon Train Loss: 1.02
    Recon Train Loss:       0.20
  Total Valid Loss:        3.92
    Contrastive Valid Loss: 10.67
    Overall Recon Valid Loss: 0.88
    Recon Valid Loss:       0.18
Learning Rate: 0.0001
Epoch: 118, Alpha: 0.31
  Total Train Loss:        2.89
    Contrastive Train Loss: 7.10
    Overall Recon Train Loss: 1.02
    Recon Train Loss:       0.20
  Total Valid Loss:        3.89
    Contrastive Valid Loss: 10.67
    Overall Recon Valid Loss: 0.88
    Recon Valid Loss:       0.18
Learning Rate: 0.0001
Epoch: 119, Alpha: 0.30
  Total Train Loss:        2.86
    Contrastive Train Loss: 7.09
    Overall Recon Train Loss: 1.02
    Recon Train Loss:       0.20
  Total Valid Loss:        3.85
    Contrastive Valid Loss: 10.67
    Overall Recon Valid Loss: 0.87
    Recon Valid Loss:       0.17
Learning Rate: 0.0001
Epoch: 120, Alpha: 0.30
  Total Train Loss:        2.84
    Contrastive Train Loss: 7.08
    Overall Recon Train Loss: 1.01
    Recon Train Loss:       0.20
  Total Valid Loss:        3.81
    Contrastive Valid Loss: 10.63
    Overall Recon Valid Loss: 0.87
    Recon Valid Loss:       0.17
Learning Rate: 0.0001
Epoch: 121, Alpha: 0.30
  Total Train Loss:        2.82
    Contrastive Train Loss: 7.08
    Overall Recon Train Loss: 1.01
    Recon Train Loss:       0.20
  Total Valid Loss:        3.79
    Contrastive Valid Loss: 10.66
    Overall Recon Valid Loss: 0.87
    Recon Valid Loss:       0.17
Learning Rate: 0.0001
Epoch: 122, Alpha: 0.30
  Total Train Loss:        2.80
    Contrastive Train Loss: 7.07
    Overall Recon Train Loss: 1.01
    Recon Train Loss:       0.20
  Total Valid Loss:        3.75
    Contrastive Valid Loss: 10.63
    Overall Recon Valid Loss: 0.87
    Recon Valid Loss:       0.17
Learning Rate: 0.0001
Epoch: 123, Alpha: 0.29
  Total Train Loss:        2.77
    Contrastive Train Loss: 7.06
    Overall Recon Train Loss: 1.00
    Recon Train Loss:       0.20
  Total Valid Loss:        3.73
    Contrastive Valid Loss: 10.66
    Overall Recon Valid Loss: 0.86
    Recon Valid Loss:       0.17
Learning Rate: 0.0001
Epoch: 124, Alpha: 0.29
  Total Train Loss:        2.75
    Contrastive Train Loss: 7.06
    Overall Recon Train Loss: 1.00
    Recon Train Loss:       0.20
  Total Valid Loss:        3.70
    Contrastive Valid Loss: 10.65
    Overall Recon Valid Loss: 0.87
    Recon Valid Loss:       0.17
Learning Rate: 0.0001
Epoch: 125, Alpha: 0.29
  Total Train Loss:        2.73
    Contrastive Train Loss: 7.05
    Overall Recon Train Loss: 1.00
    Recon Train Loss:       0.20
  Total Valid Loss:        3.67
    Contrastive Valid Loss: 10.67
    Overall Recon Valid Loss: 0.87
    Recon Valid Loss:       0.17
Learning Rate: 0.0001
Epoch: 126, Alpha: 0.28
  Total Train Loss:        2.71
    Contrastive Train Loss: 7.04
    Overall Recon Train Loss: 0.99
    Recon Train Loss:       0.20
  Total Valid Loss:        3.63
    Contrastive Valid Loss: 10.64
    Overall Recon Valid Loss: 0.86
    Recon Valid Loss:       0.17
Learning Rate: 0.0001
Epoch: 127, Alpha: 0.28
  Total Train Loss:        2.69
    Contrastive Train Loss: 7.03
    Overall Recon Train Loss: 0.99
    Recon Train Loss:       0.20
  Total Valid Loss:        3.60
    Contrastive Valid Loss: 10.65
    Overall Recon Valid Loss: 0.85
    Recon Valid Loss:       0.17
Learning Rate: 0.0001
Epoch: 128, Alpha: 0.28
  Total Train Loss:        2.67
    Contrastive Train Loss: 7.02
    Overall Recon Train Loss: 0.99
    Recon Train Loss:       0.20
  Total Valid Loss:        3.57
    Contrastive Valid Loss: 10.63
    Overall Recon Valid Loss: 0.85
    Recon Valid Loss:       0.17
Learning Rate: 0.0001
Epoch: 129, Alpha: 0.28
  Total Train Loss:        2.65
    Contrastive Train Loss: 7.02
    Overall Recon Train Loss: 0.99
    Recon Train Loss:       0.20
  Total Valid Loss:        3.55
    Contrastive Valid Loss: 10.65
    Overall Recon Valid Loss: 0.85
    Recon Valid Loss:       0.17
Learning Rate: 0.0001
Epoch: 130, Alpha: 0.27
  Total Train Loss:        2.63
    Contrastive Train Loss: 7.01
    Overall Recon Train Loss: 0.98
    Recon Train Loss:       0.20
  Total Valid Loss:        3.53
    Contrastive Valid Loss: 10.67
    Overall Recon Valid Loss: 0.85
    Recon Valid Loss:       0.17
Learning Rate: 0.0001
Epoch: 131, Alpha: 0.27
  Total Train Loss:        2.61
    Contrastive Train Loss: 7.01
    Overall Recon Train Loss: 0.98
    Recon Train Loss:       0.20
  Total Valid Loss:        3.49
    Contrastive Valid Loss: 10.65
    Overall Recon Valid Loss: 0.84
    Recon Valid Loss:       0.17
Learning Rate: 0.0001
Epoch: 132, Alpha: 0.27
  Total Train Loss:        2.59
    Contrastive Train Loss: 7.00
    Overall Recon Train Loss: 0.98
    Recon Train Loss:       0.20
  Total Valid Loss:        3.46
    Contrastive Valid Loss: 10.67
    Overall Recon Valid Loss: 0.84
    Recon Valid Loss:       0.17
Learning Rate: 0.0001
Epoch: 133, Alpha: 0.26
  Total Train Loss:        2.57
    Contrastive Train Loss: 6.99
    Overall Recon Train Loss: 0.97
    Recon Train Loss:       0.19
  Total Valid Loss:        3.44
    Contrastive Valid Loss: 10.66
    Overall Recon Valid Loss: 0.84
    Recon Valid Loss:       0.17
Learning Rate: 0.0001
Epoch: 134, Alpha: 0.26
  Total Train Loss:        2.55
    Contrastive Train Loss: 6.99
    Overall Recon Train Loss: 0.97
    Recon Train Loss:       0.19
  Total Valid Loss:        3.40
    Contrastive Valid Loss: 10.62
    Overall Recon Valid Loss: 0.83
    Recon Valid Loss:       0.17
Learning Rate: 0.0001
Epoch: 135, Alpha: 0.26
  Total Train Loss:        2.53
    Contrastive Train Loss: 6.98
    Overall Recon Train Loss: 0.97
    Recon Train Loss:       0.19
  Total Valid Loss:        3.38
    Contrastive Valid Loss: 10.65
    Overall Recon Valid Loss: 0.84
    Recon Valid Loss:       0.17
Learning Rate: 0.0001
Epoch: 136, Alpha: 0.26
  Total Train Loss:        2.51
    Contrastive Train Loss: 6.98
    Overall Recon Train Loss: 0.96
    Recon Train Loss:       0.19
  Total Valid Loss:        3.36
    Contrastive Valid Loss: 10.67
    Overall Recon Valid Loss: 0.83
    Recon Valid Loss:       0.17
Learning Rate: 0.0001
Epoch: 137, Alpha: 0.25
  Total Train Loss:        2.49
    Contrastive Train Loss: 6.97
    Overall Recon Train Loss: 0.96
    Recon Train Loss:       0.19
  Total Valid Loss:        3.34
    Contrastive Valid Loss: 10.68
    Overall Recon Valid Loss: 0.83
    Recon Valid Loss:       0.17
Learning Rate: 0.0001
Epoch: 138, Alpha: 0.25
  Total Train Loss:        2.47
    Contrastive Train Loss: 6.96
    Overall Recon Train Loss: 0.96
    Recon Train Loss:       0.19
  Total Valid Loss:        3.31
    Contrastive Valid Loss: 10.70
    Overall Recon Valid Loss: 0.83
    Recon Valid Loss:       0.17
Learning Rate: 0.0001
Epoch: 139, Alpha: 0.25
  Total Train Loss:        2.45
    Contrastive Train Loss: 6.95
    Overall Recon Train Loss: 0.96
    Recon Train Loss:       0.19
  Total Valid Loss:        3.27
    Contrastive Valid Loss: 10.63
    Overall Recon Valid Loss: 0.83
    Recon Valid Loss:       0.17
Learning Rate: 0.0001
Epoch: 140, Alpha: 0.25
  Total Train Loss:        2.43
    Contrastive Train Loss: 6.95
    Overall Recon Train Loss: 0.95
    Recon Train Loss:       0.19
  Total Valid Loss:        3.25
    Contrastive Valid Loss: 10.66
    Overall Recon Valid Loss: 0.82
    Recon Valid Loss:       0.16
Learning Rate: 0.0001
Epoch: 141, Alpha: 0.24
  Total Train Loss:        2.41
    Contrastive Train Loss: 6.95
    Overall Recon Train Loss: 0.95
    Recon Train Loss:       0.19
  Total Valid Loss:        3.22
    Contrastive Valid Loss: 10.65
    Overall Recon Valid Loss: 0.82
    Recon Valid Loss:       0.16
Learning Rate: 0.0001
Epoch: 142, Alpha: 0.24
  Total Train Loss:        2.40
    Contrastive Train Loss: 6.94
    Overall Recon Train Loss: 0.95
    Recon Train Loss:       0.19
  Total Valid Loss:        3.20
    Contrastive Valid Loss: 10.67
    Overall Recon Valid Loss: 0.82
    Recon Valid Loss:       0.16
Learning Rate: 0.0001
Epoch: 143, Alpha: 0.24
  Total Train Loss:        2.38
    Contrastive Train Loss: 6.94
    Overall Recon Train Loss: 0.95
    Recon Train Loss:       0.19
  Total Valid Loss:        3.18
    Contrastive Valid Loss: 10.68
    Overall Recon Valid Loss: 0.82
    Recon Valid Loss:       0.16
Learning Rate: 0.0001
Epoch: 144, Alpha: 0.24
  Total Train Loss:        2.36
    Contrastive Train Loss: 6.93
    Overall Recon Train Loss: 0.94
    Recon Train Loss:       0.19
  Total Valid Loss:        3.15
    Contrastive Valid Loss: 10.67
    Overall Recon Valid Loss: 0.82
    Recon Valid Loss:       0.16
Learning Rate: 0.0001
Epoch: 145, Alpha: 0.23
  Total Train Loss:        2.35
    Contrastive Train Loss: 6.93
    Overall Recon Train Loss: 0.94
    Recon Train Loss:       0.19
  Total Valid Loss:        3.13
    Contrastive Valid Loss: 10.65
    Overall Recon Valid Loss: 0.82
    Recon Valid Loss:       0.16
Learning Rate: 0.0001
Epoch: 146, Alpha: 0.23
  Total Train Loss:        2.33
    Contrastive Train Loss: 6.92
    Overall Recon Train Loss: 0.94
    Recon Train Loss:       0.19
  Total Valid Loss:        3.10
    Contrastive Valid Loss: 10.68
    Overall Recon Valid Loss: 0.81
    Recon Valid Loss:       0.16
Learning Rate: 0.0001
Epoch: 147, Alpha: 0.23
  Total Train Loss:        2.31
    Contrastive Train Loss: 6.91
    Overall Recon Train Loss: 0.94
    Recon Train Loss:       0.19
  Total Valid Loss:        3.07
    Contrastive Valid Loss: 10.65
    Overall Recon Valid Loss: 0.81
    Recon Valid Loss:       0.16
Learning Rate: 0.0001
Epoch: 148, Alpha: 0.23
  Total Train Loss:        2.30
    Contrastive Train Loss: 6.91
    Overall Recon Train Loss: 0.93
    Recon Train Loss:       0.19
  Total Valid Loss:        3.06
    Contrastive Valid Loss: 10.68
    Overall Recon Valid Loss: 0.81
    Recon Valid Loss:       0.16
Learning Rate: 0.0001
Epoch: 149, Alpha: 0.23
  Total Train Loss:        2.28
    Contrastive Train Loss: 6.91
    Overall Recon Train Loss: 0.93
    Recon Train Loss:       0.19
  Total Valid Loss:        3.03
    Contrastive Valid Loss: 10.69
    Overall Recon Valid Loss: 0.80
    Recon Valid Loss:       0.16
Learning Rate: 0.0001
Epoch: 150, Alpha: 0.22
  Total Train Loss:        2.26
    Contrastive Train Loss: 6.90
    Overall Recon Train Loss: 0.93
    Recon Train Loss:       0.19
  Total Valid Loss:        3.00
    Contrastive Valid Loss: 10.67
    Overall Recon Valid Loss: 0.80
    Recon Valid Loss:       0.16
Learning Rate: 0.0001
Epoch: 151, Alpha: 0.22
  Total Train Loss:        2.25
    Contrastive Train Loss: 6.90
    Overall Recon Train Loss: 0.93
    Recon Train Loss:       0.19
  Total Valid Loss:        2.98
    Contrastive Valid Loss: 10.65
    Overall Recon Valid Loss: 0.80
    Recon Valid Loss:       0.16
Learning Rate: 0.0001
Epoch: 152, Alpha: 0.22
  Total Train Loss:        2.23
    Contrastive Train Loss: 6.89
    Overall Recon Train Loss: 0.93
    Recon Train Loss:       0.19
  Total Valid Loss:        2.96
    Contrastive Valid Loss: 10.65
    Overall Recon Valid Loss: 0.81
    Recon Valid Loss:       0.16
Learning Rate: 0.0001
Epoch: 153, Alpha: 0.22
  Total Train Loss:        2.22
    Contrastive Train Loss: 6.89
    Overall Recon Train Loss: 0.92
    Recon Train Loss:       0.18
  Total Valid Loss:        2.93
    Contrastive Valid Loss: 10.63
    Overall Recon Valid Loss: 0.80
    Recon Valid Loss:       0.16
Learning Rate: 0.0001
Epoch: 154, Alpha: 0.21
  Total Train Loss:        2.20
    Contrastive Train Loss: 6.88
    Overall Recon Train Loss: 0.92
    Recon Train Loss:       0.18
  Total Valid Loss:        2.91
    Contrastive Valid Loss: 10.67
    Overall Recon Valid Loss: 0.80
    Recon Valid Loss:       0.16
Learning Rate: 0.0001
Epoch: 155, Alpha: 0.21
  Total Train Loss:        2.19
    Contrastive Train Loss: 6.88
    Overall Recon Train Loss: 0.92
    Recon Train Loss:       0.18
  Total Valid Loss:        2.88
    Contrastive Valid Loss: 10.63
    Overall Recon Valid Loss: 0.79
    Recon Valid Loss:       0.16
Learning Rate: 0.0001
Epoch: 156, Alpha: 0.21
  Total Train Loss:        2.17
    Contrastive Train Loss: 6.87
    Overall Recon Train Loss: 0.92
    Recon Train Loss:       0.18
  Total Valid Loss:        2.88
    Contrastive Valid Loss: 10.68
    Overall Recon Valid Loss: 0.81
    Recon Valid Loss:       0.16
Learning Rate: 0.0001
Epoch: 157, Alpha: 0.21
  Total Train Loss:        2.16
    Contrastive Train Loss: 6.87
    Overall Recon Train Loss: 0.92
    Recon Train Loss:       0.18
  Total Valid Loss:        2.85
    Contrastive Valid Loss: 10.66
    Overall Recon Valid Loss: 0.80
    Recon Valid Loss:       0.16
Learning Rate: 0.0001
Epoch: 158, Alpha: 0.21
  Total Train Loss:        2.14
    Contrastive Train Loss: 6.86
    Overall Recon Train Loss: 0.92
    Recon Train Loss:       0.18
  Total Valid Loss:        2.82
    Contrastive Valid Loss: 10.65
    Overall Recon Valid Loss: 0.79
    Recon Valid Loss:       0.16
Learning Rate: 0.0001
Epoch: 159, Alpha: 0.20
  Total Train Loss:        2.13
    Contrastive Train Loss: 6.86
    Overall Recon Train Loss: 0.91
    Recon Train Loss:       0.18
  Total Valid Loss:        2.80
    Contrastive Valid Loss: 10.69
    Overall Recon Valid Loss: 0.78
    Recon Valid Loss:       0.16
Learning Rate: 0.0001
Epoch: 160, Alpha: 0.20
  Total Train Loss:        2.11
    Contrastive Train Loss: 6.86
    Overall Recon Train Loss: 0.91
    Recon Train Loss:       0.18
  Total Valid Loss:        2.79
    Contrastive Valid Loss: 10.66
    Overall Recon Valid Loss: 0.79
    Recon Valid Loss:       0.16
Learning Rate: 0.0001
Epoch: 161, Alpha: 0.20
  Total Train Loss:        2.10
    Contrastive Train Loss: 6.85
    Overall Recon Train Loss: 0.91
    Recon Train Loss:       0.18
  Total Valid Loss:        2.76
    Contrastive Valid Loss: 10.65
    Overall Recon Valid Loss: 0.78
    Recon Valid Loss:       0.16
Learning Rate: 0.0001
Epoch: 162, Alpha: 0.20
  Total Train Loss:        2.08
    Contrastive Train Loss: 6.84
    Overall Recon Train Loss: 0.91
    Recon Train Loss:       0.18
  Total Valid Loss:        2.75
    Contrastive Valid Loss: 10.68
    Overall Recon Valid Loss: 0.79
    Recon Valid Loss:       0.16
Learning Rate: 0.0001
Epoch: 163, Alpha: 0.20
  Total Train Loss:        2.07
    Contrastive Train Loss: 6.84
    Overall Recon Train Loss: 0.91
    Recon Train Loss:       0.18
  Total Valid Loss:        2.72
    Contrastive Valid Loss: 10.66
    Overall Recon Valid Loss: 0.78
    Recon Valid Loss:       0.16
Learning Rate: 0.0001
Epoch: 164, Alpha: 0.19
  Total Train Loss:        2.06
    Contrastive Train Loss: 6.84
    Overall Recon Train Loss: 0.90
    Recon Train Loss:       0.18
  Total Valid Loss:        2.70
    Contrastive Valid Loss: 10.63
    Overall Recon Valid Loss: 0.79
    Recon Valid Loss:       0.16
Learning Rate: 0.0001
Epoch: 165, Alpha: 0.19
  Total Train Loss:        2.04
    Contrastive Train Loss: 6.84
    Overall Recon Train Loss: 0.90
    Recon Train Loss:       0.18
  Total Valid Loss:        2.67
    Contrastive Valid Loss: 10.65
    Overall Recon Valid Loss: 0.77
    Recon Valid Loss:       0.15
Learning Rate: 0.0001
Epoch: 166, Alpha: 0.19
  Total Train Loss:        2.03
    Contrastive Train Loss: 6.83
    Overall Recon Train Loss: 0.90
    Recon Train Loss:       0.18
  Total Valid Loss:        2.66
    Contrastive Valid Loss: 10.64
    Overall Recon Valid Loss: 0.79
    Recon Valid Loss:       0.16
Learning Rate: 0.0001
Epoch: 167, Alpha: 0.19
  Total Train Loss:        2.02
    Contrastive Train Loss: 6.83
    Overall Recon Train Loss: 0.90
    Recon Train Loss:       0.18
  Total Valid Loss:        2.64
    Contrastive Valid Loss: 10.69
    Overall Recon Valid Loss: 0.77
    Recon Valid Loss:       0.15
Learning Rate: 0.0001
Epoch: 168, Alpha: 0.19
  Total Train Loss:        2.00
    Contrastive Train Loss: 6.82
    Overall Recon Train Loss: 0.90
    Recon Train Loss:       0.18
  Total Valid Loss:        2.61
    Contrastive Valid Loss: 10.65
    Overall Recon Valid Loss: 0.77
    Recon Valid Loss:       0.15
Learning Rate: 0.0001
Epoch: 169, Alpha: 0.18
  Total Train Loss:        1.99
    Contrastive Train Loss: 6.82
    Overall Recon Train Loss: 0.90
    Recon Train Loss:       0.18
  Total Valid Loss:        2.60
    Contrastive Valid Loss: 10.68
    Overall Recon Valid Loss: 0.77
    Recon Valid Loss:       0.15
Learning Rate: 0.0001
Epoch: 170, Alpha: 0.18
  Total Train Loss:        1.98
    Contrastive Train Loss: 6.82
    Overall Recon Train Loss: 0.89
    Recon Train Loss:       0.18
  Total Valid Loss:        2.59
    Contrastive Valid Loss: 10.68
    Overall Recon Valid Loss: 0.78
    Recon Valid Loss:       0.16
Learning Rate: 0.0001
Epoch: 171, Alpha: 0.18
  Total Train Loss:        1.96
    Contrastive Train Loss: 6.81
    Overall Recon Train Loss: 0.89
    Recon Train Loss:       0.18
  Total Valid Loss:        2.56
    Contrastive Valid Loss: 10.66
    Overall Recon Valid Loss: 0.78
    Recon Valid Loss:       0.16
Learning Rate: 0.0001
Epoch: 172, Alpha: 0.18
  Total Train Loss:        1.95
    Contrastive Train Loss: 6.81
    Overall Recon Train Loss: 0.89
    Recon Train Loss:       0.18
  Total Valid Loss:        2.53
    Contrastive Valid Loss: 10.63
    Overall Recon Valid Loss: 0.76
    Recon Valid Loss:       0.15
Learning Rate: 0.0001
Epoch: 173, Alpha: 0.18
  Total Train Loss:        1.94
    Contrastive Train Loss: 6.81
    Overall Recon Train Loss: 0.89
    Recon Train Loss:       0.18
  Total Valid Loss:        2.52
    Contrastive Valid Loss: 10.63
    Overall Recon Valid Loss: 0.77
    Recon Valid Loss:       0.15
Learning Rate: 0.0001
Epoch: 174, Alpha: 0.18
  Total Train Loss:        1.93
    Contrastive Train Loss: 6.80
    Overall Recon Train Loss: 0.89
    Recon Train Loss:       0.18
  Total Valid Loss:        2.50
    Contrastive Valid Loss: 10.66
    Overall Recon Valid Loss: 0.76
    Recon Valid Loss:       0.15
Learning Rate: 0.0001
Epoch: 175, Alpha: 0.17
  Total Train Loss:        1.91
    Contrastive Train Loss: 6.80
    Overall Recon Train Loss: 0.89
    Recon Train Loss:       0.18
  Total Valid Loss:        2.50
    Contrastive Valid Loss: 10.71
    Overall Recon Valid Loss: 0.77
    Recon Valid Loss:       0.15
Learning Rate: 0.0001
Epoch: 176, Alpha: 0.17
  Total Train Loss:        1.90
    Contrastive Train Loss: 6.79
    Overall Recon Train Loss: 0.88
    Recon Train Loss:       0.18
  Total Valid Loss:        2.47
    Contrastive Valid Loss: 10.66
    Overall Recon Valid Loss: 0.76
    Recon Valid Loss:       0.15
Learning Rate: 0.0001
Epoch: 177, Alpha: 0.17
  Total Train Loss:        1.89
    Contrastive Train Loss: 6.79
    Overall Recon Train Loss: 0.88
    Recon Train Loss:       0.18
  Total Valid Loss:        2.45
    Contrastive Valid Loss: 10.68
    Overall Recon Valid Loss: 0.76
    Recon Valid Loss:       0.15
Learning Rate: 0.0001
Epoch: 178, Alpha: 0.17
  Total Train Loss:        1.88
    Contrastive Train Loss: 6.79
    Overall Recon Train Loss: 0.88
    Recon Train Loss:       0.18
  Total Valid Loss:        2.44
    Contrastive Valid Loss: 10.72
    Overall Recon Valid Loss: 0.76
    Recon Valid Loss:       0.15
Learning Rate: 0.0001
Epoch: 179, Alpha: 0.17
  Total Train Loss:        1.87
    Contrastive Train Loss: 6.78
    Overall Recon Train Loss: 0.88
    Recon Train Loss:       0.18
  Total Valid Loss:        2.41
    Contrastive Valid Loss: 10.66
    Overall Recon Valid Loss: 0.75
    Recon Valid Loss:       0.15
Learning Rate: 0.0001
Epoch: 180, Alpha: 0.17
  Total Train Loss:        1.85
    Contrastive Train Loss: 6.78
    Overall Recon Train Loss: 0.88
    Recon Train Loss:       0.18
  Total Valid Loss:        2.40
    Contrastive Valid Loss: 10.68
    Overall Recon Valid Loss: 0.76
    Recon Valid Loss:       0.15
Learning Rate: 0.0001
Epoch: 181, Alpha: 0.16
  Total Train Loss:        1.84
    Contrastive Train Loss: 6.78
    Overall Recon Train Loss: 0.88
    Recon Train Loss:       0.18
  Total Valid Loss:        2.38
    Contrastive Valid Loss: 10.66
    Overall Recon Valid Loss: 0.76
    Recon Valid Loss:       0.15
Learning Rate: 0.0001
Epoch: 182, Alpha: 0.16
  Total Train Loss:        1.83
    Contrastive Train Loss: 6.78
    Overall Recon Train Loss: 0.88
    Recon Train Loss:       0.18
  Total Valid Loss:        2.36
    Contrastive Valid Loss: 10.68
    Overall Recon Valid Loss: 0.76
    Recon Valid Loss:       0.15
Learning Rate: 0.0001
Epoch: 183, Alpha: 0.16
  Total Train Loss:        1.82
    Contrastive Train Loss: 6.77
    Overall Recon Train Loss: 0.87
    Recon Train Loss:       0.17
  Total Valid Loss:        2.34
    Contrastive Valid Loss: 10.67
    Overall Recon Valid Loss: 0.74
    Recon Valid Loss:       0.15
Learning Rate: 0.0001
Epoch: 184, Alpha: 0.16
  Total Train Loss:        1.81
    Contrastive Train Loss: 6.77
    Overall Recon Train Loss: 0.87
    Recon Train Loss:       0.17
  Total Valid Loss:        2.33
    Contrastive Valid Loss: 10.64
    Overall Recon Valid Loss: 0.75
    Recon Valid Loss:       0.15
Learning Rate: 0.0001
Epoch: 185, Alpha: 0.16
  Total Train Loss:        1.80
    Contrastive Train Loss: 6.76
    Overall Recon Train Loss: 0.87
    Recon Train Loss:       0.17
  Total Valid Loss:        2.31
    Contrastive Valid Loss: 10.67
    Overall Recon Valid Loss: 0.75
    Recon Valid Loss:       0.15
Learning Rate: 0.0001
Epoch: 186, Alpha: 0.16
  Total Train Loss:        1.79
    Contrastive Train Loss: 6.76
    Overall Recon Train Loss: 0.87
    Recon Train Loss:       0.17
  Total Valid Loss:        2.30
    Contrastive Valid Loss: 10.71
    Overall Recon Valid Loss: 0.75
    Recon Valid Loss:       0.15
Learning Rate: 0.0001
Epoch: 187, Alpha: 0.15
  Total Train Loss:        1.78
    Contrastive Train Loss: 6.76
    Overall Recon Train Loss: 0.87
    Recon Train Loss:       0.17
  Total Valid Loss:        2.28
    Contrastive Valid Loss: 10.67
    Overall Recon Valid Loss: 0.75
    Recon Valid Loss:       0.15
Learning Rate: 0.0001
Epoch: 188, Alpha: 0.15
  Total Train Loss:        1.77
    Contrastive Train Loss: 6.76
    Overall Recon Train Loss: 0.87
    Recon Train Loss:       0.17
  Total Valid Loss:        2.27
    Contrastive Valid Loss: 10.69
    Overall Recon Valid Loss: 0.75
    Recon Valid Loss:       0.15
Learning Rate: 0.0001
Epoch: 189, Alpha: 0.15
  Total Train Loss:        1.76
    Contrastive Train Loss: 6.76
    Overall Recon Train Loss: 0.87
    Recon Train Loss:       0.17
  Total Valid Loss:        2.25
    Contrastive Valid Loss: 10.70
    Overall Recon Valid Loss: 0.75
    Recon Valid Loss:       0.15
Learning Rate: 0.0001
Epoch: 190, Alpha: 0.15
  Total Train Loss:        1.74
    Contrastive Train Loss: 6.75
    Overall Recon Train Loss: 0.86
    Recon Train Loss:       0.17
  Total Valid Loss:        2.23
    Contrastive Valid Loss: 10.68
    Overall Recon Valid Loss: 0.75
    Recon Valid Loss:       0.15
Learning Rate: 0.0001
Epoch: 191, Alpha: 0.15
  Total Train Loss:        1.73
    Contrastive Train Loss: 6.75
    Overall Recon Train Loss: 0.86
    Recon Train Loss:       0.17
  Total Valid Loss:        2.22
    Contrastive Valid Loss: 10.68
    Overall Recon Valid Loss: 0.75
    Recon Valid Loss:       0.15
Learning Rate: 0.0001
Epoch: 192, Alpha: 0.15
  Total Train Loss:        1.72
    Contrastive Train Loss: 6.75
    Overall Recon Train Loss: 0.86
    Recon Train Loss:       0.17
  Total Valid Loss:        2.20
    Contrastive Valid Loss: 10.69
    Overall Recon Valid Loss: 0.74
    Recon Valid Loss:       0.15
Learning Rate: 0.0001
Epoch: 193, Alpha: 0.15
  Total Train Loss:        1.71
    Contrastive Train Loss: 6.74
    Overall Recon Train Loss: 0.86
    Recon Train Loss:       0.17
  Total Valid Loss:        2.19
    Contrastive Valid Loss: 10.68
    Overall Recon Valid Loss: 0.75
    Recon Valid Loss:       0.15
Learning Rate: 0.0001
Epoch: 194, Alpha: 0.14
  Total Train Loss:        1.70
    Contrastive Train Loss: 6.74
    Overall Recon Train Loss: 0.86
    Recon Train Loss:       0.17
  Total Valid Loss:        2.17
    Contrastive Valid Loss: 10.66
    Overall Recon Valid Loss: 0.74
    Recon Valid Loss:       0.15
Learning Rate: 0.0001
Epoch: 195, Alpha: 0.14
  Total Train Loss:        1.69
    Contrastive Train Loss: 6.74
    Overall Recon Train Loss: 0.86
    Recon Train Loss:       0.17
  Total Valid Loss:        2.15
    Contrastive Valid Loss: 10.68
    Overall Recon Valid Loss: 0.74
    Recon Valid Loss:       0.15
Learning Rate: 0.0001
Epoch: 196, Alpha: 0.14
  Total Train Loss:        1.68
    Contrastive Train Loss: 6.73
    Overall Recon Train Loss: 0.86
    Recon Train Loss:       0.17
  Total Valid Loss:        2.14
    Contrastive Valid Loss: 10.68
    Overall Recon Valid Loss: 0.74
    Recon Valid Loss:       0.15
Learning Rate: 0.0001
Epoch: 197, Alpha: 0.14
  Total Train Loss:        1.67
    Contrastive Train Loss: 6.73
    Overall Recon Train Loss: 0.85
    Recon Train Loss:       0.17
  Total Valid Loss:        2.12
    Contrastive Valid Loss: 10.68
    Overall Recon Valid Loss: 0.74
    Recon Valid Loss:       0.15
Learning Rate: 0.0001
Epoch: 198, Alpha: 0.14
  Total Train Loss:        1.66
    Contrastive Train Loss: 6.73
    Overall Recon Train Loss: 0.85
    Recon Train Loss:       0.17
  Total Valid Loss:        2.12
    Contrastive Valid Loss: 10.68
    Overall Recon Valid Loss: 0.75
    Recon Valid Loss:       0.15
Learning Rate: 0.0001
Epoch: 199, Alpha: 0.14
  Total Train Loss:        1.66
    Contrastive Train Loss: 6.73
    Overall Recon Train Loss: 0.85
    Recon Train Loss:       0.17
  Total Valid Loss:        2.10
    Contrastive Valid Loss: 10.70
    Overall Recon Valid Loss: 0.74
    Recon Valid Loss:       0.15
Learning Rate: 0.0001
Epoch: 200, Alpha: 0.14
  Total Train Loss:        1.65
    Contrastive Train Loss: 6.72
    Overall Recon Train Loss: 0.85
    Recon Train Loss:       0.17
  Total Valid Loss:        2.09
    Contrastive Valid Loss: 10.69
    Overall Recon Valid Loss: 0.74
    Recon Valid Loss:       0.15
Learning Rate: 0.0001
Epoch: 201, Alpha: 0.13
  Total Train Loss:        1.64
    Contrastive Train Loss: 6.72
    Overall Recon Train Loss: 0.85
    Recon Train Loss:       0.17
  Total Valid Loss:        2.07
    Contrastive Valid Loss: 10.70
    Overall Recon Valid Loss: 0.73
    Recon Valid Loss:       0.15
Learning Rate: 0.0001
Epoch: 202, Alpha: 0.13
  Total Train Loss:        1.63
    Contrastive Train Loss: 6.72
    Overall Recon Train Loss: 0.85
    Recon Train Loss:       0.17
  Total Valid Loss:        2.05
    Contrastive Valid Loss: 10.68
    Overall Recon Valid Loss: 0.73
    Recon Valid Loss:       0.15
Learning Rate: 0.0001
Epoch: 203, Alpha: 0.13
  Total Train Loss:        1.62
    Contrastive Train Loss: 6.72
    Overall Recon Train Loss: 0.85
    Recon Train Loss:       0.17
  Total Valid Loss:        2.04
    Contrastive Valid Loss: 10.71
    Overall Recon Valid Loss: 0.73
    Recon Valid Loss:       0.15
Learning Rate: 0.0001
Epoch: 204, Alpha: 0.13
  Total Train Loss:        1.61
    Contrastive Train Loss: 6.72
    Overall Recon Train Loss: 0.85
    Recon Train Loss:       0.17
  Total Valid Loss:        2.03
    Contrastive Valid Loss: 10.71
    Overall Recon Valid Loss: 0.73
    Recon Valid Loss:       0.15
Learning Rate: 0.0001
Epoch: 205, Alpha: 0.13
  Total Train Loss:        1.60
    Contrastive Train Loss: 6.71
    Overall Recon Train Loss: 0.85
    Recon Train Loss:       0.17
  Total Valid Loss:        2.01
    Contrastive Valid Loss: 10.68
    Overall Recon Valid Loss: 0.73
    Recon Valid Loss:       0.15
Learning Rate: 0.0001
Epoch: 206, Alpha: 0.13
  Total Train Loss:        1.59
    Contrastive Train Loss: 6.71
    Overall Recon Train Loss: 0.84
    Recon Train Loss:       0.17
  Total Valid Loss:        2.00
    Contrastive Valid Loss: 10.71
    Overall Recon Valid Loss: 0.73
    Recon Valid Loss:       0.15
Learning Rate: 0.0001
Epoch: 207, Alpha: 0.13
  Total Train Loss:        1.58
    Contrastive Train Loss: 6.71
    Overall Recon Train Loss: 0.84
    Recon Train Loss:       0.17
  Total Valid Loss:        1.98
    Contrastive Valid Loss: 10.68
    Overall Recon Valid Loss: 0.72
    Recon Valid Loss:       0.14
Learning Rate: 0.0001
Epoch: 208, Alpha: 0.12
  Total Train Loss:        1.57
    Contrastive Train Loss: 6.70
    Overall Recon Train Loss: 0.84
    Recon Train Loss:       0.17
  Total Valid Loss:        1.98
    Contrastive Valid Loss: 10.71
    Overall Recon Valid Loss: 0.74
    Recon Valid Loss:       0.15
Learning Rate: 0.0001
Epoch: 209, Alpha: 0.12
  Total Train Loss:        1.57
    Contrastive Train Loss: 6.70
    Overall Recon Train Loss: 0.84
    Recon Train Loss:       0.17
  Total Valid Loss:        1.96
    Contrastive Valid Loss: 10.70
    Overall Recon Valid Loss: 0.73
    Recon Valid Loss:       0.15
Learning Rate: 0.0001
Epoch: 210, Alpha: 0.12
  Total Train Loss:        1.56
    Contrastive Train Loss: 6.70
    Overall Recon Train Loss: 0.84
    Recon Train Loss:       0.17
  Total Valid Loss:        1.94
    Contrastive Valid Loss: 10.69
    Overall Recon Valid Loss: 0.72
    Recon Valid Loss:       0.14
Learning Rate: 0.0001
Epoch: 211, Alpha: 0.12
  Total Train Loss:        1.55
    Contrastive Train Loss: 6.70
    Overall Recon Train Loss: 0.84
    Recon Train Loss:       0.17
  Total Valid Loss:        1.93
    Contrastive Valid Loss: 10.71
    Overall Recon Valid Loss: 0.72
    Recon Valid Loss:       0.14
Learning Rate: 0.0001
Epoch: 212, Alpha: 0.12
  Total Train Loss:        1.54
    Contrastive Train Loss: 6.70
    Overall Recon Train Loss: 0.84
    Recon Train Loss:       0.17
  Total Valid Loss:        1.92
    Contrastive Valid Loss: 10.69
    Overall Recon Valid Loss: 0.73
    Recon Valid Loss:       0.15
Learning Rate: 0.0001
Epoch: 213, Alpha: 0.12
  Total Train Loss:        1.53
    Contrastive Train Loss: 6.69
    Overall Recon Train Loss: 0.84
    Recon Train Loss:       0.17
  Total Valid Loss:        1.91
    Contrastive Valid Loss: 10.73
    Overall Recon Valid Loss: 0.72
    Recon Valid Loss:       0.14
Learning Rate: 0.0001
Epoch: 214, Alpha: 0.12
  Total Train Loss:        1.53
    Contrastive Train Loss: 6.69
    Overall Recon Train Loss: 0.84
    Recon Train Loss:       0.17
  Total Valid Loss:        1.89
    Contrastive Valid Loss: 10.68
    Overall Recon Valid Loss: 0.72
    Recon Valid Loss:       0.14
Learning Rate: 0.0001
Epoch: 215, Alpha: 0.12
  Total Train Loss:        1.52
    Contrastive Train Loss: 6.69
    Overall Recon Train Loss: 0.83
    Recon Train Loss:       0.17
  Total Valid Loss:        1.88
    Contrastive Valid Loss: 10.69
    Overall Recon Valid Loss: 0.72
    Recon Valid Loss:       0.14
Learning Rate: 0.0001
Epoch: 216, Alpha: 0.12
  Total Train Loss:        1.51
    Contrastive Train Loss: 6.69
    Overall Recon Train Loss: 0.83
    Recon Train Loss:       0.17
  Total Valid Loss:        1.87
    Contrastive Valid Loss: 10.69
    Overall Recon Valid Loss: 0.72
    Recon Valid Loss:       0.14
Learning Rate: 0.0001
Epoch: 217, Alpha: 0.11
  Total Train Loss:        1.50
    Contrastive Train Loss: 6.69
    Overall Recon Train Loss: 0.83
    Recon Train Loss:       0.17
  Total Valid Loss:        1.85
    Contrastive Valid Loss: 10.67
    Overall Recon Valid Loss: 0.71
    Recon Valid Loss:       0.14
Learning Rate: 0.0001
Epoch: 218, Alpha: 0.11
  Total Train Loss:        1.49
    Contrastive Train Loss: 6.68
    Overall Recon Train Loss: 0.83
    Recon Train Loss:       0.17
  Total Valid Loss:        1.84
    Contrastive Valid Loss: 10.70
    Overall Recon Valid Loss: 0.71
    Recon Valid Loss:       0.14
Learning Rate: 0.0001
Epoch: 219, Alpha: 0.11
  Total Train Loss:        1.49
    Contrastive Train Loss: 6.68
    Overall Recon Train Loss: 0.83
    Recon Train Loss:       0.17
  Total Valid Loss:        1.82
    Contrastive Valid Loss: 10.66
    Overall Recon Valid Loss: 0.71
    Recon Valid Loss:       0.14
Learning Rate: 0.0001
Epoch: 220, Alpha: 0.11
  Total Train Loss:        1.48
    Contrastive Train Loss: 6.69
    Overall Recon Train Loss: 0.83
    Recon Train Loss:       0.17
  Total Valid Loss:        1.82
    Contrastive Valid Loss: 10.66
    Overall Recon Valid Loss: 0.71
    Recon Valid Loss:       0.14
Learning Rate: 0.0001
Epoch: 221, Alpha: 0.11
  Total Train Loss:        1.47
    Contrastive Train Loss: 6.68
    Overall Recon Train Loss: 0.83
    Recon Train Loss:       0.17
  Total Valid Loss:        1.81
    Contrastive Valid Loss: 10.70
    Overall Recon Valid Loss: 0.71
    Recon Valid Loss:       0.14
Learning Rate: 0.0001
Epoch: 222, Alpha: 0.11
  Total Train Loss:        1.46
    Contrastive Train Loss: 6.68
    Overall Recon Train Loss: 0.83
    Recon Train Loss:       0.17
  Total Valid Loss:        1.79
    Contrastive Valid Loss: 10.70
    Overall Recon Valid Loss: 0.71
    Recon Valid Loss:       0.14
Learning Rate: 0.0001
Epoch: 223, Alpha: 0.11
  Total Train Loss:        1.45
    Contrastive Train Loss: 6.67
    Overall Recon Train Loss: 0.83
    Recon Train Loss:       0.17
  Total Valid Loss:        1.78
    Contrastive Valid Loss: 10.69
    Overall Recon Valid Loss: 0.71
    Recon Valid Loss:       0.14
Learning Rate: 0.0001
Epoch: 224, Alpha: 0.11
  Total Train Loss:        1.45
    Contrastive Train Loss: 6.67
    Overall Recon Train Loss: 0.83
    Recon Train Loss:       0.17
  Total Valid Loss:        1.78
    Contrastive Valid Loss: 10.73
    Overall Recon Valid Loss: 0.71
    Recon Valid Loss:       0.14
Learning Rate: 0.0001
Epoch: 225, Alpha: 0.11
  Total Train Loss:        1.44
    Contrastive Train Loss: 6.67
    Overall Recon Train Loss: 0.83
    Recon Train Loss:       0.17
  Total Valid Loss:        1.77
    Contrastive Valid Loss: 10.69
    Overall Recon Valid Loss: 0.72
    Recon Valid Loss:       0.14
Learning Rate: 0.0001
Epoch: 226, Alpha: 0.10
  Total Train Loss:        1.43
    Contrastive Train Loss: 6.67
    Overall Recon Train Loss: 0.82
    Recon Train Loss:       0.16
  Total Valid Loss:        1.75
    Contrastive Valid Loss: 10.70
    Overall Recon Valid Loss: 0.71
    Recon Valid Loss:       0.14
Learning Rate: 0.0001
Epoch: 227, Alpha: 0.10
  Total Train Loss:        1.43
    Contrastive Train Loss: 6.67
    Overall Recon Train Loss: 0.82
    Recon Train Loss:       0.16
  Total Valid Loss:        1.73
    Contrastive Valid Loss: 10.71
    Overall Recon Valid Loss: 0.70
    Recon Valid Loss:       0.14
Learning Rate: 0.0001
Epoch: 228, Alpha: 0.10
  Total Train Loss:        1.42
    Contrastive Train Loss: 6.66
    Overall Recon Train Loss: 0.82
    Recon Train Loss:       0.16
  Total Valid Loss:        1.73
    Contrastive Valid Loss: 10.69
    Overall Recon Valid Loss: 0.70
    Recon Valid Loss:       0.14
Learning Rate: 0.0001
Epoch: 229, Alpha: 0.10
  Total Train Loss:        1.41
    Contrastive Train Loss: 6.66
    Overall Recon Train Loss: 0.82
    Recon Train Loss:       0.16
  Total Valid Loss:        1.71
    Contrastive Valid Loss: 10.68
    Overall Recon Valid Loss: 0.70
    Recon Valid Loss:       0.14
Learning Rate: 0.0001
Epoch: 230, Alpha: 0.10
  Total Train Loss:        1.41
    Contrastive Train Loss: 6.66
    Overall Recon Train Loss: 0.82
    Recon Train Loss:       0.16
  Total Valid Loss:        1.71
    Contrastive Valid Loss: 10.71
    Overall Recon Valid Loss: 0.71
    Recon Valid Loss:       0.14
Learning Rate: 0.0001
Epoch: 231, Alpha: 0.10
  Total Train Loss:        1.40
    Contrastive Train Loss: 6.66
    Overall Recon Train Loss: 0.82
    Recon Train Loss:       0.16
  Total Valid Loss:        1.70
    Contrastive Valid Loss: 10.72
    Overall Recon Valid Loss: 0.71
    Recon Valid Loss:       0.14
Learning Rate: 0.0001
Epoch: 232, Alpha: 0.10
  Total Train Loss:        1.39
    Contrastive Train Loss: 6.66
    Overall Recon Train Loss: 0.82
    Recon Train Loss:       0.16
  Total Valid Loss:        1.69
    Contrastive Valid Loss: 10.70
    Overall Recon Valid Loss: 0.70
    Recon Valid Loss:       0.14
Learning Rate: 0.0001
Epoch: 233, Alpha: 0.10
  Total Train Loss:        1.39
    Contrastive Train Loss: 6.66
    Overall Recon Train Loss: 0.82
    Recon Train Loss:       0.16
  Total Valid Loss:        1.68
    Contrastive Valid Loss: 10.73
    Overall Recon Valid Loss: 0.70
    Recon Valid Loss:       0.14
Learning Rate: 0.0001
Epoch: 234, Alpha: 0.10
  Total Train Loss:        1.38
    Contrastive Train Loss: 6.66
    Overall Recon Train Loss: 0.82
    Recon Train Loss:       0.16
  Total Valid Loss:        1.66
    Contrastive Valid Loss: 10.70
    Overall Recon Valid Loss: 0.70
    Recon Valid Loss:       0.14
Learning Rate: 0.0001
Epoch: 235, Alpha: 0.10
  Total Train Loss:        1.37
    Contrastive Train Loss: 6.65
    Overall Recon Train Loss: 0.82
    Recon Train Loss:       0.16
  Total Valid Loss:        1.66
    Contrastive Valid Loss: 10.74
    Overall Recon Valid Loss: 0.71
    Recon Valid Loss:       0.14
Learning Rate: 0.0001
Epoch: 236, Alpha: 0.09
  Total Train Loss:        1.37
    Contrastive Train Loss: 6.65
    Overall Recon Train Loss: 0.81
    Recon Train Loss:       0.16
  Total Valid Loss:        1.65
    Contrastive Valid Loss: 10.71
    Overall Recon Valid Loss: 0.70
    Recon Valid Loss:       0.14
Learning Rate: 0.0001
Epoch: 237, Alpha: 0.09
  Total Train Loss:        1.36
    Contrastive Train Loss: 6.65
    Overall Recon Train Loss: 0.81
    Recon Train Loss:       0.16
  Total Valid Loss:        1.64
    Contrastive Valid Loss: 10.70
    Overall Recon Valid Loss: 0.70
    Recon Valid Loss:       0.14
Learning Rate: 0.0001
Epoch: 238, Alpha: 0.09
  Total Train Loss:        1.35
    Contrastive Train Loss: 6.65
    Overall Recon Train Loss: 0.81
    Recon Train Loss:       0.16
  Total Valid Loss:        1.63
    Contrastive Valid Loss: 10.71
    Overall Recon Valid Loss: 0.70
    Recon Valid Loss:       0.14
Learning Rate: 0.0001
Epoch: 239, Alpha: 0.09
  Total Train Loss:        1.35
    Contrastive Train Loss: 6.65
    Overall Recon Train Loss: 0.81
    Recon Train Loss:       0.16
  Total Valid Loss:        1.61
    Contrastive Valid Loss: 10.73
    Overall Recon Valid Loss: 0.69
    Recon Valid Loss:       0.14
Learning Rate: 0.0001
Epoch: 240, Alpha: 0.09
  Total Train Loss:        1.34
    Contrastive Train Loss: 6.65
    Overall Recon Train Loss: 0.81
    Recon Train Loss:       0.16
  Total Valid Loss:        1.60
    Contrastive Valid Loss: 10.69
    Overall Recon Valid Loss: 0.70
    Recon Valid Loss:       0.14
Learning Rate: 0.0001
Epoch: 241, Alpha: 0.09
  Total Train Loss:        1.33
    Contrastive Train Loss: 6.64
    Overall Recon Train Loss: 0.81
    Recon Train Loss:       0.16
  Total Valid Loss:        1.59
    Contrastive Valid Loss: 10.71
    Overall Recon Valid Loss: 0.69
    Recon Valid Loss:       0.14
Learning Rate: 0.0001
Epoch: 242, Alpha: 0.09
  Total Train Loss:        1.33
    Contrastive Train Loss: 6.64
    Overall Recon Train Loss: 0.81
    Recon Train Loss:       0.16
  Total Valid Loss:        1.59
    Contrastive Valid Loss: 10.74
    Overall Recon Valid Loss: 0.70
    Recon Valid Loss:       0.14
Learning Rate: 0.0001
Epoch: 243, Alpha: 0.09
  Total Train Loss:        1.32
    Contrastive Train Loss: 6.64
    Overall Recon Train Loss: 0.81
    Recon Train Loss:       0.16
  Total Valid Loss:        1.57
    Contrastive Valid Loss: 10.70
    Overall Recon Valid Loss: 0.69
    Recon Valid Loss:       0.14
Learning Rate: 0.0001
Epoch: 244, Alpha: 0.09
  Total Train Loss:        1.32
    Contrastive Train Loss: 6.64
    Overall Recon Train Loss: 0.81
    Recon Train Loss:       0.16
  Total Valid Loss:        1.57
    Contrastive Valid Loss: 10.73
    Overall Recon Valid Loss: 0.69
    Recon Valid Loss:       0.14
Learning Rate: 0.0001
Epoch: 245, Alpha: 0.09
  Total Train Loss:        1.31
    Contrastive Train Loss: 6.64
    Overall Recon Train Loss: 0.81
    Recon Train Loss:       0.16
  Total Valid Loss:        1.55
    Contrastive Valid Loss: 10.71
    Overall Recon Valid Loss: 0.69
    Recon Valid Loss:       0.14
Learning Rate: 0.0001
Epoch: 246, Alpha: 0.09
  Total Train Loss:        1.30
    Contrastive Train Loss: 6.64
    Overall Recon Train Loss: 0.81
    Recon Train Loss:       0.16
  Total Valid Loss:        1.55
    Contrastive Valid Loss: 10.72
    Overall Recon Valid Loss: 0.69
    Recon Valid Loss:       0.14
Learning Rate: 0.0001
Epoch: 247, Alpha: 0.08
  Total Train Loss:        1.30
    Contrastive Train Loss: 6.63
    Overall Recon Train Loss: 0.81
    Recon Train Loss:       0.16
  Total Valid Loss:        1.54
    Contrastive Valid Loss: 10.70
    Overall Recon Valid Loss: 0.69
    Recon Valid Loss:       0.14
Learning Rate: 0.0001
Epoch: 248, Alpha: 0.08
  Total Train Loss:        1.29
    Contrastive Train Loss: 6.63
    Overall Recon Train Loss: 0.80
    Recon Train Loss:       0.16
  Total Valid Loss:        1.52
    Contrastive Valid Loss: 10.71
    Overall Recon Valid Loss: 0.68
    Recon Valid Loss:       0.14
Learning Rate: 0.0001
Epoch: 249, Alpha: 0.08
  Total Train Loss:        1.29
    Contrastive Train Loss: 6.63
    Overall Recon Train Loss: 0.80
    Recon Train Loss:       0.16
  Total Valid Loss:        1.52
    Contrastive Valid Loss: 10.72
    Overall Recon Valid Loss: 0.69
    Recon Valid Loss:       0.14
Learning Rate: 0.0001
Starting Downstream Task
Shape: (5, 144, 72)
Epoch: 0, Train Loss: 0.00669, Valid Loss: 0.00494, EPS: 0.991
Epoch: 1, Train Loss: 0.00412, Valid Loss: 0.00430, EPS: 0.982
Epoch: 2, Train Loss: 0.00369, Valid Loss: 0.00412, EPS: 0.973
Epoch: 3, Train Loss: 0.00357, Valid Loss: 0.00411, EPS: 0.964
Epoch: 4, Train Loss: 0.00350, Valid Loss: 0.00405, EPS: 0.955
Epoch: 5, Train Loss: 0.00344, Valid Loss: 0.00400, EPS: 0.946
Epoch: 6, Train Loss: 0.00336, Valid Loss: 0.00401, EPS: 0.9369999999999999
Epoch: 7, Train Loss: 0.00336, Valid Loss: 0.00400, EPS: 0.928
Epoch: 8, Train Loss: 0.00331, Valid Loss: 0.00398, EPS: 0.919
Epoch: 9, Train Loss: 0.00331, Valid Loss: 0.00397, EPS: 0.91
Epoch: 10, Train Loss: 0.00329, Valid Loss: 0.00397, EPS: 0.901
Epoch: 11, Train Loss: 0.00327, Valid Loss: 0.00396, EPS: 0.892
Epoch: 12, Train Loss: 0.00326, Valid Loss: 0.00396, EPS: 0.883
Epoch: 13, Train Loss: 0.00327, Valid Loss: 0.00396, EPS: 0.874
Epoch: 14, Train Loss: 0.00324, Valid Loss: 0.00399, EPS: 0.865
Epoch: 15, Train Loss: 0.00324, Valid Loss: 0.00393, EPS: 0.856
Epoch: 16, Train Loss: 0.00324, Valid Loss: 0.00397, EPS: 0.847
Epoch: 17, Train Loss: 0.00324, Valid Loss: 0.00396, EPS: 0.8380000000000001
Epoch: 18, Train Loss: 0.00324, Valid Loss: 0.00393, EPS: 0.8290000000000001
Epoch: 19, Train Loss: 0.00324, Valid Loss: 0.00393, EPS: 0.8200000000000001
Epoch: 20, Train Loss: 0.00322, Valid Loss: 0.00391, EPS: 0.811
Epoch: 21, Train Loss: 0.00321, Valid Loss: 0.00394, EPS: 0.802
Epoch: 22, Train Loss: 0.00322, Valid Loss: 0.00393, EPS: 0.793
Epoch: 23, Train Loss: 0.00320, Valid Loss: 0.00395, EPS: 0.784
Epoch: 24, Train Loss: 0.00320, Valid Loss: 0.00392, EPS: 0.775
Epoch: 25, Train Loss: 0.00320, Valid Loss: 0.00396, EPS: 0.766
Epoch: 26, Train Loss: 0.00320, Valid Loss: 0.00395, EPS: 0.757
Epoch: 27, Train Loss: 0.00320, Valid Loss: 0.00395, EPS: 0.748
Epoch: 28, Train Loss: 0.00319, Valid Loss: 0.00398, EPS: 0.739
Epoch: 29, Train Loss: 0.00321, Valid Loss: 0.00395, EPS: 0.73
Epoch: 30, Train Loss: 0.00316, Valid Loss: 0.00394, EPS: 0.721
Epoch: 31, Train Loss: 0.00319, Valid Loss: 0.00393, EPS: 0.712
Epoch: 32, Train Loss: 0.00266, Valid Loss: 0.00337, EPS: 0.703
Epoch: 33, Train Loss: 0.00235, Valid Loss: 0.00328, EPS: 0.694
Epoch: 34, Train Loss: 0.00230, Valid Loss: 0.00326, EPS: 0.685
Epoch: 35, Train Loss: 0.00227, Valid Loss: 0.00324, EPS: 0.676
Epoch: 36, Train Loss: 0.00225, Valid Loss: 0.00323, EPS: 0.667
Epoch: 37, Train Loss: 0.00224, Valid Loss: 0.00323, EPS: 0.658
Epoch: 38, Train Loss: 0.00223, Valid Loss: 0.00321, EPS: 0.649
Epoch: 39, Train Loss: 0.00221, Valid Loss: 0.00321, EPS: 0.64
Epoch: 40, Train Loss: 0.00221, Valid Loss: 0.00321, EPS: 0.6310000000000001
Epoch: 41, Train Loss: 0.00220, Valid Loss: 0.00322, EPS: 0.6220000000000001
Epoch: 42, Train Loss: 0.00220, Valid Loss: 0.00320, EPS: 0.6130000000000001
Epoch: 43, Train Loss: 0.00218, Valid Loss: 0.00319, EPS: 0.6040000000000001
Epoch: 44, Train Loss: 0.00218, Valid Loss: 0.00319, EPS: 0.5950000000000001
Epoch: 45, Train Loss: 0.00217, Valid Loss: 0.00321, EPS: 0.5860000000000001
Epoch: 46, Train Loss: 0.00216, Valid Loss: 0.00321, EPS: 0.5770000000000001
Epoch: 47, Train Loss: 0.00216, Valid Loss: 0.00319, EPS: 0.5680000000000001
Epoch: 48, Train Loss: 0.00215, Valid Loss: 0.00321, EPS: 0.559
Epoch: 49, Train Loss: 0.00215, Valid Loss: 0.00320, EPS: 0.55
Epoch: 50, Train Loss: 0.00214, Valid Loss: 0.00320, EPS: 0.541
Epoch: 51, Train Loss: 0.00213, Valid Loss: 0.00320, EPS: 0.532
Epoch: 52, Train Loss: 0.00213, Valid Loss: 0.00322, EPS: 0.523
Epoch: 53, Train Loss: 0.00212, Valid Loss: 0.00322, EPS: 0.514
Epoch: 54, Train Loss: 0.00212, Valid Loss: 0.00321, EPS: 0.505
Epoch: 55, Train Loss: 0.00210, Valid Loss: 0.00321, EPS: 0.496
Epoch: 56, Train Loss: 0.00198, Valid Loss: 0.00315, EPS: 0.4870000000000001
Epoch: 57, Train Loss: 0.00193, Valid Loss: 0.00314, EPS: 0.4780000000000001
Epoch: 58, Train Loss: 0.00192, Valid Loss: 0.00315, EPS: 0.4690000000000001
Epoch: 59, Train Loss: 0.00191, Valid Loss: 0.00315, EPS: 0.4600000000000001
Epoch: 60, Train Loss: 0.00191, Valid Loss: 0.00315, EPS: 0.45100000000000007
Epoch: 61, Train Loss: 0.00190, Valid Loss: 0.00315, EPS: 0.44200000000000006
Epoch: 62, Train Loss: 0.00190, Valid Loss: 0.00316, EPS: 0.43300000000000005
Epoch: 63, Train Loss: 0.00189, Valid Loss: 0.00317, EPS: 0.42400000000000004
Epoch: 64, Train Loss: 0.00189, Valid Loss: 0.00317, EPS: 0.41500000000000004
Epoch: 65, Train Loss: 0.00189, Valid Loss: 0.00316, EPS: 0.406
Epoch: 66, Train Loss: 0.00189, Valid Loss: 0.00317, EPS: 0.397
Epoch: 67, Train Loss: 0.00188, Valid Loss: 0.00318, EPS: 0.388
Epoch: 68, Train Loss: 0.00188, Valid Loss: 0.00318, EPS: 0.3790000000000001
Epoch: 69, Train Loss: 0.00186, Valid Loss: 0.00317, EPS: 0.3700000000000001
Epoch: 70, Train Loss: 0.00186, Valid Loss: 0.00317, EPS: 0.3610000000000001
Epoch: 71, Train Loss: 0.00186, Valid Loss: 0.00317, EPS: 0.3520000000000001
Epoch: 72, Train Loss: 0.00186, Valid Loss: 0.00317, EPS: 0.343
Epoch: 73, Train Loss: 0.00186, Valid Loss: 0.00317, EPS: 0.334
Epoch: 74, Train Loss: 0.00186, Valid Loss: 0.00318, EPS: 0.325
Epoch: 75, Train Loss: 0.00186, Valid Loss: 0.00317, EPS: 0.316
Epoch: 76, Train Loss: 0.00186, Valid Loss: 0.00317, EPS: 0.307
Epoch: 77, Train Loss: 0.00186, Valid Loss: 0.00317, EPS: 0.298
Epoch: 78, Train Loss: 0.00186, Valid Loss: 0.00318, EPS: 0.289
Epoch: 79, Train Loss: 0.00186, Valid Loss: 0.00318, EPS: 0.27999999999999997
Epoch: 80, Train Loss: 0.00186, Valid Loss: 0.00317, EPS: 0.27099999999999996
Epoch: 81, Train Loss: 0.00185, Valid Loss: 0.00318, EPS: 0.26200000000000007
Epoch: 82, Train Loss: 0.00185, Valid Loss: 0.00317, EPS: 0.25300000000000006
Epoch: 83, Train Loss: 0.00185, Valid Loss: 0.00317, EPS: 0.24400000000000005
Epoch: 84, Train Loss: 0.00185, Valid Loss: 0.00318, EPS: 0.23500000000000004
Epoch: 85, Train Loss: 0.00186, Valid Loss: 0.00318, EPS: 0.22600000000000003
Epoch: 86, Train Loss: 0.00185, Valid Loss: 0.00317, EPS: 0.21700000000000003
Epoch: 87, Train Loss: 0.00185, Valid Loss: 0.00318, EPS: 0.20800000000000002
Epoch: 88, Train Loss: 0.00186, Valid Loss: 0.00318, EPS: 0.199
Epoch: 89, Train Loss: 0.00185, Valid Loss: 0.00318, EPS: 0.19
Epoch: 90, Train Loss: 0.00185, Valid Loss: 0.00318, EPS: 0.181
Epoch: 91, Train Loss: 0.00186, Valid Loss: 0.00316, EPS: 0.172
Epoch: 92, Train Loss: 0.00186, Valid Loss: 0.00317, EPS: 0.16299999999999998
Epoch: 93, Train Loss: 0.00185, Valid Loss: 0.00317, EPS: 0.15400000000000005
Epoch: 94, Train Loss: 0.00186, Valid Loss: 0.00317, EPS: 0.14500000000000005
Epoch: 95, Train Loss: 0.00186, Valid Loss: 0.00317, EPS: 0.13600000000000004
Epoch: 96, Train Loss: 0.00186, Valid Loss: 0.00317, EPS: 0.12700000000000003
Epoch: 97, Train Loss: 0.00185, Valid Loss: 0.00317, EPS: 0.11800000000000002
Epoch: 98, Train Loss: 0.00186, Valid Loss: 0.00317, EPS: 0.10900000000000001
Epoch: 99, Train Loss: 0.00186, Valid Loss: 0.00317, EPS: 0.1
Test Loss: 0.00316
Test Loss: 0.00304
Training Decoder
Epoch: 0, Total Train Loss: 0.16, Total Valid Loss: 0.13, Learning Rate: 0.0001
Epoch: 1, Total Train Loss: 0.16, Total Valid Loss: 0.13, Learning Rate: 0.0001
Epoch: 2, Total Train Loss: 0.16, Total Valid Loss: 0.13, Learning Rate: 0.0001
Epoch: 3, Total Train Loss: 0.16, Total Valid Loss: 0.13, Learning Rate: 0.0001
Epoch: 4, Total Train Loss: 0.16, Total Valid Loss: 0.13, Learning Rate: 0.0001
Epoch: 5, Total Train Loss: 0.16, Total Valid Loss: 0.13, Learning Rate: 0.0001
Epoch: 6, Total Train Loss: 0.16, Total Valid Loss: 0.13, Learning Rate: 0.0001
Epoch: 7, Total Train Loss: 0.16, Total Valid Loss: 0.13, Learning Rate: 0.0001
Epoch: 8, Total Train Loss: 0.16, Total Valid Loss: 0.13, Learning Rate: 0.0001
Epoch: 9, Total Train Loss: 0.16, Total Valid Loss: 0.13, Learning Rate: 0.0001
Epoch: 10, Total Train Loss: 0.16, Total Valid Loss: 0.13, Learning Rate: 0.0001
Epoch: 11, Total Train Loss: 0.16, Total Valid Loss: 0.13, Learning Rate: 0.0001
Epoch: 12, Total Train Loss: 0.16, Total Valid Loss: 0.13, Learning Rate: 0.0001
Epoch: 13, Total Train Loss: 0.16, Total Valid Loss: 0.13, Learning Rate: 0.0001
Epoch: 14, Total Train Loss: 0.16, Total Valid Loss: 0.13, Learning Rate: 0.0001
Epoch: 15, Total Train Loss: 0.16, Total Valid Loss: 0.13, Learning Rate: 0.0001
Epoch: 16, Total Train Loss: 0.16, Total Valid Loss: 0.13, Learning Rate: 0.0001
Epoch: 17, Total Train Loss: 0.16, Total Valid Loss: 0.13, Learning Rate: 0.0001
Epoch: 18, Total Train Loss: 0.16, Total Valid Loss: 0.13, Learning Rate: 0.0001
Epoch: 19, Total Train Loss: 0.16, Total Valid Loss: 0.13, Learning Rate: 0.0001
Epoch: 20, Total Train Loss: 0.16, Total Valid Loss: 0.13, Learning Rate: 0.0001
Epoch: 21, Total Train Loss: 0.16, Total Valid Loss: 0.13, Learning Rate: 0.0001
Epoch: 22, Total Train Loss: 0.16, Total Valid Loss: 0.13, Learning Rate: 0.0001
Epoch: 23, Total Train Loss: 0.16, Total Valid Loss: 0.13, Learning Rate: 0.0001
Epoch: 24, Total Train Loss: 0.16, Total Valid Loss: 0.13, Learning Rate: 0.0001
Epoch: 25, Total Train Loss: 0.16, Total Valid Loss: 0.13, Learning Rate: 0.0001
Epoch: 26, Total Train Loss: 0.16, Total Valid Loss: 0.13, Learning Rate: 0.0001
Epoch: 27, Total Train Loss: 0.16, Total Valid Loss: 0.13, Learning Rate: 0.0001
Epoch: 28, Total Train Loss: 0.16, Total Valid Loss: 0.13, Learning Rate: 0.0001
Epoch: 29, Total Train Loss: 0.16, Total Valid Loss: 0.13, Learning Rate: 0.0001
Epoch: 30, Total Train Loss: 0.16, Total Valid Loss: 0.13, Learning Rate: 0.0001
Epoch: 31, Total Train Loss: 0.16, Total Valid Loss: 0.13, Learning Rate: 0.0001
Epoch: 32, Total Train Loss: 0.16, Total Valid Loss: 0.13, Learning Rate: 1e-05
Epoch: 33, Total Train Loss: 0.16, Total Valid Loss: 0.13, Learning Rate: 1e-05
Epoch: 34, Total Train Loss: 0.16, Total Valid Loss: 0.13, Learning Rate: 1e-05
Epoch: 35, Total Train Loss: 0.16, Total Valid Loss: 0.13, Learning Rate: 1e-05
Epoch: 36, Total Train Loss: 0.16, Total Valid Loss: 0.13, Learning Rate: 1e-05
Epoch: 37, Total Train Loss: 0.16, Total Valid Loss: 0.13, Learning Rate: 1e-05
Epoch: 38, Total Train Loss: 0.16, Total Valid Loss: 0.13, Learning Rate: 1e-05
Epoch: 39, Total Train Loss: 0.16, Total Valid Loss: 0.13, Learning Rate: 1e-05
Epoch: 40, Total Train Loss: 0.16, Total Valid Loss: 0.13, Learning Rate: 1e-05
Epoch: 41, Total Train Loss: 0.16, Total Valid Loss: 0.13, Learning Rate: 1e-05
Epoch: 42, Total Train Loss: 0.16, Total Valid Loss: 0.13, Learning Rate: 1e-05
Epoch: 43, Total Train Loss: 0.16, Total Valid Loss: 0.13, Learning Rate: 1e-05
Epoch: 44, Total Train Loss: 0.16, Total Valid Loss: 0.13, Learning Rate: 1e-05
Epoch: 45, Total Train Loss: 0.16, Total Valid Loss: 0.13, Learning Rate: 1e-05
Epoch: 46, Total Train Loss: 0.16, Total Valid Loss: 0.13, Learning Rate: 1e-05
Epoch: 47, Total Train Loss: 0.16, Total Valid Loss: 0.13, Learning Rate: 1e-05
Epoch: 48, Total Train Loss: 0.16, Total Valid Loss: 0.13, Learning Rate: 1e-05
Epoch: 49, Total Train Loss: 0.16, Total Valid Loss: 0.13, Learning Rate: 1e-05
Epoch: 50, Total Train Loss: 0.16, Total Valid Loss: 0.13, Learning Rate: 1e-05
Epoch: 51, Total Train Loss: 0.16, Total Valid Loss: 0.13, Learning Rate: 1e-05
Epoch: 52, Total Train Loss: 0.16, Total Valid Loss: 0.13, Learning Rate: 1e-05
Epoch: 53, Total Train Loss: 0.16, Total Valid Loss: 0.13, Learning Rate: 1e-05
Epoch: 54, Total Train Loss: 0.16, Total Valid Loss: 0.13, Learning Rate: 1e-05
Epoch: 55, Total Train Loss: 0.16, Total Valid Loss: 0.13, Learning Rate: 1e-05
Epoch: 56, Total Train Loss: 0.16, Total Valid Loss: 0.13, Learning Rate: 1e-05
Epoch: 57, Total Train Loss: 0.16, Total Valid Loss: 0.13, Learning Rate: 1e-05
Epoch: 58, Total Train Loss: 0.16, Total Valid Loss: 0.13, Learning Rate: 1e-05
Epoch: 59, Total Train Loss: 0.16, Total Valid Loss: 0.13, Learning Rate: 1e-05
Epoch: 60, Total Train Loss: 0.16, Total Valid Loss: 0.13, Learning Rate: 1e-05
Epoch: 61, Total Train Loss: 0.16, Total Valid Loss: 0.13, Learning Rate: 1e-05
Epoch: 62, Total Train Loss: 0.16, Total Valid Loss: 0.13, Learning Rate: 1e-05
Epoch: 63, Total Train Loss: 0.16, Total Valid Loss: 0.13, Learning Rate: 1e-05
Epoch: 64, Total Train Loss: 0.16, Total Valid Loss: 0.13, Learning Rate: 1e-05
Epoch: 65, Total Train Loss: 0.16, Total Valid Loss: 0.13, Learning Rate: 1e-05
Epoch: 66, Total Train Loss: 0.16, Total Valid Loss: 0.13, Learning Rate: 1e-05
Epoch: 67, Total Train Loss: 0.16, Total Valid Loss: 0.13, Learning Rate: 1e-05
Epoch: 68, Total Train Loss: 0.16, Total Valid Loss: 0.13, Learning Rate: 1e-05
Epoch: 69, Total Train Loss: 0.16, Total Valid Loss: 0.13, Learning Rate: 1e-05
Epoch: 70, Total Train Loss: 0.16, Total Valid Loss: 0.13, Learning Rate: 1e-05
Epoch: 71, Total Train Loss: 0.16, Total Valid Loss: 0.13, Learning Rate: 1e-05
Epoch: 72, Total Train Loss: 0.16, Total Valid Loss: 0.13, Learning Rate: 1.0000000000000002e-06
Epoch: 73, Total Train Loss: 0.16, Total Valid Loss: 0.13, Learning Rate: 1.0000000000000002e-06
Epoch: 74, Total Train Loss: 0.16, Total Valid Loss: 0.13, Learning Rate: 1.0000000000000002e-06
Epoch: 75, Total Train Loss: 0.16, Total Valid Loss: 0.13, Learning Rate: 1.0000000000000002e-06
Epoch: 76, Total Train Loss: 0.16, Total Valid Loss: 0.13, Learning Rate: 1.0000000000000002e-06
Epoch: 77, Total Train Loss: 0.16, Total Valid Loss: 0.13, Learning Rate: 1.0000000000000002e-06
Epoch: 78, Total Train Loss: 0.16, Total Valid Loss: 0.13, Learning Rate: 1.0000000000000002e-06
Epoch: 79, Total Train Loss: 0.16, Total Valid Loss: 0.13, Learning Rate: 1.0000000000000002e-06
Epoch: 80, Total Train Loss: 0.16, Total Valid Loss: 0.13, Learning Rate: 1.0000000000000002e-06
Epoch: 81, Total Train Loss: 0.16, Total Valid Loss: 0.13, Learning Rate: 1.0000000000000002e-06
Epoch: 82, Total Train Loss: 0.16, Total Valid Loss: 0.13, Learning Rate: 1.0000000000000002e-06
Epoch: 83, Total Train Loss: 0.16, Total Valid Loss: 0.13, Learning Rate: 1.0000000000000002e-07
Epoch: 84, Total Train Loss: 0.16, Total Valid Loss: 0.13, Learning Rate: 1.0000000000000002e-07
Epoch: 85, Total Train Loss: 0.16, Total Valid Loss: 0.13, Learning Rate: 1.0000000000000002e-07
Epoch: 86, Total Train Loss: 0.16, Total Valid Loss: 0.13, Learning Rate: 1.0000000000000002e-07
Epoch: 87, Total Train Loss: 0.16, Total Valid Loss: 0.13, Learning Rate: 1.0000000000000002e-07
Epoch: 88, Total Train Loss: 0.16, Total Valid Loss: 0.13, Learning Rate: 1.0000000000000002e-07
Epoch: 89, Total Train Loss: 0.16, Total Valid Loss: 0.13, Learning Rate: 1.0000000000000002e-07
Epoch: 90, Total Train Loss: 0.16, Total Valid Loss: 0.13, Learning Rate: 1.0000000000000002e-07
Epoch: 91, Total Train Loss: 0.16, Total Valid Loss: 0.13, Learning Rate: 1.0000000000000002e-07
Epoch: 92, Total Train Loss: 0.16, Total Valid Loss: 0.13, Learning Rate: 1.0000000000000002e-07
Epoch: 93, Total Train Loss: 0.16, Total Valid Loss: 0.13, Learning Rate: 1.0000000000000002e-07
Epoch: 94, Total Train Loss: 0.16, Total Valid Loss: 0.13, Learning Rate: 1.0000000000000004e-08
Epoch: 95, Total Train Loss: 0.16, Total Valid Loss: 0.13, Learning Rate: 1.0000000000000004e-08
Epoch: 96, Total Train Loss: 0.16, Total Valid Loss: 0.13, Learning Rate: 1.0000000000000004e-08
Epoch: 97, Total Train Loss: 0.16, Total Valid Loss: 0.13, Learning Rate: 1.0000000000000004e-08
Epoch: 98, Total Train Loss: 0.16, Total Valid Loss: 0.13, Learning Rate: 1.0000000000000004e-08
Epoch: 99, Total Train Loss: 0.16, Total Valid Loss: 0.13, Learning Rate: 1.0000000000000004e-08
Epoch: 100, Total Train Loss: 0.16, Total Valid Loss: 0.13, Learning Rate: 1.0000000000000004e-08
Epoch: 101, Total Train Loss: 0.16, Total Valid Loss: 0.13, Learning Rate: 1.0000000000000004e-08
Epoch: 102, Total Train Loss: 0.16, Total Valid Loss: 0.13, Learning Rate: 1.0000000000000004e-08
Epoch: 103, Total Train Loss: 0.16, Total Valid Loss: 0.13, Learning Rate: 1.0000000000000004e-08
Epoch: 104, Total Train Loss: 0.16, Total Valid Loss: 0.13, Learning Rate: 1.0000000000000004e-08
Epoch: 105, Total Train Loss: 0.16, Total Valid Loss: 0.13, Learning Rate: 1.0000000000000004e-08
Epoch: 106, Total Train Loss: 0.16, Total Valid Loss: 0.13, Learning Rate: 1.0000000000000004e-08
Epoch: 107, Total Train Loss: 0.16, Total Valid Loss: 0.13, Learning Rate: 1.0000000000000004e-08
Epoch: 108, Total Train Loss: 0.16, Total Valid Loss: 0.13, Learning Rate: 1.0000000000000004e-08
Epoch: 109, Total Train Loss: 0.16, Total Valid Loss: 0.13, Learning Rate: 1.0000000000000004e-08
Epoch: 110, Total Train Loss: 0.16, Total Valid Loss: 0.13, Learning Rate: 1.0000000000000004e-08
Epoch: 111, Total Train Loss: 0.16, Total Valid Loss: 0.13, Learning Rate: 1.0000000000000004e-08
Epoch: 112, Total Train Loss: 0.16, Total Valid Loss: 0.13, Learning Rate: 1.0000000000000004e-08
Epoch: 113, Total Train Loss: 0.16, Total Valid Loss: 0.13, Learning Rate: 1.0000000000000004e-08
Epoch: 114, Total Train Loss: 0.16, Total Valid Loss: 0.13, Learning Rate: 1.0000000000000004e-08
Epoch: 115, Total Train Loss: 0.16, Total Valid Loss: 0.13, Learning Rate: 1.0000000000000004e-08
Epoch: 116, Total Train Loss: 0.16, Total Valid Loss: 0.13, Learning Rate: 1.0000000000000004e-08
Epoch: 117, Total Train Loss: 0.16, Total Valid Loss: 0.13, Learning Rate: 1.0000000000000004e-08
Epoch: 118, Total Train Loss: 0.16, Total Valid Loss: 0.13, Learning Rate: 1.0000000000000004e-08
Epoch: 119, Total Train Loss: 0.16, Total Valid Loss: 0.13, Learning Rate: 1.0000000000000004e-08
Epoch: 120, Total Train Loss: 0.16, Total Valid Loss: 0.13, Learning Rate: 1.0000000000000004e-08
Epoch: 121, Total Train Loss: 0.16, Total Valid Loss: 0.13, Learning Rate: 1.0000000000000004e-08
Epoch: 122, Total Train Loss: 0.16, Total Valid Loss: 0.13, Learning Rate: 1.0000000000000004e-08
Epoch: 123, Total Train Loss: 0.16, Total Valid Loss: 0.13, Learning Rate: 1.0000000000000004e-08
Epoch: 124, Total Train Loss: 0.16, Total Valid Loss: 0.13, Learning Rate: 1.0000000000000004e-08
Epoch: 125, Total Train Loss: 0.16, Total Valid Loss: 0.13, Learning Rate: 1.0000000000000004e-08
Epoch: 126, Total Train Loss: 0.16, Total Valid Loss: 0.13, Learning Rate: 1.0000000000000004e-08
Epoch: 127, Total Train Loss: 0.16, Total Valid Loss: 0.13, Learning Rate: 1.0000000000000004e-08
Epoch: 128, Total Train Loss: 0.16, Total Valid Loss: 0.13, Learning Rate: 1.0000000000000004e-08
Epoch: 129, Total Train Loss: 0.16, Total Valid Loss: 0.13, Learning Rate: 1.0000000000000004e-08
Epoch: 130, Total Train Loss: 0.16, Total Valid Loss: 0.13, Learning Rate: 1.0000000000000004e-08
Epoch: 131, Total Train Loss: 0.16, Total Valid Loss: 0.13, Learning Rate: 1.0000000000000004e-08
Epoch: 132, Total Train Loss: 0.16, Total Valid Loss: 0.13, Learning Rate: 1.0000000000000004e-08
Epoch: 133, Total Train Loss: 0.16, Total Valid Loss: 0.13, Learning Rate: 1.0000000000000004e-08
Epoch: 134, Total Train Loss: 0.16, Total Valid Loss: 0.13, Learning Rate: 1.0000000000000004e-08
Epoch: 135, Total Train Loss: 0.16, Total Valid Loss: 0.13, Learning Rate: 1.0000000000000004e-08
Epoch: 136, Total Train Loss: 0.16, Total Valid Loss: 0.13, Learning Rate: 1.0000000000000004e-08
Epoch: 137, Total Train Loss: 0.16, Total Valid Loss: 0.13, Learning Rate: 1.0000000000000004e-08
Epoch: 138, Total Train Loss: 0.16, Total Valid Loss: 0.13, Learning Rate: 1.0000000000000004e-08
Epoch: 139, Total Train Loss: 0.16, Total Valid Loss: 0.13, Learning Rate: 1.0000000000000004e-08
Epoch: 140, Total Train Loss: 0.16, Total Valid Loss: 0.13, Learning Rate: 1.0000000000000004e-08
Epoch: 141, Total Train Loss: 0.16, Total Valid Loss: 0.13, Learning Rate: 1.0000000000000004e-08
Epoch: 142, Total Train Loss: 0.16, Total Valid Loss: 0.13, Learning Rate: 1.0000000000000004e-08
Epoch: 143, Total Train Loss: 0.16, Total Valid Loss: 0.13, Learning Rate: 1.0000000000000004e-08
Epoch: 144, Total Train Loss: 0.16, Total Valid Loss: 0.13, Learning Rate: 1.0000000000000004e-08
Epoch: 145, Total Train Loss: 0.16, Total Valid Loss: 0.13, Learning Rate: 1.0000000000000004e-08
Epoch: 146, Total Train Loss: 0.16, Total Valid Loss: 0.13, Learning Rate: 1.0000000000000004e-08
Epoch: 147, Total Train Loss: 0.16, Total Valid Loss: 0.13, Learning Rate: 1.0000000000000004e-08
Epoch: 148, Total Train Loss: 0.16, Total Valid Loss: 0.13, Learning Rate: 1.0000000000000004e-08
Epoch: 149, Total Train Loss: 0.16, Total Valid Loss: 0.13, Learning Rate: 1.0000000000000004e-08
Epoch: 150, Total Train Loss: 0.16, Total Valid Loss: 0.13, Learning Rate: 1.0000000000000004e-08
Epoch: 151, Total Train Loss: 0.16, Total Valid Loss: 0.13, Learning Rate: 1.0000000000000004e-08
Epoch: 152, Total Train Loss: 0.16, Total Valid Loss: 0.13, Learning Rate: 1.0000000000000004e-08
Epoch: 153, Total Train Loss: 0.16, Total Valid Loss: 0.13, Learning Rate: 1.0000000000000004e-08
Epoch: 154, Total Train Loss: 0.16, Total Valid Loss: 0.13, Learning Rate: 1.0000000000000004e-08
Epoch: 155, Total Train Loss: 0.16, Total Valid Loss: 0.13, Learning Rate: 1.0000000000000004e-08
Epoch: 156, Total Train Loss: 0.16, Total Valid Loss: 0.13, Learning Rate: 1.0000000000000004e-08
Epoch: 157, Total Train Loss: 0.16, Total Valid Loss: 0.13, Learning Rate: 1.0000000000000004e-08
Epoch: 158, Total Train Loss: 0.16, Total Valid Loss: 0.13, Learning Rate: 1.0000000000000004e-08
Epoch: 159, Total Train Loss: 0.16, Total Valid Loss: 0.13, Learning Rate: 1.0000000000000004e-08
Epoch: 160, Total Train Loss: 0.16, Total Valid Loss: 0.13, Learning Rate: 1.0000000000000004e-08
Epoch: 161, Total Train Loss: 0.16, Total Valid Loss: 0.13, Learning Rate: 1.0000000000000004e-08
Epoch: 162, Total Train Loss: 0.16, Total Valid Loss: 0.13, Learning Rate: 1.0000000000000004e-08
Epoch: 163, Total Train Loss: 0.16, Total Valid Loss: 0.13, Learning Rate: 1.0000000000000004e-08
Epoch: 164, Total Train Loss: 0.16, Total Valid Loss: 0.13, Learning Rate: 1.0000000000000004e-08
Epoch: 165, Total Train Loss: 0.16, Total Valid Loss: 0.13, Learning Rate: 1.0000000000000004e-08
Epoch: 166, Total Train Loss: 0.16, Total Valid Loss: 0.13, Learning Rate: 1.0000000000000004e-08
Epoch: 167, Total Train Loss: 0.16, Total Valid Loss: 0.13, Learning Rate: 1.0000000000000004e-08
Epoch: 168, Total Train Loss: 0.16, Total Valid Loss: 0.13, Learning Rate: 1.0000000000000004e-08
Epoch: 169, Total Train Loss: 0.16, Total Valid Loss: 0.13, Learning Rate: 1.0000000000000004e-08
Epoch: 170, Total Train Loss: 0.16, Total Valid Loss: 0.13, Learning Rate: 1.0000000000000004e-08
Epoch: 171, Total Train Loss: 0.16, Total Valid Loss: 0.13, Learning Rate: 1.0000000000000004e-08
Epoch: 172, Total Train Loss: 0.16, Total Valid Loss: 0.13, Learning Rate: 1.0000000000000004e-08
Epoch: 173, Total Train Loss: 0.16, Total Valid Loss: 0.13, Learning Rate: 1.0000000000000004e-08
Epoch: 174, Total Train Loss: 0.16, Total Valid Loss: 0.13, Learning Rate: 1.0000000000000004e-08
Epoch: 175, Total Train Loss: 0.16, Total Valid Loss: 0.13, Learning Rate: 1.0000000000000004e-08
Epoch: 176, Total Train Loss: 0.16, Total Valid Loss: 0.13, Learning Rate: 1.0000000000000004e-08
Epoch: 177, Total Train Loss: 0.16, Total Valid Loss: 0.13, Learning Rate: 1.0000000000000004e-08
Epoch: 178, Total Train Loss: 0.16, Total Valid Loss: 0.13, Learning Rate: 1.0000000000000004e-08
Epoch: 179, Total Train Loss: 0.16, Total Valid Loss: 0.13, Learning Rate: 1.0000000000000004e-08
Epoch: 180, Total Train Loss: 0.16, Total Valid Loss: 0.13, Learning Rate: 1.0000000000000004e-08
Epoch: 181, Total Train Loss: 0.16, Total Valid Loss: 0.13, Learning Rate: 1.0000000000000004e-08
Epoch: 182, Total Train Loss: 0.16, Total Valid Loss: 0.13, Learning Rate: 1.0000000000000004e-08
Epoch: 183, Total Train Loss: 0.16, Total Valid Loss: 0.13, Learning Rate: 1.0000000000000004e-08
Epoch: 184, Total Train Loss: 0.16, Total Valid Loss: 0.13, Learning Rate: 1.0000000000000004e-08
Epoch: 185, Total Train Loss: 0.16, Total Valid Loss: 0.13, Learning Rate: 1.0000000000000004e-08
Epoch: 186, Total Train Loss: 0.16, Total Valid Loss: 0.13, Learning Rate: 1.0000000000000004e-08
Epoch: 187, Total Train Loss: 0.16, Total Valid Loss: 0.13, Learning Rate: 1.0000000000000004e-08
Epoch: 188, Total Train Loss: 0.16, Total Valid Loss: 0.13, Learning Rate: 1.0000000000000004e-08
Epoch: 189, Total Train Loss: 0.16, Total Valid Loss: 0.13, Learning Rate: 1.0000000000000004e-08
Epoch: 190, Total Train Loss: 0.16, Total Valid Loss: 0.13, Learning Rate: 1.0000000000000004e-08
Epoch: 191, Total Train Loss: 0.16, Total Valid Loss: 0.13, Learning Rate: 1.0000000000000004e-08
Epoch: 192, Total Train Loss: 0.16, Total Valid Loss: 0.13, Learning Rate: 1.0000000000000004e-08
Epoch: 193, Total Train Loss: 0.16, Total Valid Loss: 0.13, Learning Rate: 1.0000000000000004e-08
Epoch: 194, Total Train Loss: 0.16, Total Valid Loss: 0.13, Learning Rate: 1.0000000000000004e-08
Epoch: 195, Total Train Loss: 0.16, Total Valid Loss: 0.13, Learning Rate: 1.0000000000000004e-08
Epoch: 196, Total Train Loss: 0.16, Total Valid Loss: 0.13, Learning Rate: 1.0000000000000004e-08
Epoch: 197, Total Train Loss: 0.16, Total Valid Loss: 0.13, Learning Rate: 1.0000000000000004e-08
Epoch: 198, Total Train Loss: 0.16, Total Valid Loss: 0.13, Learning Rate: 1.0000000000000004e-08
Epoch: 199, Total Train Loss: 0.16, Total Valid Loss: 0.13, Learning Rate: 1.0000000000000004e-08
Starting Latent Downstream Task
Epoch: 1, Train Loss: 0.4747, Valid Loss: 0.2706, LR: 0.001
Epoch: 2, Train Loss: 0.2019, Valid Loss: 0.1754, LR: 0.001
Epoch: 3, Train Loss: 0.1496, Valid Loss: 0.1531, LR: 0.001
Epoch: 4, Train Loss: 0.1376, Valid Loss: 0.1695, LR: 0.001
Epoch: 5, Train Loss: 0.1184, Valid Loss: 0.1462, LR: 0.001
Epoch: 6, Train Loss: 0.1135, Valid Loss: 0.1595, LR: 0.001
Epoch: 7, Train Loss: 0.0997, Valid Loss: 0.1594, LR: 0.001
Epoch: 8, Train Loss: 0.1154, Valid Loss: 0.1602, LR: 0.001
Epoch: 9, Train Loss: 0.1159, Valid Loss: 0.1558, LR: 0.001
Epoch: 10, Train Loss: 0.1130, Valid Loss: 0.1545, LR: 0.001
Epoch: 11, Train Loss: 0.1008, Valid Loss: 0.1345, LR: 0.001
Epoch: 12, Train Loss: 0.1079, Valid Loss: 0.1694, LR: 0.001
Epoch: 13, Train Loss: 0.1133, Valid Loss: 0.1626, LR: 0.001
Epoch: 14, Train Loss: 0.0985, Valid Loss: 0.1313, LR: 0.001
Epoch: 15, Train Loss: 0.1060, Valid Loss: 0.1557, LR: 0.001
Epoch: 16, Train Loss: 0.0992, Valid Loss: 0.1445, LR: 0.001
Epoch: 17, Train Loss: 0.0973, Valid Loss: 0.1595, LR: 0.001
Epoch: 18, Train Loss: 0.1242, Valid Loss: 0.1637, LR: 0.001
Epoch: 19, Train Loss: 0.1104, Valid Loss: 0.1553, LR: 0.001
Epoch: 20, Train Loss: 0.1096, Valid Loss: 0.1841, LR: 0.001
Epoch: 21, Train Loss: 0.1194, Valid Loss: 0.1885, LR: 0.001
Epoch: 22, Train Loss: 0.1030, Valid Loss: 0.1855, LR: 0.001
Epoch: 23, Train Loss: 0.1281, Valid Loss: 0.1731, LR: 0.001
Epoch: 24, Train Loss: 0.1097, Valid Loss: 0.1443, LR: 0.001
Epoch: 25, Train Loss: 0.1080, Valid Loss: 0.1378, LR: 0.0001
Epoch: 26, Train Loss: 0.0941, Valid Loss: 0.1457, LR: 0.0001
Epoch: 27, Train Loss: 0.0740, Valid Loss: 0.1405, LR: 0.0001
Epoch: 28, Train Loss: 0.0751, Valid Loss: 0.1401, LR: 0.0001
Epoch: 29, Train Loss: 0.0728, Valid Loss: 0.1370, LR: 0.0001
Epoch: 30, Train Loss: 0.0655, Valid Loss: 0.1446, LR: 0.0001
Epoch: 31, Train Loss: 0.0638, Valid Loss: 0.1471, LR: 0.0001
Epoch: 32, Train Loss: 0.0653, Valid Loss: 0.1523, LR: 0.0001
Epoch: 33, Train Loss: 0.0626, Valid Loss: 0.1525, LR: 0.0001
Epoch: 34, Train Loss: 0.0556, Valid Loss: 0.1451, LR: 0.0001
Epoch: 35, Train Loss: 0.0620, Valid Loss: 0.1452, LR: 0.0001
Epoch: 36, Train Loss: 0.0610, Valid Loss: 0.1411, LR: 1e-05
Epoch: 37, Train Loss: 0.0560, Valid Loss: 0.1471, LR: 1e-05
Epoch: 38, Train Loss: 0.0604, Valid Loss: 0.1441, LR: 1e-05
Epoch: 39, Train Loss: 0.0562, Valid Loss: 0.1450, LR: 1e-05
Epoch: 40, Train Loss: 0.0553, Valid Loss: 0.1508, LR: 1e-05
Epoch: 41, Train Loss: 0.0541, Valid Loss: 0.1513, LR: 1e-05
Epoch: 42, Train Loss: 0.0516, Valid Loss: 0.1469, LR: 1e-05
Epoch: 43, Train Loss: 0.0592, Valid Loss: 0.1531, LR: 1e-05
Epoch: 44, Train Loss: 0.0557, Valid Loss: 0.1463, LR: 1e-05
Epoch: 45, Train Loss: 0.0549, Valid Loss: 0.1562, LR: 1e-05
Epoch: 46, Train Loss: 0.0559, Valid Loss: 0.1536, LR: 1e-05
Epoch: 47, Train Loss: 0.0541, Valid Loss: 0.1493, LR: 1.0000000000000002e-06
Epoch: 48, Train Loss: 0.0524, Valid Loss: 0.1378, LR: 1.0000000000000002e-06
Epoch: 49, Train Loss: 0.0555, Valid Loss: 0.1516, LR: 1.0000000000000002e-06
Epoch: 50, Train Loss: 0.0542, Valid Loss: 0.1485, LR: 1.0000000000000002e-06
Epoch: 51, Train Loss: 0.0513, Valid Loss: 0.1404, LR: 1.0000000000000002e-06
Epoch: 52, Train Loss: 0.0530, Valid Loss: 0.1512, LR: 1.0000000000000002e-06
Epoch: 53, Train Loss: 0.0539, Valid Loss: 0.1496, LR: 1.0000000000000002e-06
Epoch: 54, Train Loss: 0.0591, Valid Loss: 0.1445, LR: 1.0000000000000002e-06
Epoch: 55, Train Loss: 0.0547, Valid Loss: 0.1511, LR: 1.0000000000000002e-06
Epoch: 56, Train Loss: 0.0588, Valid Loss: 0.1478, LR: 1.0000000000000002e-06
Epoch: 57, Train Loss: 0.0508, Valid Loss: 0.1464, LR: 1.0000000000000002e-06
Epoch: 58, Train Loss: 0.0530, Valid Loss: 0.1479, LR: 1.0000000000000002e-07
Epoch: 59, Train Loss: 0.0609, Valid Loss: 0.1535, LR: 1.0000000000000002e-07
Epoch: 60, Train Loss: 0.0522, Valid Loss: 0.1497, LR: 1.0000000000000002e-07
Epoch: 61, Train Loss: 0.0529, Valid Loss: 0.1526, LR: 1.0000000000000002e-07
Epoch: 62, Train Loss: 0.0581, Valid Loss: 0.1548, LR: 1.0000000000000002e-07
Epoch: 63, Train Loss: 0.0519, Valid Loss: 0.1492, LR: 1.0000000000000002e-07
Epoch: 64, Train Loss: 0.0504, Valid Loss: 0.1559, LR: 1.0000000000000002e-07
Epoch: 65, Train Loss: 0.0534, Valid Loss: 0.1524, LR: 1.0000000000000002e-07
Epoch: 66, Train Loss: 0.0553, Valid Loss: 0.1549, LR: 1.0000000000000002e-07
Epoch: 67, Train Loss: 0.0531, Valid Loss: 0.1519, LR: 1.0000000000000002e-07
Epoch: 68, Train Loss: 0.0553, Valid Loss: 0.1488, LR: 1.0000000000000002e-07
Epoch: 69, Train Loss: 0.0506, Valid Loss: 0.1475, LR: 1.0000000000000004e-08
Epoch: 70, Train Loss: 0.0512, Valid Loss: 0.1531, LR: 1.0000000000000004e-08
Epoch: 71, Train Loss: 0.0531, Valid Loss: 0.1503, LR: 1.0000000000000004e-08
Epoch: 72, Train Loss: 0.0542, Valid Loss: 0.1491, LR: 1.0000000000000004e-08
Epoch: 73, Train Loss: 0.0523, Valid Loss: 0.1499, LR: 1.0000000000000004e-08
Epoch: 74, Train Loss: 0.0503, Valid Loss: 0.1517, LR: 1.0000000000000004e-08
Epoch: 75, Train Loss: 0.0510, Valid Loss: 0.1543, LR: 1.0000000000000004e-08
Epoch: 76, Train Loss: 0.0545, Valid Loss: 0.1477, LR: 1.0000000000000004e-08
Epoch: 77, Train Loss: 0.0530, Valid Loss: 0.1433, LR: 1.0000000000000004e-08
Epoch: 78, Train Loss: 0.0536, Valid Loss: 0.1511, LR: 1.0000000000000004e-08
Epoch: 79, Train Loss: 0.0581, Valid Loss: 0.1445, LR: 1.0000000000000004e-08
Epoch: 80, Train Loss: 0.0547, Valid Loss: 0.1541, LR: 1.0000000000000004e-08
Epoch: 81, Train Loss: 0.0495, Valid Loss: 0.1507, LR: 1.0000000000000004e-08
Epoch: 82, Train Loss: 0.0520, Valid Loss: 0.1500, LR: 1.0000000000000004e-08
Epoch: 83, Train Loss: 0.0515, Valid Loss: 0.1510, LR: 1.0000000000000004e-08
Epoch: 84, Train Loss: 0.0541, Valid Loss: 0.1446, LR: 1.0000000000000004e-08
Epoch: 85, Train Loss: 0.0610, Valid Loss: 0.1417, LR: 1.0000000000000004e-08
Epoch: 86, Train Loss: 0.0553, Valid Loss: 0.1485, LR: 1.0000000000000004e-08
Epoch: 87, Train Loss: 0.0503, Valid Loss: 0.1443, LR: 1.0000000000000004e-08
Epoch: 88, Train Loss: 0.0551, Valid Loss: 0.1550, LR: 1.0000000000000004e-08
Epoch: 89, Train Loss: 0.0570, Valid Loss: 0.1531, LR: 1.0000000000000004e-08
Epoch: 90, Train Loss: 0.0504, Valid Loss: 0.1500, LR: 1.0000000000000004e-08
Epoch: 91, Train Loss: 0.0503, Valid Loss: 0.1406, LR: 1.0000000000000004e-08
Epoch: 92, Train Loss: 0.0554, Valid Loss: 0.1484, LR: 1.0000000000000004e-08
Epoch: 93, Train Loss: 0.0540, Valid Loss: 0.1523, LR: 1.0000000000000004e-08
Epoch: 94, Train Loss: 0.0515, Valid Loss: 0.1464, LR: 1.0000000000000004e-08
Epoch: 95, Train Loss: 0.0532, Valid Loss: 0.1462, LR: 1.0000000000000004e-08
Epoch: 96, Train Loss: 0.0569, Valid Loss: 0.1575, LR: 1.0000000000000004e-08
Epoch: 97, Train Loss: 0.0526, Valid Loss: 0.1471, LR: 1.0000000000000004e-08
Epoch: 98, Train Loss: 0.0582, Valid Loss: 0.1512, LR: 1.0000000000000004e-08
Epoch: 99, Train Loss: 0.0544, Valid Loss: 0.1515, LR: 1.0000000000000004e-08
Epoch: 100, Train Loss: 0.0528, Valid Loss: 0.1486, LR: 1.0000000000000004e-08
Test Loss: 0.1454
MSE Loss Between Generated and Conditioned: 341574.3125
Epoch: 1, Loss: 1.0092
MSE Loss Between Generated and Conditioned: 78493.5859
Epoch: 2, Loss: 0.9102
MSE Loss Between Generated and Conditioned: 47853.1016
Epoch: 3, Loss: 0.8376
MSE Loss Between Generated and Conditioned: 34389.5977
Epoch: 4, Loss: 0.7771
MSE Loss Between Generated and Conditioned: 30563.0449
Epoch: 5, Loss: 0.7269
MSE Loss Between Generated and Conditioned: 25087.5762
Epoch: 6, Loss: 0.6846
MSE Loss Between Generated and Conditioned: 21221.0215
Epoch: 7, Loss: 0.6482
MSE Loss Between Generated and Conditioned: 19575.3359
Epoch: 8, Loss: 0.6176
MSE Loss Between Generated and Conditioned: 16348.1826
Epoch: 9, Loss: 0.5913
MSE Loss Between Generated and Conditioned: 14061.5020
Epoch: 10, Loss: 0.5670
MSE Loss Between Generated and Conditioned: 12026.1641
Epoch: 11, Loss: 0.5451
MSE Loss Between Generated and Conditioned: 9734.8428
Epoch: 12, Loss: 0.5252
MSE Loss Between Generated and Conditioned: 9249.7305
Epoch: 13, Loss: 0.5074
MSE Loss Between Generated and Conditioned: 7735.1733
Epoch: 14, Loss: 0.4907
MSE Loss Between Generated and Conditioned: 7480.1157
Epoch: 15, Loss: 0.4756
MSE Loss Between Generated and Conditioned: 6503.9741
Epoch: 16, Loss: 0.4621
MSE Loss Between Generated and Conditioned: 5909.5742
Epoch: 17, Loss: 0.4496
MSE Loss Between Generated and Conditioned: 3620.2590
Epoch: 18, Loss: 0.4379
MSE Loss Between Generated and Conditioned: 3474.2720
Epoch: 19, Loss: 0.4271
MSE Loss Between Generated and Conditioned: 3151.7073
Epoch: 20, Loss: 0.4175
MSE Loss Between Generated and Conditioned: 3149.6365
Epoch: 21, Loss: 0.4086
MSE Loss Between Generated and Conditioned: 3444.4387
Epoch: 22, Loss: 0.4003
MSE Loss Between Generated and Conditioned: 3616.3064
Epoch: 23, Loss: 0.3924
MSE Loss Between Generated and Conditioned: 3760.9402
Epoch: 24, Loss: 0.3852
MSE Loss Between Generated and Conditioned: 3265.8728
Epoch: 25, Loss: 0.3781
MSE Loss Between Generated and Conditioned: 2291.0391
Epoch: 26, Loss: 0.3715
MSE Loss Between Generated and Conditioned: 1923.1067
Epoch: 27, Loss: 0.3658
MSE Loss Between Generated and Conditioned: 1544.1615
Epoch: 28, Loss: 0.3601
MSE Loss Between Generated and Conditioned: 2086.5930
Epoch: 29, Loss: 0.3545
MSE Loss Between Generated and Conditioned: 1746.9948
Epoch: 30, Loss: 0.3494
MSE Loss Between Generated and Conditioned: 2467.9822
Epoch: 31, Loss: 0.3445
MSE Loss Between Generated and Conditioned: 2271.8003
Epoch: 32, Loss: 0.3398
MSE Loss Between Generated and Conditioned: 1882.4436
Epoch: 33, Loss: 0.3352
MSE Loss Between Generated and Conditioned: 1318.2834
Epoch: 34, Loss: 0.3308
MSE Loss Between Generated and Conditioned: 1025.8225
Epoch: 35, Loss: 0.3265
MSE Loss Between Generated and Conditioned: 1214.4867
Epoch: 36, Loss: 0.3226
MSE Loss Between Generated and Conditioned: 1063.6504
Epoch: 37, Loss: 0.3186
MSE Loss Between Generated and Conditioned: 1141.0151
Epoch: 38, Loss: 0.3149
MSE Loss Between Generated and Conditioned: 869.1645
Epoch: 39, Loss: 0.3113
MSE Loss Between Generated and Conditioned: 921.3537
Epoch: 40, Loss: 0.3078
MSE Loss Between Generated and Conditioned: 898.4767
Epoch: 41, Loss: 0.3044
MSE Loss Between Generated and Conditioned: 893.1625
Epoch: 42, Loss: 0.3012
MSE Loss Between Generated and Conditioned: 497.5438
Epoch: 43, Loss: 0.2981
MSE Loss Between Generated and Conditioned: 328.6227
Epoch: 44, Loss: 0.2951
MSE Loss Between Generated and Conditioned: 534.7775
Epoch: 45, Loss: 0.2923
MSE Loss Between Generated and Conditioned: 885.6909
Epoch: 46, Loss: 0.2895
MSE Loss Between Generated and Conditioned: 566.5095
Epoch: 47, Loss: 0.2868
MSE Loss Between Generated and Conditioned: 483.3387
Epoch: 48, Loss: 0.2842
MSE Loss Between Generated and Conditioned: 623.2307
Epoch: 49, Loss: 0.2817
MSE Loss Between Generated and Conditioned: 352.5171
Epoch: 50, Loss: 0.2792
MSE Loss Between Generated and Conditioned: 314.5162
Epoch: 51, Loss: 0.2768
MSE Loss Between Generated and Conditioned: 319.6546
Epoch: 52, Loss: 0.2747
MSE Loss Between Generated and Conditioned: 281.0203
Epoch: 53, Loss: 0.2725
MSE Loss Between Generated and Conditioned: 342.5029
Epoch: 54, Loss: 0.2703
MSE Loss Between Generated and Conditioned: 200.3776
Epoch: 55, Loss: 0.2682
MSE Loss Between Generated and Conditioned: 295.8968
Epoch: 56, Loss: 0.2661
MSE Loss Between Generated and Conditioned: 358.9383
Epoch: 57, Loss: 0.2641
MSE Loss Between Generated and Conditioned: 183.4281
Epoch: 58, Loss: 0.2622
MSE Loss Between Generated and Conditioned: 153.3900
Epoch: 59, Loss: 0.2602
MSE Loss Between Generated and Conditioned: 228.0908
Epoch: 60, Loss: 0.2584
MSE Loss Between Generated and Conditioned: 162.9552
Epoch: 61, Loss: 0.2565
MSE Loss Between Generated and Conditioned: 190.2579
Epoch: 62, Loss: 0.2548
MSE Loss Between Generated and Conditioned: 185.0972
Epoch: 63, Loss: 0.2530
MSE Loss Between Generated and Conditioned: 204.7452
Epoch: 64, Loss: 0.2512
MSE Loss Between Generated and Conditioned: 89.4023
Epoch: 65, Loss: 0.2496
MSE Loss Between Generated and Conditioned: 140.0240
Epoch: 66, Loss: 0.2480
MSE Loss Between Generated and Conditioned: 129.7095
Epoch: 67, Loss: 0.2464
MSE Loss Between Generated and Conditioned: 107.1148
Epoch: 68, Loss: 0.2449
MSE Loss Between Generated and Conditioned: 138.9986
Epoch: 69, Loss: 0.2435
MSE Loss Between Generated and Conditioned: 119.4877
Epoch: 70, Loss: 0.2421
MSE Loss Between Generated and Conditioned: 209.2986
Epoch: 71, Loss: 0.2407
MSE Loss Between Generated and Conditioned: 73.1637
Epoch: 72, Loss: 0.2394
MSE Loss Between Generated and Conditioned: 92.8441
Epoch: 73, Loss: 0.2381
MSE Loss Between Generated and Conditioned: 71.4836
Epoch: 74, Loss: 0.2369
MSE Loss Between Generated and Conditioned: 54.9675
Epoch: 75, Loss: 0.2356
MSE Loss Between Generated and Conditioned: 94.2483
Epoch: 76, Loss: 0.2345
MSE Loss Between Generated and Conditioned: 66.8279
Epoch: 77, Loss: 0.2332
MSE Loss Between Generated and Conditioned: 82.5994
Epoch: 78, Loss: 0.2321
MSE Loss Between Generated and Conditioned: 35.1845
Epoch: 79, Loss: 0.2309
MSE Loss Between Generated and Conditioned: 54.9492
Epoch: 80, Loss: 0.2299
MSE Loss Between Generated and Conditioned: 44.6845
Epoch: 81, Loss: 0.2289
MSE Loss Between Generated and Conditioned: 42.6721
Epoch: 82, Loss: 0.2279
MSE Loss Between Generated and Conditioned: 31.0568
Epoch: 83, Loss: 0.2269
MSE Loss Between Generated and Conditioned: 33.5005
Epoch: 84, Loss: 0.2260
MSE Loss Between Generated and Conditioned: 56.4739
Epoch: 85, Loss: 0.2249
MSE Loss Between Generated and Conditioned: 30.8922
Epoch: 86, Loss: 0.2240
MSE Loss Between Generated and Conditioned: 19.3438
Epoch: 87, Loss: 0.2230
MSE Loss Between Generated and Conditioned: 24.2560
Epoch: 88, Loss: 0.2221
MSE Loss Between Generated and Conditioned: 18.5660
Epoch: 89, Loss: 0.2211
MSE Loss Between Generated and Conditioned: 23.3963
Epoch: 90, Loss: 0.2203
MSE Loss Between Generated and Conditioned: 20.6727
Epoch: 91, Loss: 0.2195
MSE Loss Between Generated and Conditioned: 24.4875
Epoch: 92, Loss: 0.2186
MSE Loss Between Generated and Conditioned: 19.7748
Epoch: 93, Loss: 0.2179
MSE Loss Between Generated and Conditioned: 45.5264
Epoch: 94, Loss: 0.2170
MSE Loss Between Generated and Conditioned: 26.8250
Epoch: 95, Loss: 0.2163
MSE Loss Between Generated and Conditioned: 32.7051
Epoch: 96, Loss: 0.2155
MSE Loss Between Generated and Conditioned: 47.1918
Epoch: 97, Loss: 0.2148
MSE Loss Between Generated and Conditioned: 47.7718
Epoch: 98, Loss: 0.2140
MSE Loss Between Generated and Conditioned: 43.4350
Epoch: 99, Loss: 0.2133
MSE Loss Between Generated and Conditioned: 17.3816
Epoch: 100, Loss: 0.2126
MSE Loss Between Generated and Conditioned: 22.7220
Epoch: 101, Loss: 0.2118
MSE Loss Between Generated and Conditioned: 14.3875
Epoch: 102, Loss: 0.2111
MSE Loss Between Generated and Conditioned: 9.5744
Epoch: 103, Loss: 0.2105
MSE Loss Between Generated and Conditioned: 10.9246
Epoch: 104, Loss: 0.2098
MSE Loss Between Generated and Conditioned: 9.8549
Epoch: 105, Loss: 0.2091
MSE Loss Between Generated and Conditioned: 10.2402
Epoch: 106, Loss: 0.2085
MSE Loss Between Generated and Conditioned: 8.8582
Epoch: 107, Loss: 0.2079
MSE Loss Between Generated and Conditioned: 38.2320
Epoch: 108, Loss: 0.2072
MSE Loss Between Generated and Conditioned: 15.3698
Epoch: 109, Loss: 0.2066
MSE Loss Between Generated and Conditioned: 14.3754
Epoch: 110, Loss: 0.2060
MSE Loss Between Generated and Conditioned: 23.3813
Epoch: 111, Loss: 0.2054
MSE Loss Between Generated and Conditioned: 16.5206
Epoch: 112, Loss: 0.2049
MSE Loss Between Generated and Conditioned: 14.0066
Epoch: 113, Loss: 0.2043
MSE Loss Between Generated and Conditioned: 13.7002
Epoch: 114, Loss: 0.2038
MSE Loss Between Generated and Conditioned: 19.4092
Epoch: 115, Loss: 0.2033
MSE Loss Between Generated and Conditioned: 11.6441
Epoch: 116, Loss: 0.2027
MSE Loss Between Generated and Conditioned: 5.4836
Epoch: 117, Loss: 0.2022
MSE Loss Between Generated and Conditioned: 7.7228
Epoch: 118, Loss: 0.2017
MSE Loss Between Generated and Conditioned: 10.1738
Epoch: 119, Loss: 0.2012
MSE Loss Between Generated and Conditioned: 6.6688
Epoch: 120, Loss: 0.2007
MSE Loss Between Generated and Conditioned: 7.8015
Epoch: 121, Loss: 0.2001
MSE Loss Between Generated and Conditioned: 14.2779
Epoch: 122, Loss: 0.1996
MSE Loss Between Generated and Conditioned: 12.8224
Epoch: 123, Loss: 0.1991
MSE Loss Between Generated and Conditioned: 14.4014
Epoch: 124, Loss: 0.1987
MSE Loss Between Generated and Conditioned: 10.5928
Epoch: 125, Loss: 0.1983
MSE Loss Between Generated and Conditioned: 8.0217
Epoch: 126, Loss: 0.1978
MSE Loss Between Generated and Conditioned: 10.8480
Epoch: 127, Loss: 0.1974
MSE Loss Between Generated and Conditioned: 4.7656
Epoch: 128, Loss: 0.1969
MSE Loss Between Generated and Conditioned: 11.8554
Epoch: 129, Loss: 0.1965
MSE Loss Between Generated and Conditioned: 7.5735
Epoch: 130, Loss: 0.1961
MSE Loss Between Generated and Conditioned: 10.6894
Epoch: 131, Loss: 0.1957
MSE Loss Between Generated and Conditioned: 4.8970
Epoch: 132, Loss: 0.1952
MSE Loss Between Generated and Conditioned: 4.1082
Epoch: 133, Loss: 0.1948
MSE Loss Between Generated and Conditioned: 7.5761
Epoch: 134, Loss: 0.1944
MSE Loss Between Generated and Conditioned: 6.3411
Epoch: 135, Loss: 0.1939
MSE Loss Between Generated and Conditioned: 5.1996
Epoch: 136, Loss: 0.1935
MSE Loss Between Generated and Conditioned: 6.5969
Epoch: 137, Loss: 0.1932
MSE Loss Between Generated and Conditioned: 5.7954
Epoch: 138, Loss: 0.1927
MSE Loss Between Generated and Conditioned: 9.4702
Epoch: 139, Loss: 0.1923
MSE Loss Between Generated and Conditioned: 6.4796
Epoch: 140, Loss: 0.1920
MSE Loss Between Generated and Conditioned: 7.6147
Epoch: 141, Loss: 0.1917
MSE Loss Between Generated and Conditioned: 4.0374
Epoch: 142, Loss: 0.1914
MSE Loss Between Generated and Conditioned: 5.9681
Epoch: 143, Loss: 0.1910
MSE Loss Between Generated and Conditioned: 7.5193
Epoch: 144, Loss: 0.1907
MSE Loss Between Generated and Conditioned: 5.6098
Epoch: 145, Loss: 0.1903
MSE Loss Between Generated and Conditioned: 11.9938
Epoch: 146, Loss: 0.1900
MSE Loss Between Generated and Conditioned: 9.5492
Epoch: 147, Loss: 0.1896
MSE Loss Between Generated and Conditioned: 7.5824
Epoch: 148, Loss: 0.1893
MSE Loss Between Generated and Conditioned: 6.1838
Epoch: 149, Loss: 0.1889
MSE Loss Between Generated and Conditioned: 3.6563
Epoch: 150, Loss: 0.1886
MSE Loss Between Generated and Conditioned: 3.2816
Epoch: 151, Loss: 0.1882
MSE Loss Between Generated and Conditioned: 4.0806
Epoch: 152, Loss: 0.1880
MSE Loss Between Generated and Conditioned: 5.6532
Epoch: 153, Loss: 0.1876
MSE Loss Between Generated and Conditioned: 5.5014
Epoch: 154, Loss: 0.1873
MSE Loss Between Generated and Conditioned: 8.1741
Epoch: 155, Loss: 0.1870
MSE Loss Between Generated and Conditioned: 5.9518
Epoch: 156, Loss: 0.1867
MSE Loss Between Generated and Conditioned: 3.7108
Epoch: 157, Loss: 0.1863
MSE Loss Between Generated and Conditioned: 6.1052
Epoch: 158, Loss: 0.1861
MSE Loss Between Generated and Conditioned: 3.5349
Epoch: 159, Loss: 0.1858
MSE Loss Between Generated and Conditioned: 5.2413
Epoch: 160, Loss: 0.1855
MSE Loss Between Generated and Conditioned: 7.0749
Epoch: 161, Loss: 0.1852
MSE Loss Between Generated and Conditioned: 3.1236
Epoch: 162, Loss: 0.1850
MSE Loss Between Generated and Conditioned: 3.1107
Epoch: 163, Loss: 0.1847
MSE Loss Between Generated and Conditioned: 3.1772
Epoch: 164, Loss: 0.1844
MSE Loss Between Generated and Conditioned: 4.0251
Epoch: 165, Loss: 0.1841
MSE Loss Between Generated and Conditioned: 6.3426
Epoch: 166, Loss: 0.1838
MSE Loss Between Generated and Conditioned: 1.3727
Epoch: 167, Loss: 0.1835
MSE Loss Between Generated and Conditioned: 4.1719
Epoch: 168, Loss: 0.1833
MSE Loss Between Generated and Conditioned: 3.1846
Epoch: 169, Loss: 0.1830
MSE Loss Between Generated and Conditioned: 7.7229
Epoch: 170, Loss: 0.1827
MSE Loss Between Generated and Conditioned: 7.9264
Epoch: 171, Loss: 0.1824
MSE Loss Between Generated and Conditioned: 3.9447
Epoch: 172, Loss: 0.1822
MSE Loss Between Generated and Conditioned: 3.0252
Epoch: 173, Loss: 0.1820
MSE Loss Between Generated and Conditioned: 2.0273
Epoch: 174, Loss: 0.1817
MSE Loss Between Generated and Conditioned: 3.3641
Epoch: 175, Loss: 0.1815
MSE Loss Between Generated and Conditioned: 2.7935
Epoch: 176, Loss: 0.1812
MSE Loss Between Generated and Conditioned: 7.4432
Epoch: 177, Loss: 0.1810
MSE Loss Between Generated and Conditioned: 2.6560
Epoch: 178, Loss: 0.1807
MSE Loss Between Generated and Conditioned: 3.4766
Epoch: 179, Loss: 0.1805
MSE Loss Between Generated and Conditioned: 2.7426
Epoch: 180, Loss: 0.1803
MSE Loss Between Generated and Conditioned: 2.5617
Epoch: 181, Loss: 0.1801
MSE Loss Between Generated and Conditioned: 4.7940
Epoch: 182, Loss: 0.1798
MSE Loss Between Generated and Conditioned: 2.0500
Epoch: 183, Loss: 0.1796
MSE Loss Between Generated and Conditioned: 1.7693
Epoch: 184, Loss: 0.1794
MSE Loss Between Generated and Conditioned: 1.3084
Epoch: 185, Loss: 0.1791
MSE Loss Between Generated and Conditioned: 4.8179
Epoch: 186, Loss: 0.1789
MSE Loss Between Generated and Conditioned: 1.8567
Epoch: 187, Loss: 0.1787
MSE Loss Between Generated and Conditioned: 3.3945
Epoch: 188, Loss: 0.1785
MSE Loss Between Generated and Conditioned: 2.2156
Epoch: 189, Loss: 0.1782
MSE Loss Between Generated and Conditioned: 1.3227
Epoch: 190, Loss: 0.1780
MSE Loss Between Generated and Conditioned: 1.9958
Epoch: 191, Loss: 0.1778
MSE Loss Between Generated and Conditioned: 3.1477
Epoch: 192, Loss: 0.1776
MSE Loss Between Generated and Conditioned: 1.6013
Epoch: 193, Loss: 0.1774
MSE Loss Between Generated and Conditioned: 2.6885
Epoch: 194, Loss: 0.1772
MSE Loss Between Generated and Conditioned: 3.0768
Epoch: 195, Loss: 0.1770
MSE Loss Between Generated and Conditioned: 3.2663
Epoch: 196, Loss: 0.1768
MSE Loss Between Generated and Conditioned: 1.8366
Epoch: 197, Loss: 0.1766
MSE Loss Between Generated and Conditioned: 1.2958
Epoch: 198, Loss: 0.1764
MSE Loss Between Generated and Conditioned: 2.3328
Epoch: 199, Loss: 0.1761
MSE Loss Between Generated and Conditioned: 1.9536
Epoch: 200, Loss: 0.1760
MSE Loss Between Generated and Conditioned: 3.9637
Epoch: 201, Loss: 0.1758
MSE Loss Between Generated and Conditioned: 4.0125
Epoch: 202, Loss: 0.1756
MSE Loss Between Generated and Conditioned: 2.7297
Epoch: 203, Loss: 0.1754
MSE Loss Between Generated and Conditioned: 1.3814
Epoch: 204, Loss: 0.1752
MSE Loss Between Generated and Conditioned: 1.5280
Epoch: 205, Loss: 0.1751
MSE Loss Between Generated and Conditioned: 2.4943
Epoch: 206, Loss: 0.1749
MSE Loss Between Generated and Conditioned: 1.5648
Epoch: 207, Loss: 0.1748
MSE Loss Between Generated and Conditioned: 3.0526
Epoch: 208, Loss: 0.1746
MSE Loss Between Generated and Conditioned: 0.9902
Epoch: 209, Loss: 0.1745
MSE Loss Between Generated and Conditioned: 2.3422
Epoch: 210, Loss: 0.1743
MSE Loss Between Generated and Conditioned: 1.4177
Epoch: 211, Loss: 0.1741
MSE Loss Between Generated and Conditioned: 1.1829
Epoch: 212, Loss: 0.1739
MSE Loss Between Generated and Conditioned: 2.1536
Epoch: 213, Loss: 0.1737
MSE Loss Between Generated and Conditioned: 1.5909
Epoch: 214, Loss: 0.1736
MSE Loss Between Generated and Conditioned: 1.2385
Epoch: 215, Loss: 0.1734
MSE Loss Between Generated and Conditioned: 1.4834
Epoch: 216, Loss: 0.1732
MSE Loss Between Generated and Conditioned: 1.0254
Epoch: 217, Loss: 0.1731
MSE Loss Between Generated and Conditioned: 3.5277
Epoch: 218, Loss: 0.1729
MSE Loss Between Generated and Conditioned: 1.3105
Epoch: 219, Loss: 0.1727
MSE Loss Between Generated and Conditioned: 1.8727
Epoch: 220, Loss: 0.1725
MSE Loss Between Generated and Conditioned: 4.7121
Epoch: 221, Loss: 0.1724
MSE Loss Between Generated and Conditioned: 1.1050
Epoch: 222, Loss: 0.1723
MSE Loss Between Generated and Conditioned: 1.4197
Epoch: 223, Loss: 0.1721
MSE Loss Between Generated and Conditioned: 1.0753
Epoch: 224, Loss: 0.1719
MSE Loss Between Generated and Conditioned: 1.2679
Epoch: 225, Loss: 0.1718
MSE Loss Between Generated and Conditioned: 3.4380
Epoch: 226, Loss: 0.1716
MSE Loss Between Generated and Conditioned: 2.1205
Epoch: 227, Loss: 0.1714
MSE Loss Between Generated and Conditioned: 1.3838
Epoch: 228, Loss: 0.1713
MSE Loss Between Generated and Conditioned: 1.3813
Epoch: 229, Loss: 0.1712
MSE Loss Between Generated and Conditioned: 1.0319
Epoch: 230, Loss: 0.1710
MSE Loss Between Generated and Conditioned: 1.1404
Epoch: 231, Loss: 0.1709
MSE Loss Between Generated and Conditioned: 2.2910
Epoch: 232, Loss: 0.1707
MSE Loss Between Generated and Conditioned: 1.3462
Epoch: 233, Loss: 0.1706
MSE Loss Between Generated and Conditioned: 1.2539
Epoch: 234, Loss: 0.1705
MSE Loss Between Generated and Conditioned: 1.1620
Epoch: 235, Loss: 0.1704
MSE Loss Between Generated and Conditioned: 1.5773
Epoch: 236, Loss: 0.1702
MSE Loss Between Generated and Conditioned: 1.0348
Epoch: 237, Loss: 0.1701
MSE Loss Between Generated and Conditioned: 1.7060
Epoch: 238, Loss: 0.1700
MSE Loss Between Generated and Conditioned: 1.3662
Epoch: 239, Loss: 0.1698
MSE Loss Between Generated and Conditioned: 2.4685
Epoch: 240, Loss: 0.1697
MSE Loss Between Generated and Conditioned: 1.0643
Epoch: 241, Loss: 0.1696
MSE Loss Between Generated and Conditioned: 1.1038
Epoch: 242, Loss: 0.1694
MSE Loss Between Generated and Conditioned: 1.2196
Epoch: 243, Loss: 0.1693
MSE Loss Between Generated and Conditioned: 1.1827
Epoch: 244, Loss: 0.1692
MSE Loss Between Generated and Conditioned: 1.2549
Epoch: 245, Loss: 0.1690
MSE Loss Between Generated and Conditioned: 1.1974
Epoch: 246, Loss: 0.1689
MSE Loss Between Generated and Conditioned: 1.1331
Epoch: 247, Loss: 0.1688
MSE Loss Between Generated and Conditioned: 1.1747
Epoch: 248, Loss: 0.1686
MSE Loss Between Generated and Conditioned: 2.0008
Epoch: 249, Loss: 0.1685
MSE Loss Between Generated and Conditioned: 1.3168
Epoch: 250, Loss: 0.1684
MSE Loss Between Generated and Conditioned: 1.0315
Epoch: 251, Loss: 0.1682
MSE Loss Between Generated and Conditioned: 1.5855
Epoch: 252, Loss: 0.1681
MSE Loss Between Generated and Conditioned: 1.0559
Epoch: 253, Loss: 0.1680
MSE Loss Between Generated and Conditioned: 1.1012
Epoch: 254, Loss: 0.1679
MSE Loss Between Generated and Conditioned: 1.0362
Epoch: 255, Loss: 0.1678
MSE Loss Between Generated and Conditioned: 1.1286
Epoch: 256, Loss: 0.1676
MSE Loss Between Generated and Conditioned: 1.1674
Epoch: 257, Loss: 0.1675
MSE Loss Between Generated and Conditioned: 1.0654
Epoch: 258, Loss: 0.1674
MSE Loss Between Generated and Conditioned: 1.0579
Epoch: 259, Loss: 0.1673
MSE Loss Between Generated and Conditioned: 2.1887
Epoch: 260, Loss: 0.1671
MSE Loss Between Generated and Conditioned: 1.3866
Epoch: 261, Loss: 0.1670
MSE Loss Between Generated and Conditioned: 1.0771
Epoch: 262, Loss: 0.1669
MSE Loss Between Generated and Conditioned: 1.5047
Epoch: 263, Loss: 0.1668
MSE Loss Between Generated and Conditioned: 1.1040
Epoch: 264, Loss: 0.1667
MSE Loss Between Generated and Conditioned: 2.1254
Epoch: 265, Loss: 0.1666
MSE Loss Between Generated and Conditioned: 0.9142
Epoch: 266, Loss: 0.1665
MSE Loss Between Generated and Conditioned: 0.9300
Epoch: 267, Loss: 0.1663
MSE Loss Between Generated and Conditioned: 1.3409
Epoch: 268, Loss: 0.1662
MSE Loss Between Generated and Conditioned: 1.0166
Epoch: 269, Loss: 0.1661
MSE Loss Between Generated and Conditioned: 1.0701
Epoch: 270, Loss: 0.1660
MSE Loss Between Generated and Conditioned: 1.3858
Epoch: 271, Loss: 0.1659
MSE Loss Between Generated and Conditioned: 1.0977
Epoch: 272, Loss: 0.1658
MSE Loss Between Generated and Conditioned: 0.9853
Epoch: 273, Loss: 0.1656
MSE Loss Between Generated and Conditioned: 3.5232
Epoch: 274, Loss: 0.1655
MSE Loss Between Generated and Conditioned: 1.1300
Epoch: 275, Loss: 0.1654
MSE Loss Between Generated and Conditioned: 2.5618
Epoch: 276, Loss: 0.1653
MSE Loss Between Generated and Conditioned: 1.3916
Epoch: 277, Loss: 0.1652
MSE Loss Between Generated and Conditioned: 1.1256
Epoch: 278, Loss: 0.1651
MSE Loss Between Generated and Conditioned: 1.0814
Epoch: 279, Loss: 0.1650
MSE Loss Between Generated and Conditioned: 0.9467
Epoch: 280, Loss: 0.1649
MSE Loss Between Generated and Conditioned: 1.0185
Epoch: 281, Loss: 0.1648
MSE Loss Between Generated and Conditioned: 0.9777
Epoch: 282, Loss: 0.1647
MSE Loss Between Generated and Conditioned: 1.2507
Epoch: 283, Loss: 0.1646
MSE Loss Between Generated and Conditioned: 1.1151
Epoch: 284, Loss: 0.1645
MSE Loss Between Generated and Conditioned: 2.1965
Epoch: 285, Loss: 0.1644
MSE Loss Between Generated and Conditioned: 0.9621
Epoch: 286, Loss: 0.1643
MSE Loss Between Generated and Conditioned: 1.0897
Epoch: 287, Loss: 0.1642
MSE Loss Between Generated and Conditioned: 0.9742
Epoch: 288, Loss: 0.1641
MSE Loss Between Generated and Conditioned: 1.1533
Epoch: 289, Loss: 0.1639
MSE Loss Between Generated and Conditioned: 0.9907
Epoch: 290, Loss: 0.1638
MSE Loss Between Generated and Conditioned: 0.9157
Epoch: 291, Loss: 0.1638
MSE Loss Between Generated and Conditioned: 0.9706
Epoch: 292, Loss: 0.1637
MSE Loss Between Generated and Conditioned: 0.9781
Epoch: 293, Loss: 0.1636
MSE Loss Between Generated and Conditioned: 0.9766
Epoch: 294, Loss: 0.1634
MSE Loss Between Generated and Conditioned: 1.5164
Epoch: 295, Loss: 0.1633
MSE Loss Between Generated and Conditioned: 0.9714
Epoch: 296, Loss: 0.1633
MSE Loss Between Generated and Conditioned: 0.9718
Epoch: 297, Loss: 0.1632
MSE Loss Between Generated and Conditioned: 0.9160
Epoch: 298, Loss: 0.1631
MSE Loss Between Generated and Conditioned: 1.0381
Epoch: 299, Loss: 0.1630
MSE Loss Between Generated and Conditioned: 0.9352
Epoch: 300, Loss: 0.1629
Train: torch.Size([14031, 5, 64, 32]), Valid: torch.Size([4677, 5, 64, 32]), Test: torch.Size([4678, 5, 64, 32])
Starting Downstream Task
Running context window: 5 with stride: 5 with seed: 0
Shape: (5, 144, 72)
Epoch: 0, Train Loss: 0.01109, Valid Loss: 0.00769, EPS: 0.991
Epoch: 1, Train Loss: 0.00736, Valid Loss: 0.00661, EPS: 0.982
Epoch: 2, Train Loss: 0.00632, Valid Loss: 0.00578, EPS: 0.973
Epoch: 3, Train Loss: 0.00557, Valid Loss: 0.00526, EPS: 0.964
Epoch: 4, Train Loss: 0.00521, Valid Loss: 0.00511, EPS: 0.955
Epoch: 5, Train Loss: 0.00506, Valid Loss: 0.00496, EPS: 0.946
Epoch: 6, Train Loss: 0.00498, Valid Loss: 0.00493, EPS: 0.9369999999999999
Epoch: 7, Train Loss: 0.00495, Valid Loss: 0.00485, EPS: 0.928
Epoch: 8, Train Loss: 0.00493, Valid Loss: 0.00481, EPS: 0.919
Epoch: 9, Train Loss: 0.00497, Valid Loss: 0.00492, EPS: 0.91
Epoch: 10, Train Loss: 0.00494, Valid Loss: 0.00486, EPS: 0.901
Epoch: 11, Train Loss: 0.00496, Valid Loss: 0.00489, EPS: 0.892
Epoch: 12, Train Loss: 0.00502, Valid Loss: 0.00485, EPS: 0.883
Epoch: 13, Train Loss: 0.00497, Valid Loss: 0.00483, EPS: 0.874
Epoch: 14, Train Loss: 0.00494, Valid Loss: 0.00486, EPS: 0.865
Epoch: 15, Train Loss: 0.00498, Valid Loss: 0.00490, EPS: 0.856
Epoch: 16, Train Loss: 0.00497, Valid Loss: 0.00485, EPS: 0.847
Epoch: 17, Train Loss: 0.00495, Valid Loss: 0.00486, EPS: 0.8380000000000001
Epoch: 18, Train Loss: 0.00499, Valid Loss: 0.00490, EPS: 0.8290000000000001
Epoch: 19, Train Loss: 0.00497, Valid Loss: 0.00485, EPS: 0.8200000000000001
Epoch: 20, Train Loss: 0.00458, Valid Loss: 0.00458, EPS: 0.811
Epoch: 21, Train Loss: 0.00432, Valid Loss: 0.00440, EPS: 0.802
Epoch: 22, Train Loss: 0.00416, Valid Loss: 0.00431, EPS: 0.793
Epoch: 23, Train Loss: 0.00403, Valid Loss: 0.00425, EPS: 0.784
Epoch: 24, Train Loss: 0.00399, Valid Loss: 0.00421, EPS: 0.775
Epoch: 25, Train Loss: 0.00396, Valid Loss: 0.00421, EPS: 0.766
Epoch: 26, Train Loss: 0.00393, Valid Loss: 0.00420, EPS: 0.757
Epoch: 27, Train Loss: 0.00390, Valid Loss: 0.00417, EPS: 0.748
Epoch: 28, Train Loss: 0.00390, Valid Loss: 0.00415, EPS: 0.739
Epoch: 29, Train Loss: 0.00390, Valid Loss: 0.00414, EPS: 0.73
Epoch: 30, Train Loss: 0.00386, Valid Loss: 0.00415, EPS: 0.721
Epoch: 31, Train Loss: 0.00389, Valid Loss: 0.00416, EPS: 0.712
Epoch: 32, Train Loss: 0.00385, Valid Loss: 0.00414, EPS: 0.703
Epoch: 33, Train Loss: 0.00388, Valid Loss: 0.00414, EPS: 0.694
Epoch: 34, Train Loss: 0.00381, Valid Loss: 0.00414, EPS: 0.685
Epoch: 35, Train Loss: 0.00387, Valid Loss: 0.00414, EPS: 0.676
Epoch: 36, Train Loss: 0.00383, Valid Loss: 0.00414, EPS: 0.667
Epoch: 37, Train Loss: 0.00384, Valid Loss: 0.00415, EPS: 0.658
Epoch: 38, Train Loss: 0.00385, Valid Loss: 0.00414, EPS: 0.649
Epoch: 39, Train Loss: 0.00387, Valid Loss: 0.00415, EPS: 0.64
Epoch: 40, Train Loss: 0.00381, Valid Loss: 0.00412, EPS: 0.6310000000000001
Epoch: 41, Train Loss: 0.00383, Valid Loss: 0.00414, EPS: 0.6220000000000001
Epoch: 42, Train Loss: 0.00386, Valid Loss: 0.00414, EPS: 0.6130000000000001
Epoch: 43, Train Loss: 0.00382, Valid Loss: 0.00413, EPS: 0.6040000000000001
Epoch: 44, Train Loss: 0.00383, Valid Loss: 0.00413, EPS: 0.5950000000000001
Epoch: 45, Train Loss: 0.00383, Valid Loss: 0.00411, EPS: 0.5860000000000001
Epoch: 46, Train Loss: 0.00384, Valid Loss: 0.00413, EPS: 0.5770000000000001
Epoch: 47, Train Loss: 0.00387, Valid Loss: 0.00413, EPS: 0.5680000000000001
Epoch: 48, Train Loss: 0.00384, Valid Loss: 0.00413, EPS: 0.559
Epoch: 49, Train Loss: 0.00383, Valid Loss: 0.00412, EPS: 0.55
Epoch: 50, Train Loss: 0.00382, Valid Loss: 0.00410, EPS: 0.541
Epoch: 51, Train Loss: 0.00385, Valid Loss: 0.00413, EPS: 0.532
Epoch: 52, Train Loss: 0.00380, Valid Loss: 0.00414, EPS: 0.523
Epoch: 53, Train Loss: 0.00383, Valid Loss: 0.00410, EPS: 0.514
Epoch: 54, Train Loss: 0.00381, Valid Loss: 0.00414, EPS: 0.505
Epoch: 55, Train Loss: 0.00382, Valid Loss: 0.00410, EPS: 0.496
Epoch: 56, Train Loss: 0.00379, Valid Loss: 0.00411, EPS: 0.4870000000000001
Epoch: 57, Train Loss: 0.00379, Valid Loss: 0.00414, EPS: 0.4780000000000001
Epoch: 58, Train Loss: 0.00381, Valid Loss: 0.00413, EPS: 0.4690000000000001
Epoch: 59, Train Loss: 0.00378, Valid Loss: 0.00413, EPS: 0.4600000000000001
Epoch: 60, Train Loss: 0.00380, Valid Loss: 0.00414, EPS: 0.45100000000000007
Epoch: 61, Train Loss: 0.00381, Valid Loss: 0.00410, EPS: 0.44200000000000006
Epoch: 62, Train Loss: 0.00380, Valid Loss: 0.00411, EPS: 0.43300000000000005
Epoch: 63, Train Loss: 0.00379, Valid Loss: 0.00411, EPS: 0.42400000000000004
Epoch: 64, Train Loss: 0.00381, Valid Loss: 0.00412, EPS: 0.41500000000000004
Epoch: 65, Train Loss: 0.00381, Valid Loss: 0.00413, EPS: 0.406
Epoch: 66, Train Loss: 0.00382, Valid Loss: 0.00412, EPS: 0.397
Epoch: 67, Train Loss: 0.00379, Valid Loss: 0.00412, EPS: 0.388
Epoch: 68, Train Loss: 0.00373, Valid Loss: 0.00409, EPS: 0.3790000000000001
Epoch: 69, Train Loss: 0.00372, Valid Loss: 0.00406, EPS: 0.3700000000000001
Epoch: 70, Train Loss: 0.00368, Valid Loss: 0.00408, EPS: 0.3610000000000001
Epoch: 71, Train Loss: 0.00373, Valid Loss: 0.00408, EPS: 0.3520000000000001
Epoch: 72, Train Loss: 0.00366, Valid Loss: 0.00407, EPS: 0.343
Epoch: 73, Train Loss: 0.00371, Valid Loss: 0.00407, EPS: 0.334
Epoch: 74, Train Loss: 0.00368, Valid Loss: 0.00405, EPS: 0.325
Epoch: 75, Train Loss: 0.00369, Valid Loss: 0.00406, EPS: 0.316
Epoch: 76, Train Loss: 0.00367, Valid Loss: 0.00407, EPS: 0.307
Epoch: 77, Train Loss: 0.00366, Valid Loss: 0.00406, EPS: 0.298
Epoch: 78, Train Loss: 0.00367, Valid Loss: 0.00405, EPS: 0.289
Epoch: 79, Train Loss: 0.00367, Valid Loss: 0.00405, EPS: 0.27999999999999997
Epoch: 80, Train Loss: 0.00367, Valid Loss: 0.00406, EPS: 0.27099999999999996
Epoch: 81, Train Loss: 0.00365, Valid Loss: 0.00407, EPS: 0.26200000000000007
Epoch: 82, Train Loss: 0.00366, Valid Loss: 0.00402, EPS: 0.25300000000000006
Epoch: 83, Train Loss: 0.00369, Valid Loss: 0.00404, EPS: 0.24400000000000005
Epoch: 84, Train Loss: 0.00368, Valid Loss: 0.00404, EPS: 0.23500000000000004
Epoch: 85, Train Loss: 0.00367, Valid Loss: 0.00404, EPS: 0.22600000000000003
Epoch: 86, Train Loss: 0.00368, Valid Loss: 0.00405, EPS: 0.21700000000000003
Epoch: 87, Train Loss: 0.00368, Valid Loss: 0.00405, EPS: 0.20800000000000002
Epoch: 88, Train Loss: 0.00366, Valid Loss: 0.00403, EPS: 0.199
Epoch: 89, Train Loss: 0.00365, Valid Loss: 0.00403, EPS: 0.19
Epoch: 90, Train Loss: 0.00366, Valid Loss: 0.00407, EPS: 0.181
Epoch: 91, Train Loss: 0.00366, Valid Loss: 0.00402, EPS: 0.172
Epoch: 92, Train Loss: 0.00369, Valid Loss: 0.00404, EPS: 0.16299999999999998
Epoch: 93, Train Loss: 0.00363, Valid Loss: 0.00404, EPS: 0.15400000000000005
Epoch: 94, Train Loss: 0.00368, Valid Loss: 0.00403, EPS: 0.14500000000000005
Epoch: 95, Train Loss: 0.00365, Valid Loss: 0.00405, EPS: 0.13600000000000004
Epoch: 96, Train Loss: 0.00365, Valid Loss: 0.00402, EPS: 0.12700000000000003
Epoch: 97, Train Loss: 0.00363, Valid Loss: 0.00404, EPS: 0.11800000000000002
Epoch: 98, Train Loss: 0.00365, Valid Loss: 0.00405, EPS: 0.10900000000000001
Epoch: 99, Train Loss: 0.00363, Valid Loss: 0.00404, EPS: 0.1
Test Loss: 0.00404
Test Loss: 0.00403
Running context window: 5 with stride: 10 with seed: 0
Shape: (5, 144, 72)
Epoch: 0, Train Loss: 0.01189, Valid Loss: 0.00869, EPS: 0.991
Epoch: 1, Train Loss: 0.00792, Valid Loss: 0.00736, EPS: 0.982
Epoch: 2, Train Loss: 0.00654, Valid Loss: 0.00651, EPS: 0.973
Epoch: 3, Train Loss: 0.00556, Valid Loss: 0.00606, EPS: 0.964
Epoch: 4, Train Loss: 0.00490, Valid Loss: 0.00578, EPS: 0.955
Epoch: 5, Train Loss: 0.00446, Valid Loss: 0.00543, EPS: 0.946
Epoch: 6, Train Loss: 0.00402, Valid Loss: 0.00522, EPS: 0.9369999999999999
Epoch: 7, Train Loss: 0.00373, Valid Loss: 0.00506, EPS: 0.928
Epoch: 8, Train Loss: 0.00351, Valid Loss: 0.00496, EPS: 0.919
Epoch: 9, Train Loss: 0.00341, Valid Loss: 0.00485, EPS: 0.91
Epoch: 10, Train Loss: 0.00331, Valid Loss: 0.00476, EPS: 0.901
Epoch: 11, Train Loss: 0.00323, Valid Loss: 0.00479, EPS: 0.892
Epoch: 12, Train Loss: 0.00317, Valid Loss: 0.00477, EPS: 0.883
Epoch: 13, Train Loss: 0.00307, Valid Loss: 0.00478, EPS: 0.874
Epoch: 14, Train Loss: 0.00302, Valid Loss: 0.00469, EPS: 0.865
Epoch: 15, Train Loss: 0.00305, Valid Loss: 0.00474, EPS: 0.856
Epoch: 16, Train Loss: 0.00305, Valid Loss: 0.00474, EPS: 0.847
Epoch: 17, Train Loss: 0.00300, Valid Loss: 0.00476, EPS: 0.8380000000000001
Epoch: 18, Train Loss: 0.00298, Valid Loss: 0.00469, EPS: 0.8290000000000001
Epoch: 19, Train Loss: 0.00296, Valid Loss: 0.00476, EPS: 0.8200000000000001
Epoch: 20, Train Loss: 0.00298, Valid Loss: 0.00480, EPS: 0.811
Epoch: 21, Train Loss: 0.00298, Valid Loss: 0.00471, EPS: 0.802
Epoch: 22, Train Loss: 0.00293, Valid Loss: 0.00468, EPS: 0.793
Epoch: 23, Train Loss: 0.00290, Valid Loss: 0.00468, EPS: 0.784
Epoch: 24, Train Loss: 0.00294, Valid Loss: 0.00463, EPS: 0.775
Epoch: 25, Train Loss: 0.00293, Valid Loss: 0.00474, EPS: 0.766
Epoch: 26, Train Loss: 0.00290, Valid Loss: 0.00465, EPS: 0.757
Epoch: 27, Train Loss: 0.00289, Valid Loss: 0.00472, EPS: 0.748
Epoch: 28, Train Loss: 0.00287, Valid Loss: 0.00463, EPS: 0.739
Epoch: 29, Train Loss: 0.00287, Valid Loss: 0.00465, EPS: 0.73
Epoch: 30, Train Loss: 0.00282, Valid Loss: 0.00461, EPS: 0.721
Epoch: 31, Train Loss: 0.00279, Valid Loss: 0.00463, EPS: 0.712
Epoch: 32, Train Loss: 0.00282, Valid Loss: 0.00457, EPS: 0.703
Epoch: 33, Train Loss: 0.00279, Valid Loss: 0.00456, EPS: 0.694
Epoch: 34, Train Loss: 0.00280, Valid Loss: 0.00465, EPS: 0.685
Epoch: 35, Train Loss: 0.00277, Valid Loss: 0.00468, EPS: 0.676
Epoch: 36, Train Loss: 0.00282, Valid Loss: 0.00458, EPS: 0.667
Epoch: 37, Train Loss: 0.00274, Valid Loss: 0.00460, EPS: 0.658
Epoch: 38, Train Loss: 0.00279, Valid Loss: 0.00460, EPS: 0.649
Epoch: 39, Train Loss: 0.00278, Valid Loss: 0.00462, EPS: 0.64
Epoch: 40, Train Loss: 0.00280, Valid Loss: 0.00466, EPS: 0.6310000000000001
Epoch: 41, Train Loss: 0.00284, Valid Loss: 0.00465, EPS: 0.6220000000000001
Epoch: 42, Train Loss: 0.00280, Valid Loss: 0.00465, EPS: 0.6130000000000001
Epoch: 43, Train Loss: 0.00278, Valid Loss: 0.00461, EPS: 0.6040000000000001
Epoch: 44, Train Loss: 0.00280, Valid Loss: 0.00461, EPS: 0.5950000000000001
Epoch: 45, Train Loss: 0.00250, Valid Loss: 0.00445, EPS: 0.5860000000000001
Epoch: 46, Train Loss: 0.00226, Valid Loss: 0.00434, EPS: 0.5770000000000001
Epoch: 47, Train Loss: 0.00213, Valid Loss: 0.00430, EPS: 0.5680000000000001
Epoch: 48, Train Loss: 0.00203, Valid Loss: 0.00421, EPS: 0.559
Epoch: 49, Train Loss: 0.00196, Valid Loss: 0.00416, EPS: 0.55
Epoch: 50, Train Loss: 0.00187, Valid Loss: 0.00418, EPS: 0.541
Epoch: 51, Train Loss: 0.00186, Valid Loss: 0.00413, EPS: 0.532
Epoch: 52, Train Loss: 0.00183, Valid Loss: 0.00413, EPS: 0.523
Epoch: 53, Train Loss: 0.00181, Valid Loss: 0.00415, EPS: 0.514
Epoch: 54, Train Loss: 0.00180, Valid Loss: 0.00417, EPS: 0.505
Epoch: 55, Train Loss: 0.00176, Valid Loss: 0.00413, EPS: 0.496
Epoch: 56, Train Loss: 0.00178, Valid Loss: 0.00413, EPS: 0.4870000000000001
Epoch: 57, Train Loss: 0.00175, Valid Loss: 0.00414, EPS: 0.4780000000000001
Epoch: 58, Train Loss: 0.00175, Valid Loss: 0.00415, EPS: 0.4690000000000001
Epoch: 59, Train Loss: 0.00174, Valid Loss: 0.00414, EPS: 0.4600000000000001
Epoch: 60, Train Loss: 0.00172, Valid Loss: 0.00413, EPS: 0.45100000000000007
Epoch: 61, Train Loss: 0.00171, Valid Loss: 0.00413, EPS: 0.44200000000000006
Epoch: 62, Train Loss: 0.00170, Valid Loss: 0.00414, EPS: 0.43300000000000005
Epoch: 63, Train Loss: 0.00170, Valid Loss: 0.00413, EPS: 0.42400000000000004
Epoch: 64, Train Loss: 0.00169, Valid Loss: 0.00413, EPS: 0.41500000000000004
Epoch: 65, Train Loss: 0.00166, Valid Loss: 0.00422, EPS: 0.406
Epoch: 66, Train Loss: 0.00166, Valid Loss: 0.00419, EPS: 0.397
Epoch: 67, Train Loss: 0.00165, Valid Loss: 0.00417, EPS: 0.388
Epoch: 68, Train Loss: 0.00165, Valid Loss: 0.00420, EPS: 0.3790000000000001
Epoch: 69, Train Loss: 0.00163, Valid Loss: 0.00423, EPS: 0.3700000000000001
Epoch: 70, Train Loss: 0.00162, Valid Loss: 0.00419, EPS: 0.3610000000000001
Epoch: 71, Train Loss: 0.00161, Valid Loss: 0.00418, EPS: 0.3520000000000001
Epoch: 72, Train Loss: 0.00159, Valid Loss: 0.00421, EPS: 0.343
Epoch: 73, Train Loss: 0.00156, Valid Loss: 0.00420, EPS: 0.334
Epoch: 74, Train Loss: 0.00155, Valid Loss: 0.00420, EPS: 0.325
Epoch: 75, Train Loss: 0.00154, Valid Loss: 0.00422, EPS: 0.316
Epoch: 76, Train Loss: 0.00152, Valid Loss: 0.00421, EPS: 0.307
Epoch: 77, Train Loss: 0.00152, Valid Loss: 0.00420, EPS: 0.298
Epoch: 78, Train Loss: 0.00152, Valid Loss: 0.00417, EPS: 0.289
Epoch: 79, Train Loss: 0.00150, Valid Loss: 0.00425, EPS: 0.27999999999999997
Epoch: 80, Train Loss: 0.00150, Valid Loss: 0.00419, EPS: 0.27099999999999996
Epoch: 81, Train Loss: 0.00150, Valid Loss: 0.00421, EPS: 0.26200000000000007
Epoch: 82, Train Loss: 0.00150, Valid Loss: 0.00418, EPS: 0.25300000000000006
Epoch: 83, Train Loss: 0.00148, Valid Loss: 0.00421, EPS: 0.24400000000000005
Epoch: 84, Train Loss: 0.00148, Valid Loss: 0.00421, EPS: 0.23500000000000004
Epoch: 85, Train Loss: 0.00149, Valid Loss: 0.00424, EPS: 0.22600000000000003
Epoch: 86, Train Loss: 0.00149, Valid Loss: 0.00420, EPS: 0.21700000000000003
Epoch: 87, Train Loss: 0.00149, Valid Loss: 0.00423, EPS: 0.20800000000000002
Epoch: 88, Train Loss: 0.00149, Valid Loss: 0.00421, EPS: 0.199
Epoch: 89, Train Loss: 0.00150, Valid Loss: 0.00424, EPS: 0.19
Epoch: 90, Train Loss: 0.00149, Valid Loss: 0.00419, EPS: 0.181
Epoch: 91, Train Loss: 0.00149, Valid Loss: 0.00422, EPS: 0.172
Epoch: 92, Train Loss: 0.00149, Valid Loss: 0.00421, EPS: 0.16299999999999998
Epoch: 93, Train Loss: 0.00148, Valid Loss: 0.00420, EPS: 0.15400000000000005
Epoch: 94, Train Loss: 0.00149, Valid Loss: 0.00423, EPS: 0.14500000000000005
Epoch: 95, Train Loss: 0.00148, Valid Loss: 0.00420, EPS: 0.13600000000000004
Epoch: 96, Train Loss: 0.00148, Valid Loss: 0.00420, EPS: 0.12700000000000003
Epoch: 97, Train Loss: 0.00149, Valid Loss: 0.00421, EPS: 0.11800000000000002
Epoch: 98, Train Loss: 0.00148, Valid Loss: 0.00421, EPS: 0.10900000000000001
Epoch: 99, Train Loss: 0.00148, Valid Loss: 0.00421, EPS: 0.1
Test Loss: 0.00419
Test Loss: 0.00418
Running context window: 5 with stride: 5 with seed: 42
Shape: (5, 144, 72)
Epoch: 0, Train Loss: 0.01104, Valid Loss: 0.00779, EPS: 0.991
Epoch: 1, Train Loss: 0.00738, Valid Loss: 0.00644, EPS: 0.982
Epoch: 2, Train Loss: 0.00619, Valid Loss: 0.00580, EPS: 0.973
Epoch: 3, Train Loss: 0.00559, Valid Loss: 0.00525, EPS: 0.964
Epoch: 4, Train Loss: 0.00522, Valid Loss: 0.00511, EPS: 0.955
Epoch: 5, Train Loss: 0.00504, Valid Loss: 0.00495, EPS: 0.946
Epoch: 6, Train Loss: 0.00495, Valid Loss: 0.00491, EPS: 0.9369999999999999
Epoch: 7, Train Loss: 0.00494, Valid Loss: 0.00489, EPS: 0.928
Epoch: 8, Train Loss: 0.00499, Valid Loss: 0.00488, EPS: 0.919
Epoch: 9, Train Loss: 0.00503, Valid Loss: 0.00488, EPS: 0.91
Epoch: 10, Train Loss: 0.00500, Valid Loss: 0.00491, EPS: 0.901
Epoch: 11, Train Loss: 0.00494, Valid Loss: 0.00488, EPS: 0.892
Epoch: 12, Train Loss: 0.00496, Valid Loss: 0.00491, EPS: 0.883
Epoch: 13, Train Loss: 0.00496, Valid Loss: 0.00485, EPS: 0.874
Epoch: 14, Train Loss: 0.00497, Valid Loss: 0.00493, EPS: 0.865
Epoch: 15, Train Loss: 0.00497, Valid Loss: 0.00488, EPS: 0.856
Epoch: 16, Train Loss: 0.00497, Valid Loss: 0.00488, EPS: 0.847
Epoch: 17, Train Loss: 0.00499, Valid Loss: 0.00492, EPS: 0.8380000000000001
Epoch: 18, Train Loss: 0.00495, Valid Loss: 0.00481, EPS: 0.8290000000000001
Epoch: 19, Train Loss: 0.00493, Valid Loss: 0.00485, EPS: 0.8200000000000001
Epoch: 20, Train Loss: 0.00493, Valid Loss: 0.00479, EPS: 0.811
Epoch: 21, Train Loss: 0.00492, Valid Loss: 0.00484, EPS: 0.802
Epoch: 22, Train Loss: 0.00497, Valid Loss: 0.00481, EPS: 0.793
Epoch: 23, Train Loss: 0.00492, Valid Loss: 0.00485, EPS: 0.784
Epoch: 24, Train Loss: 0.00492, Valid Loss: 0.00485, EPS: 0.775
Epoch: 25, Train Loss: 0.00493, Valid Loss: 0.00492, EPS: 0.766
Epoch: 26, Train Loss: 0.00496, Valid Loss: 0.00481, EPS: 0.757
Epoch: 27, Train Loss: 0.00494, Valid Loss: 0.00480, EPS: 0.748
Epoch: 28, Train Loss: 0.00489, Valid Loss: 0.00481, EPS: 0.739
Epoch: 29, Train Loss: 0.00493, Valid Loss: 0.00487, EPS: 0.73
Epoch: 30, Train Loss: 0.00502, Valid Loss: 0.00486, EPS: 0.721
Epoch: 31, Train Loss: 0.00498, Valid Loss: 0.00485, EPS: 0.712
Epoch: 32, Train Loss: 0.00464, Valid Loss: 0.00459, EPS: 0.703
Epoch: 33, Train Loss: 0.00434, Valid Loss: 0.00439, EPS: 0.694
Epoch: 34, Train Loss: 0.00415, Valid Loss: 0.00431, EPS: 0.685
Epoch: 35, Train Loss: 0.00404, Valid Loss: 0.00425, EPS: 0.676
Epoch: 36, Train Loss: 0.00401, Valid Loss: 0.00420, EPS: 0.667
Epoch: 37, Train Loss: 0.00394, Valid Loss: 0.00418, EPS: 0.658
Epoch: 38, Train Loss: 0.00392, Valid Loss: 0.00418, EPS: 0.649
Epoch: 39, Train Loss: 0.00393, Valid Loss: 0.00416, EPS: 0.64
Epoch: 40, Train Loss: 0.00389, Valid Loss: 0.00415, EPS: 0.6310000000000001
Epoch: 41, Train Loss: 0.00390, Valid Loss: 0.00415, EPS: 0.6220000000000001
Epoch: 42, Train Loss: 0.00386, Valid Loss: 0.00415, EPS: 0.6130000000000001
Epoch: 43, Train Loss: 0.00388, Valid Loss: 0.00412, EPS: 0.6040000000000001
Epoch: 44, Train Loss: 0.00389, Valid Loss: 0.00413, EPS: 0.5950000000000001
Epoch: 45, Train Loss: 0.00383, Valid Loss: 0.00414, EPS: 0.5860000000000001
Epoch: 46, Train Loss: 0.00387, Valid Loss: 0.00415, EPS: 0.5770000000000001
Epoch: 47, Train Loss: 0.00386, Valid Loss: 0.00411, EPS: 0.5680000000000001
Epoch: 48, Train Loss: 0.00385, Valid Loss: 0.00412, EPS: 0.559
Epoch: 49, Train Loss: 0.00384, Valid Loss: 0.00413, EPS: 0.55
Epoch: 50, Train Loss: 0.00388, Valid Loss: 0.00414, EPS: 0.541
Epoch: 51, Train Loss: 0.00386, Valid Loss: 0.00413, EPS: 0.532
Epoch: 52, Train Loss: 0.00382, Valid Loss: 0.00414, EPS: 0.523
Epoch: 53, Train Loss: 0.00385, Valid Loss: 0.00413, EPS: 0.514
Epoch: 54, Train Loss: 0.00381, Valid Loss: 0.00411, EPS: 0.505
Epoch: 55, Train Loss: 0.00382, Valid Loss: 0.00416, EPS: 0.496
Epoch: 56, Train Loss: 0.00382, Valid Loss: 0.00411, EPS: 0.4870000000000001
Epoch: 57, Train Loss: 0.00380, Valid Loss: 0.00412, EPS: 0.4780000000000001
Epoch: 58, Train Loss: 0.00382, Valid Loss: 0.00413, EPS: 0.4690000000000001
Epoch: 59, Train Loss: 0.00380, Valid Loss: 0.00412, EPS: 0.4600000000000001
Epoch: 60, Train Loss: 0.00377, Valid Loss: 0.00411, EPS: 0.45100000000000007
Epoch: 61, Train Loss: 0.00376, Valid Loss: 0.00409, EPS: 0.44200000000000006
Epoch: 62, Train Loss: 0.00377, Valid Loss: 0.00409, EPS: 0.43300000000000005
Epoch: 63, Train Loss: 0.00371, Valid Loss: 0.00409, EPS: 0.42400000000000004
Epoch: 64, Train Loss: 0.00374, Valid Loss: 0.00410, EPS: 0.41500000000000004
Epoch: 65, Train Loss: 0.00376, Valid Loss: 0.00408, EPS: 0.406
Epoch: 66, Train Loss: 0.00371, Valid Loss: 0.00407, EPS: 0.397
Epoch: 67, Train Loss: 0.00375, Valid Loss: 0.00406, EPS: 0.388
Epoch: 68, Train Loss: 0.00374, Valid Loss: 0.00407, EPS: 0.3790000000000001
Epoch: 69, Train Loss: 0.00371, Valid Loss: 0.00408, EPS: 0.3700000000000001
Epoch: 70, Train Loss: 0.00371, Valid Loss: 0.00406, EPS: 0.3610000000000001
Epoch: 71, Train Loss: 0.00371, Valid Loss: 0.00407, EPS: 0.3520000000000001
Epoch: 72, Train Loss: 0.00371, Valid Loss: 0.00407, EPS: 0.343
Epoch: 73, Train Loss: 0.00368, Valid Loss: 0.00407, EPS: 0.334
Epoch: 74, Train Loss: 0.00371, Valid Loss: 0.00409, EPS: 0.325
Epoch: 75, Train Loss: 0.00370, Valid Loss: 0.00407, EPS: 0.316
Epoch: 76, Train Loss: 0.00369, Valid Loss: 0.00407, EPS: 0.307
Epoch: 77, Train Loss: 0.00369, Valid Loss: 0.00406, EPS: 0.298
Epoch: 78, Train Loss: 0.00370, Valid Loss: 0.00404, EPS: 0.289
Epoch: 79, Train Loss: 0.00372, Valid Loss: 0.00407, EPS: 0.27999999999999997
Epoch: 80, Train Loss: 0.00373, Valid Loss: 0.00406, EPS: 0.27099999999999996
Epoch: 81, Train Loss: 0.00371, Valid Loss: 0.00406, EPS: 0.26200000000000007
Epoch: 82, Train Loss: 0.00371, Valid Loss: 0.00409, EPS: 0.25300000000000006
Epoch: 83, Train Loss: 0.00369, Valid Loss: 0.00407, EPS: 0.24400000000000005
Epoch: 84, Train Loss: 0.00370, Valid Loss: 0.00406, EPS: 0.23500000000000004
Epoch: 85, Train Loss: 0.00370, Valid Loss: 0.00407, EPS: 0.22600000000000003
Epoch: 86, Train Loss: 0.00370, Valid Loss: 0.00406, EPS: 0.21700000000000003
Epoch: 87, Train Loss: 0.00372, Valid Loss: 0.00406, EPS: 0.20800000000000002
Epoch: 88, Train Loss: 0.00370, Valid Loss: 0.00407, EPS: 0.199
Epoch: 89, Train Loss: 0.00368, Valid Loss: 0.00407, EPS: 0.19
Epoch: 90, Train Loss: 0.00373, Valid Loss: 0.00403, EPS: 0.181
Epoch: 91, Train Loss: 0.00369, Valid Loss: 0.00406, EPS: 0.172
Epoch: 92, Train Loss: 0.00368, Valid Loss: 0.00407, EPS: 0.16299999999999998
Epoch: 93, Train Loss: 0.00372, Valid Loss: 0.00405, EPS: 0.15400000000000005
Epoch: 94, Train Loss: 0.00371, Valid Loss: 0.00408, EPS: 0.14500000000000005
Epoch: 95, Train Loss: 0.00369, Valid Loss: 0.00405, EPS: 0.13600000000000004
Epoch: 96, Train Loss: 0.00370, Valid Loss: 0.00408, EPS: 0.12700000000000003
Epoch: 97, Train Loss: 0.00367, Valid Loss: 0.00406, EPS: 0.11800000000000002
Epoch: 98, Train Loss: 0.00368, Valid Loss: 0.00405, EPS: 0.10900000000000001
Epoch: 99, Train Loss: 0.00368, Valid Loss: 0.00406, EPS: 0.1
Test Loss: 0.00407
Test Loss: 0.00405
Running context window: 5 with stride: 10 with seed: 42
Shape: (5, 144, 72)
Epoch: 0, Train Loss: 0.01233, Valid Loss: 0.00900, EPS: 0.991
Epoch: 1, Train Loss: 0.00811, Valid Loss: 0.00742, EPS: 0.982
Epoch: 2, Train Loss: 0.00662, Valid Loss: 0.00671, EPS: 0.973
Epoch: 3, Train Loss: 0.00558, Valid Loss: 0.00610, EPS: 0.964
Epoch: 4, Train Loss: 0.00493, Valid Loss: 0.00573, EPS: 0.955
Epoch: 5, Train Loss: 0.00444, Valid Loss: 0.00547, EPS: 0.946
Epoch: 6, Train Loss: 0.00408, Valid Loss: 0.00518, EPS: 0.9369999999999999
Epoch: 7, Train Loss: 0.00378, Valid Loss: 0.00503, EPS: 0.928
Epoch: 8, Train Loss: 0.00354, Valid Loss: 0.00490, EPS: 0.919
Epoch: 9, Train Loss: 0.00341, Valid Loss: 0.00490, EPS: 0.91
Epoch: 10, Train Loss: 0.00327, Valid Loss: 0.00481, EPS: 0.901
Epoch: 11, Train Loss: 0.00314, Valid Loss: 0.00475, EPS: 0.892
Epoch: 12, Train Loss: 0.00309, Valid Loss: 0.00474, EPS: 0.883
Epoch: 13, Train Loss: 0.00302, Valid Loss: 0.00466, EPS: 0.874
Epoch: 14, Train Loss: 0.00296, Valid Loss: 0.00466, EPS: 0.865
Epoch: 15, Train Loss: 0.00298, Valid Loss: 0.00468, EPS: 0.856
Epoch: 16, Train Loss: 0.00298, Valid Loss: 0.00479, EPS: 0.847
Epoch: 17, Train Loss: 0.00299, Valid Loss: 0.00474, EPS: 0.8380000000000001
Epoch: 18, Train Loss: 0.00299, Valid Loss: 0.00477, EPS: 0.8290000000000001
Epoch: 19, Train Loss: 0.00301, Valid Loss: 0.00476, EPS: 0.8200000000000001
Epoch: 20, Train Loss: 0.00298, Valid Loss: 0.00467, EPS: 0.811
Epoch: 21, Train Loss: 0.00296, Valid Loss: 0.00477, EPS: 0.802
Epoch: 22, Train Loss: 0.00294, Valid Loss: 0.00472, EPS: 0.793
Epoch: 23, Train Loss: 0.00291, Valid Loss: 0.00463, EPS: 0.784
Epoch: 24, Train Loss: 0.00287, Valid Loss: 0.00469, EPS: 0.775
Epoch: 25, Train Loss: 0.00285, Valid Loss: 0.00463, EPS: 0.766
Epoch: 26, Train Loss: 0.00286, Valid Loss: 0.00465, EPS: 0.757
Epoch: 27, Train Loss: 0.00282, Valid Loss: 0.00469, EPS: 0.748
Epoch: 28, Train Loss: 0.00283, Valid Loss: 0.00475, EPS: 0.739
Epoch: 29, Train Loss: 0.00283, Valid Loss: 0.00461, EPS: 0.73
Epoch: 30, Train Loss: 0.00280, Valid Loss: 0.00472, EPS: 0.721
Epoch: 31, Train Loss: 0.00282, Valid Loss: 0.00464, EPS: 0.712
Epoch: 32, Train Loss: 0.00284, Valid Loss: 0.00472, EPS: 0.703
Epoch: 33, Train Loss: 0.00287, Valid Loss: 0.00469, EPS: 0.694
Epoch: 34, Train Loss: 0.00284, Valid Loss: 0.00467, EPS: 0.685
Epoch: 35, Train Loss: 0.00285, Valid Loss: 0.00469, EPS: 0.676
Epoch: 36, Train Loss: 0.00280, Valid Loss: 0.00469, EPS: 0.667
Epoch: 37, Train Loss: 0.00279, Valid Loss: 0.00469, EPS: 0.658
Epoch: 38, Train Loss: 0.00280, Valid Loss: 0.00461, EPS: 0.649
Epoch: 39, Train Loss: 0.00281, Valid Loss: 0.00465, EPS: 0.64
Epoch: 40, Train Loss: 0.00275, Valid Loss: 0.00456, EPS: 0.6310000000000001
Epoch: 41, Train Loss: 0.00273, Valid Loss: 0.00465, EPS: 0.6220000000000001
Epoch: 42, Train Loss: 0.00277, Valid Loss: 0.00467, EPS: 0.6130000000000001
Epoch: 43, Train Loss: 0.00274, Valid Loss: 0.00470, EPS: 0.6040000000000001
Epoch: 44, Train Loss: 0.00272, Valid Loss: 0.00465, EPS: 0.5950000000000001
Epoch: 45, Train Loss: 0.00269, Valid Loss: 0.00462, EPS: 0.5860000000000001
Epoch: 46, Train Loss: 0.00265, Valid Loss: 0.00465, EPS: 0.5770000000000001
Epoch: 47, Train Loss: 0.00267, Valid Loss: 0.00469, EPS: 0.5680000000000001
Epoch: 48, Train Loss: 0.00269, Valid Loss: 0.00459, EPS: 0.559
Epoch: 49, Train Loss: 0.00269, Valid Loss: 0.00470, EPS: 0.55
Epoch: 50, Train Loss: 0.00270, Valid Loss: 0.00467, EPS: 0.541
Epoch: 51, Train Loss: 0.00271, Valid Loss: 0.00461, EPS: 0.532
Epoch: 52, Train Loss: 0.00243, Valid Loss: 0.00444, EPS: 0.523
Epoch: 53, Train Loss: 0.00222, Valid Loss: 0.00437, EPS: 0.514
Epoch: 54, Train Loss: 0.00209, Valid Loss: 0.00430, EPS: 0.505
Epoch: 55, Train Loss: 0.00197, Valid Loss: 0.00427, EPS: 0.496
Epoch: 56, Train Loss: 0.00191, Valid Loss: 0.00425, EPS: 0.4870000000000001
Epoch: 57, Train Loss: 0.00185, Valid Loss: 0.00421, EPS: 0.4780000000000001
Epoch: 58, Train Loss: 0.00182, Valid Loss: 0.00422, EPS: 0.4690000000000001
Epoch: 59, Train Loss: 0.00180, Valid Loss: 0.00421, EPS: 0.4600000000000001
Epoch: 60, Train Loss: 0.00178, Valid Loss: 0.00421, EPS: 0.45100000000000007
Epoch: 61, Train Loss: 0.00176, Valid Loss: 0.00420, EPS: 0.44200000000000006
Epoch: 62, Train Loss: 0.00174, Valid Loss: 0.00420, EPS: 0.43300000000000005
Epoch: 63, Train Loss: 0.00175, Valid Loss: 0.00418, EPS: 0.42400000000000004
Epoch: 64, Train Loss: 0.00173, Valid Loss: 0.00423, EPS: 0.41500000000000004
Epoch: 65, Train Loss: 0.00170, Valid Loss: 0.00421, EPS: 0.406
Epoch: 66, Train Loss: 0.00169, Valid Loss: 0.00420, EPS: 0.397
Epoch: 67, Train Loss: 0.00169, Valid Loss: 0.00421, EPS: 0.388
Epoch: 68, Train Loss: 0.00168, Valid Loss: 0.00422, EPS: 0.3790000000000001
Epoch: 69, Train Loss: 0.00165, Valid Loss: 0.00425, EPS: 0.3700000000000001
Epoch: 70, Train Loss: 0.00165, Valid Loss: 0.00421, EPS: 0.3610000000000001
Epoch: 71, Train Loss: 0.00164, Valid Loss: 0.00421, EPS: 0.3520000000000001
Epoch: 72, Train Loss: 0.00165, Valid Loss: 0.00422, EPS: 0.343
Epoch: 73, Train Loss: 0.00164, Valid Loss: 0.00426, EPS: 0.334
Epoch: 74, Train Loss: 0.00163, Valid Loss: 0.00424, EPS: 0.325
Epoch: 75, Train Loss: 0.00160, Valid Loss: 0.00429, EPS: 0.316
Epoch: 76, Train Loss: 0.00159, Valid Loss: 0.00428, EPS: 0.307
Epoch: 77, Train Loss: 0.00159, Valid Loss: 0.00421, EPS: 0.298
Epoch: 78, Train Loss: 0.00157, Valid Loss: 0.00427, EPS: 0.289
Epoch: 79, Train Loss: 0.00158, Valid Loss: 0.00423, EPS: 0.27999999999999997
Epoch: 80, Train Loss: 0.00156, Valid Loss: 0.00424, EPS: 0.27099999999999996
Epoch: 81, Train Loss: 0.00155, Valid Loss: 0.00425, EPS: 0.26200000000000007
Epoch: 82, Train Loss: 0.00156, Valid Loss: 0.00426, EPS: 0.25300000000000006
Epoch: 83, Train Loss: 0.00156, Valid Loss: 0.00425, EPS: 0.24400000000000005
Epoch: 84, Train Loss: 0.00156, Valid Loss: 0.00426, EPS: 0.23500000000000004
Epoch: 85, Train Loss: 0.00155, Valid Loss: 0.00426, EPS: 0.22600000000000003
Epoch: 86, Train Loss: 0.00155, Valid Loss: 0.00425, EPS: 0.21700000000000003
Epoch: 87, Train Loss: 0.00155, Valid Loss: 0.00425, EPS: 0.20800000000000002
Epoch: 88, Train Loss: 0.00155, Valid Loss: 0.00426, EPS: 0.199
Epoch: 89, Train Loss: 0.00155, Valid Loss: 0.00423, EPS: 0.19
Epoch: 90, Train Loss: 0.00155, Valid Loss: 0.00425, EPS: 0.181
Epoch: 91, Train Loss: 0.00156, Valid Loss: 0.00427, EPS: 0.172
Epoch: 92, Train Loss: 0.00154, Valid Loss: 0.00428, EPS: 0.16299999999999998
Epoch: 93, Train Loss: 0.00155, Valid Loss: 0.00427, EPS: 0.15400000000000005
Epoch: 94, Train Loss: 0.00155, Valid Loss: 0.00428, EPS: 0.14500000000000005
Epoch: 95, Train Loss: 0.00155, Valid Loss: 0.00421, EPS: 0.13600000000000004
Epoch: 96, Train Loss: 0.00154, Valid Loss: 0.00427, EPS: 0.12700000000000003
Epoch: 97, Train Loss: 0.00155, Valid Loss: 0.00425, EPS: 0.11800000000000002
Epoch: 98, Train Loss: 0.00154, Valid Loss: 0.00424, EPS: 0.10900000000000001
Epoch: 99, Train Loss: 0.00154, Valid Loss: 0.00427, EPS: 0.1
Test Loss: 0.00425
Test Loss: 0.00422
Running context window: 5 with stride: 5 with seed: 123
Shape: (5, 144, 72)
Epoch: 0, Train Loss: 0.01096, Valid Loss: 0.00772, EPS: 0.991
Epoch: 1, Train Loss: 0.00737, Valid Loss: 0.00638, EPS: 0.982
Epoch: 2, Train Loss: 0.00617, Valid Loss: 0.00568, EPS: 0.973
Epoch: 3, Train Loss: 0.00557, Valid Loss: 0.00526, EPS: 0.964
Epoch: 4, Train Loss: 0.00517, Valid Loss: 0.00509, EPS: 0.955
Epoch: 5, Train Loss: 0.00504, Valid Loss: 0.00501, EPS: 0.946
Epoch: 6, Train Loss: 0.00501, Valid Loss: 0.00488, EPS: 0.9369999999999999
Epoch: 7, Train Loss: 0.00498, Valid Loss: 0.00487, EPS: 0.928
Epoch: 8, Train Loss: 0.00495, Valid Loss: 0.00488, EPS: 0.919
Epoch: 9, Train Loss: 0.00498, Valid Loss: 0.00487, EPS: 0.91
Epoch: 10, Train Loss: 0.00501, Valid Loss: 0.00490, EPS: 0.901
Epoch: 11, Train Loss: 0.00504, Valid Loss: 0.00488, EPS: 0.892
Epoch: 12, Train Loss: 0.00495, Valid Loss: 0.00488, EPS: 0.883
Epoch: 13, Train Loss: 0.00502, Valid Loss: 0.00486, EPS: 0.874
Epoch: 14, Train Loss: 0.00505, Valid Loss: 0.00491, EPS: 0.865
Epoch: 15, Train Loss: 0.00501, Valid Loss: 0.00485, EPS: 0.856
Epoch: 16, Train Loss: 0.00495, Valid Loss: 0.00483, EPS: 0.847
Epoch: 17, Train Loss: 0.00498, Valid Loss: 0.00487, EPS: 0.8380000000000001
Epoch: 18, Train Loss: 0.00499, Valid Loss: 0.00489, EPS: 0.8290000000000001
Epoch: 19, Train Loss: 0.00497, Valid Loss: 0.00491, EPS: 0.8200000000000001
Epoch: 20, Train Loss: 0.00500, Valid Loss: 0.00481, EPS: 0.811
Epoch: 21, Train Loss: 0.00495, Valid Loss: 0.00487, EPS: 0.802
Epoch: 22, Train Loss: 0.00498, Valid Loss: 0.00487, EPS: 0.793
Epoch: 23, Train Loss: 0.00499, Valid Loss: 0.00488, EPS: 0.784
Epoch: 24, Train Loss: 0.00497, Valid Loss: 0.00487, EPS: 0.775
Epoch: 25, Train Loss: 0.00497, Valid Loss: 0.00488, EPS: 0.766
Epoch: 26, Train Loss: 0.00496, Valid Loss: 0.00482, EPS: 0.757
Epoch: 27, Train Loss: 0.00499, Valid Loss: 0.00492, EPS: 0.748
Epoch: 28, Train Loss: 0.00503, Valid Loss: 0.00484, EPS: 0.739
Epoch: 29, Train Loss: 0.00500, Valid Loss: 0.00482, EPS: 0.73
Epoch: 30, Train Loss: 0.00491, Valid Loss: 0.00479, EPS: 0.721
Epoch: 31, Train Loss: 0.00494, Valid Loss: 0.00481, EPS: 0.712
Epoch: 32, Train Loss: 0.00494, Valid Loss: 0.00485, EPS: 0.703
Epoch: 33, Train Loss: 0.00496, Valid Loss: 0.00482, EPS: 0.694
Epoch: 34, Train Loss: 0.00495, Valid Loss: 0.00487, EPS: 0.685
Epoch: 35, Train Loss: 0.00494, Valid Loss: 0.00488, EPS: 0.676
Epoch: 36, Train Loss: 0.00494, Valid Loss: 0.00480, EPS: 0.667
Epoch: 37, Train Loss: 0.00496, Valid Loss: 0.00480, EPS: 0.658
Epoch: 38, Train Loss: 0.00497, Valid Loss: 0.00487, EPS: 0.649
Epoch: 39, Train Loss: 0.00494, Valid Loss: 0.00485, EPS: 0.64
Epoch: 40, Train Loss: 0.00495, Valid Loss: 0.00485, EPS: 0.6310000000000001
Epoch: 41, Train Loss: 0.00493, Valid Loss: 0.00476, EPS: 0.6220000000000001
Epoch: 42, Train Loss: 0.00497, Valid Loss: 0.00495, EPS: 0.6130000000000001
Epoch: 43, Train Loss: 0.00493, Valid Loss: 0.00486, EPS: 0.6040000000000001
Epoch: 44, Train Loss: 0.00493, Valid Loss: 0.00481, EPS: 0.5950000000000001
Epoch: 45, Train Loss: 0.00497, Valid Loss: 0.00486, EPS: 0.5860000000000001
Epoch: 46, Train Loss: 0.00492, Valid Loss: 0.00479, EPS: 0.5770000000000001
Epoch: 47, Train Loss: 0.00496, Valid Loss: 0.00480, EPS: 0.5680000000000001
Epoch: 48, Train Loss: 0.00495, Valid Loss: 0.00484, EPS: 0.559
Epoch: 49, Train Loss: 0.00491, Valid Loss: 0.00483, EPS: 0.55
Epoch: 50, Train Loss: 0.00499, Valid Loss: 0.00484, EPS: 0.541
Epoch: 51, Train Loss: 0.00494, Valid Loss: 0.00489, EPS: 0.532
Epoch: 52, Train Loss: 0.00496, Valid Loss: 0.00485, EPS: 0.523
Epoch: 53, Train Loss: 0.00459, Valid Loss: 0.00456, EPS: 0.514
Epoch: 54, Train Loss: 0.00428, Valid Loss: 0.00442, EPS: 0.505
Epoch: 55, Train Loss: 0.00414, Valid Loss: 0.00431, EPS: 0.496
Epoch: 56, Train Loss: 0.00406, Valid Loss: 0.00425, EPS: 0.4870000000000001
Epoch: 57, Train Loss: 0.00399, Valid Loss: 0.00421, EPS: 0.4780000000000001
Epoch: 58, Train Loss: 0.00395, Valid Loss: 0.00418, EPS: 0.4690000000000001
Epoch: 59, Train Loss: 0.00393, Valid Loss: 0.00418, EPS: 0.4600000000000001
Epoch: 60, Train Loss: 0.00392, Valid Loss: 0.00418, EPS: 0.45100000000000007
Epoch: 61, Train Loss: 0.00391, Valid Loss: 0.00418, EPS: 0.44200000000000006
Epoch: 62, Train Loss: 0.00391, Valid Loss: 0.00417, EPS: 0.43300000000000005
Epoch: 63, Train Loss: 0.00386, Valid Loss: 0.00415, EPS: 0.42400000000000004
Epoch: 64, Train Loss: 0.00388, Valid Loss: 0.00414, EPS: 0.41500000000000004
Epoch: 65, Train Loss: 0.00387, Valid Loss: 0.00414, EPS: 0.406
Epoch: 66, Train Loss: 0.00387, Valid Loss: 0.00414, EPS: 0.397
Epoch: 67, Train Loss: 0.00386, Valid Loss: 0.00414, EPS: 0.388
Epoch: 68, Train Loss: 0.00386, Valid Loss: 0.00410, EPS: 0.3790000000000001
Epoch: 69, Train Loss: 0.00385, Valid Loss: 0.00413, EPS: 0.3700000000000001
Epoch: 70, Train Loss: 0.00386, Valid Loss: 0.00415, EPS: 0.3610000000000001
Epoch: 71, Train Loss: 0.00381, Valid Loss: 0.00412, EPS: 0.3520000000000001
Epoch: 72, Train Loss: 0.00384, Valid Loss: 0.00417, EPS: 0.343
Epoch: 73, Train Loss: 0.00382, Valid Loss: 0.00413, EPS: 0.334
Epoch: 74, Train Loss: 0.00383, Valid Loss: 0.00411, EPS: 0.325
Epoch: 75, Train Loss: 0.00383, Valid Loss: 0.00411, EPS: 0.316
Epoch: 76, Train Loss: 0.00382, Valid Loss: 0.00413, EPS: 0.307
Epoch: 77, Train Loss: 0.00384, Valid Loss: 0.00413, EPS: 0.298
Epoch: 78, Train Loss: 0.00383, Valid Loss: 0.00412, EPS: 0.289
Epoch: 79, Train Loss: 0.00382, Valid Loss: 0.00412, EPS: 0.27999999999999997
Epoch: 80, Train Loss: 0.00382, Valid Loss: 0.00413, EPS: 0.27099999999999996
Epoch: 81, Train Loss: 0.00376, Valid Loss: 0.00411, EPS: 0.26200000000000007
Epoch: 82, Train Loss: 0.00376, Valid Loss: 0.00411, EPS: 0.25300000000000006
Epoch: 83, Train Loss: 0.00375, Valid Loss: 0.00409, EPS: 0.24400000000000005
Epoch: 84, Train Loss: 0.00376, Valid Loss: 0.00408, EPS: 0.23500000000000004
Epoch: 85, Train Loss: 0.00374, Valid Loss: 0.00409, EPS: 0.22600000000000003
Epoch: 86, Train Loss: 0.00374, Valid Loss: 0.00410, EPS: 0.21700000000000003
Epoch: 87, Train Loss: 0.00375, Valid Loss: 0.00408, EPS: 0.20800000000000002
Epoch: 88, Train Loss: 0.00373, Valid Loss: 0.00408, EPS: 0.199
Epoch: 89, Train Loss: 0.00373, Valid Loss: 0.00407, EPS: 0.19
Epoch: 90, Train Loss: 0.00372, Valid Loss: 0.00408, EPS: 0.181
Epoch: 91, Train Loss: 0.00373, Valid Loss: 0.00407, EPS: 0.172
Epoch: 92, Train Loss: 0.00370, Valid Loss: 0.00406, EPS: 0.16299999999999998
Epoch: 93, Train Loss: 0.00369, Valid Loss: 0.00408, EPS: 0.15400000000000005
Epoch: 94, Train Loss: 0.00371, Valid Loss: 0.00407, EPS: 0.14500000000000005
Epoch: 95, Train Loss: 0.00371, Valid Loss: 0.00407, EPS: 0.13600000000000004
Epoch: 96, Train Loss: 0.00371, Valid Loss: 0.00406, EPS: 0.12700000000000003
Epoch: 97, Train Loss: 0.00372, Valid Loss: 0.00408, EPS: 0.11800000000000002
Epoch: 98, Train Loss: 0.00372, Valid Loss: 0.00407, EPS: 0.10900000000000001
Epoch: 99, Train Loss: 0.00371, Valid Loss: 0.00409, EPS: 0.1
Test Loss: 0.00405
Test Loss: 0.00406
Running context window: 5 with stride: 10 with seed: 123
Shape: (5, 144, 72)
Epoch: 0, Train Loss: 0.01196, Valid Loss: 0.00847, EPS: 0.991
Epoch: 1, Train Loss: 0.00785, Valid Loss: 0.00744, EPS: 0.982
Epoch: 2, Train Loss: 0.00647, Valid Loss: 0.00650, EPS: 0.973
Epoch: 3, Train Loss: 0.00549, Valid Loss: 0.00592, EPS: 0.964
Epoch: 4, Train Loss: 0.00479, Valid Loss: 0.00563, EPS: 0.955
Epoch: 5, Train Loss: 0.00431, Valid Loss: 0.00547, EPS: 0.946
Epoch: 6, Train Loss: 0.00405, Valid Loss: 0.00520, EPS: 0.9369999999999999
Epoch: 7, Train Loss: 0.00372, Valid Loss: 0.00508, EPS: 0.928
Epoch: 8, Train Loss: 0.00359, Valid Loss: 0.00488, EPS: 0.919
Epoch: 9, Train Loss: 0.00340, Valid Loss: 0.00495, EPS: 0.91
Epoch: 10, Train Loss: 0.00331, Valid Loss: 0.00482, EPS: 0.901
Epoch: 11, Train Loss: 0.00322, Valid Loss: 0.00471, EPS: 0.892
Epoch: 12, Train Loss: 0.00315, Valid Loss: 0.00471, EPS: 0.883
Epoch: 13, Train Loss: 0.00308, Valid Loss: 0.00473, EPS: 0.874
Epoch: 14, Train Loss: 0.00304, Valid Loss: 0.00470, EPS: 0.865
Epoch: 15, Train Loss: 0.00299, Valid Loss: 0.00476, EPS: 0.856
Epoch: 16, Train Loss: 0.00298, Valid Loss: 0.00467, EPS: 0.847
Epoch: 17, Train Loss: 0.00298, Valid Loss: 0.00461, EPS: 0.8380000000000001
Epoch: 18, Train Loss: 0.00300, Valid Loss: 0.00471, EPS: 0.8290000000000001
Epoch: 19, Train Loss: 0.00302, Valid Loss: 0.00475, EPS: 0.8200000000000001
Epoch: 20, Train Loss: 0.00299, Valid Loss: 0.00477, EPS: 0.811
Epoch: 21, Train Loss: 0.00297, Valid Loss: 0.00479, EPS: 0.802
Epoch: 22, Train Loss: 0.00297, Valid Loss: 0.00467, EPS: 0.793
Epoch: 23, Train Loss: 0.00294, Valid Loss: 0.00467, EPS: 0.784
Epoch: 24, Train Loss: 0.00294, Valid Loss: 0.00474, EPS: 0.775
Epoch: 25, Train Loss: 0.00295, Valid Loss: 0.00477, EPS: 0.766
Epoch: 26, Train Loss: 0.00293, Valid Loss: 0.00470, EPS: 0.757
Epoch: 27, Train Loss: 0.00284, Valid Loss: 0.00468, EPS: 0.748
Epoch: 28, Train Loss: 0.00284, Valid Loss: 0.00463, EPS: 0.739
Epoch: 29, Train Loss: 0.00258, Valid Loss: 0.00447, EPS: 0.73
Epoch: 30, Train Loss: 0.00233, Valid Loss: 0.00429, EPS: 0.721
Epoch: 31, Train Loss: 0.00220, Valid Loss: 0.00425, EPS: 0.712
Epoch: 32, Train Loss: 0.00208, Valid Loss: 0.00423, EPS: 0.703
Epoch: 33, Train Loss: 0.00203, Valid Loss: 0.00420, EPS: 0.694
Epoch: 34, Train Loss: 0.00198, Valid Loss: 0.00420, EPS: 0.685
Epoch: 35, Train Loss: 0.00193, Valid Loss: 0.00418, EPS: 0.676
Epoch: 36, Train Loss: 0.00193, Valid Loss: 0.00416, EPS: 0.667
Epoch: 37, Train Loss: 0.00188, Valid Loss: 0.00411, EPS: 0.658
Epoch: 38, Train Loss: 0.00187, Valid Loss: 0.00413, EPS: 0.649
Epoch: 39, Train Loss: 0.00188, Valid Loss: 0.00412, EPS: 0.64
Epoch: 40, Train Loss: 0.00184, Valid Loss: 0.00415, EPS: 0.6310000000000001
Epoch: 41, Train Loss: 0.00183, Valid Loss: 0.00416, EPS: 0.6220000000000001
Epoch: 42, Train Loss: 0.00181, Valid Loss: 0.00413, EPS: 0.6130000000000001
Epoch: 43, Train Loss: 0.00180, Valid Loss: 0.00418, EPS: 0.6040000000000001
Epoch: 44, Train Loss: 0.00179, Valid Loss: 0.00417, EPS: 0.5950000000000001
Epoch: 45, Train Loss: 0.00177, Valid Loss: 0.00415, EPS: 0.5860000000000001
Epoch: 46, Train Loss: 0.00178, Valid Loss: 0.00413, EPS: 0.5770000000000001
Epoch: 47, Train Loss: 0.00176, Valid Loss: 0.00417, EPS: 0.5680000000000001
Epoch: 48, Train Loss: 0.00175, Valid Loss: 0.00414, EPS: 0.559
Epoch: 49, Train Loss: 0.00171, Valid Loss: 0.00414, EPS: 0.55
Epoch: 50, Train Loss: 0.00172, Valid Loss: 0.00412, EPS: 0.541
Epoch: 51, Train Loss: 0.00170, Valid Loss: 0.00414, EPS: 0.532
Epoch: 52, Train Loss: 0.00170, Valid Loss: 0.00412, EPS: 0.523
Epoch: 53, Train Loss: 0.00169, Valid Loss: 0.00416, EPS: 0.514
Epoch: 54, Train Loss: 0.00170, Valid Loss: 0.00414, EPS: 0.505
Epoch: 55, Train Loss: 0.00169, Valid Loss: 0.00414, EPS: 0.496
Epoch: 56, Train Loss: 0.00170, Valid Loss: 0.00415, EPS: 0.4870000000000001
Epoch: 57, Train Loss: 0.00169, Valid Loss: 0.00418, EPS: 0.4780000000000001
Epoch: 58, Train Loss: 0.00169, Valid Loss: 0.00415, EPS: 0.4690000000000001
Epoch: 59, Train Loss: 0.00168, Valid Loss: 0.00415, EPS: 0.4600000000000001
Epoch: 60, Train Loss: 0.00167, Valid Loss: 0.00413, EPS: 0.45100000000000007
Epoch: 61, Train Loss: 0.00168, Valid Loss: 0.00416, EPS: 0.44200000000000006
Epoch: 62, Train Loss: 0.00168, Valid Loss: 0.00414, EPS: 0.43300000000000005
Epoch: 63, Train Loss: 0.00169, Valid Loss: 0.00416, EPS: 0.42400000000000004
Epoch: 64, Train Loss: 0.00168, Valid Loss: 0.00415, EPS: 0.41500000000000004
Epoch: 65, Train Loss: 0.00168, Valid Loss: 0.00412, EPS: 0.406
Epoch: 66, Train Loss: 0.00169, Valid Loss: 0.00416, EPS: 0.397
Epoch: 67, Train Loss: 0.00168, Valid Loss: 0.00416, EPS: 0.388
Epoch: 68, Train Loss: 0.00168, Valid Loss: 0.00416, EPS: 0.3790000000000001
Epoch: 69, Train Loss: 0.00169, Valid Loss: 0.00415, EPS: 0.3700000000000001
Epoch: 70, Train Loss: 0.00167, Valid Loss: 0.00420, EPS: 0.3610000000000001
Epoch: 71, Train Loss: 0.00168, Valid Loss: 0.00415, EPS: 0.3520000000000001
Epoch: 72, Train Loss: 0.00168, Valid Loss: 0.00413, EPS: 0.343
Epoch: 73, Train Loss: 0.00168, Valid Loss: 0.00412, EPS: 0.334
Epoch: 74, Train Loss: 0.00168, Valid Loss: 0.00416, EPS: 0.325
Epoch: 75, Train Loss: 0.00169, Valid Loss: 0.00418, EPS: 0.316
Epoch: 76, Train Loss: 0.00168, Valid Loss: 0.00414, EPS: 0.307
Epoch: 77, Train Loss: 0.00167, Valid Loss: 0.00414, EPS: 0.298
Epoch: 78, Train Loss: 0.00168, Valid Loss: 0.00411, EPS: 0.289
Epoch: 79, Train Loss: 0.00168, Valid Loss: 0.00413, EPS: 0.27999999999999997
Epoch: 80, Train Loss: 0.00168, Valid Loss: 0.00413, EPS: 0.27099999999999996
Epoch: 81, Train Loss: 0.00169, Valid Loss: 0.00416, EPS: 0.26200000000000007
Epoch: 82, Train Loss: 0.00167, Valid Loss: 0.00416, EPS: 0.25300000000000006
Epoch: 83, Train Loss: 0.00168, Valid Loss: 0.00415, EPS: 0.24400000000000005
Epoch: 84, Train Loss: 0.00167, Valid Loss: 0.00413, EPS: 0.23500000000000004
Epoch: 85, Train Loss: 0.00167, Valid Loss: 0.00417, EPS: 0.22600000000000003
Epoch: 86, Train Loss: 0.00168, Valid Loss: 0.00414, EPS: 0.21700000000000003
Epoch: 87, Train Loss: 0.00168, Valid Loss: 0.00415, EPS: 0.20800000000000002
Epoch: 88, Train Loss: 0.00167, Valid Loss: 0.00416, EPS: 0.199
Epoch: 89, Train Loss: 0.00169, Valid Loss: 0.00417, EPS: 0.19
Epoch: 90, Train Loss: 0.00167, Valid Loss: 0.00415, EPS: 0.181
Epoch: 91, Train Loss: 0.00169, Valid Loss: 0.00414, EPS: 0.172
Epoch: 92, Train Loss: 0.00168, Valid Loss: 0.00415, EPS: 0.16299999999999998
Epoch: 93, Train Loss: 0.00168, Valid Loss: 0.00415, EPS: 0.15400000000000005
Epoch: 94, Train Loss: 0.00168, Valid Loss: 0.00413, EPS: 0.14500000000000005
Epoch: 95, Train Loss: 0.00167, Valid Loss: 0.00416, EPS: 0.13600000000000004
Epoch: 96, Train Loss: 0.00167, Valid Loss: 0.00416, EPS: 0.12700000000000003
Epoch: 97, Train Loss: 0.00168, Valid Loss: 0.00413, EPS: 0.11800000000000002
Epoch: 98, Train Loss: 0.00168, Valid Loss: 0.00415, EPS: 0.10900000000000001
Epoch: 99, Train Loss: 0.00167, Valid Loss: 0.00415, EPS: 0.1
Test Loss: 0.00415
Test Loss: 0.00416
