nohup: ignoring input
Train: torch.Size([14031, 5, 64, 32]), Valid: torch.Size([4677, 5, 64, 32]), Test: torch.Size([4678, 5, 64, 32])
Input shape: (C=5, H=144, W=72)
Epoch: 0, Con Train Loss 1: 4.13, Con Train Loss 2: 4.13, Train Cycle Loss: 0.01, Train Loss: 8.27, Con Valid Loss 1: 4.03, Con Valid Loss 2: 4.04, Valid Cycle Loss: 0.01, Validation Loss: 8.07, Learning Rate: 0.0001
Epoch: 1, Con Train Loss 1: 3.33, Con Train Loss 2: 3.33, Train Cycle Loss: 0.01, Train Loss: 6.67, Con Valid Loss 1: 3.81, Con Valid Loss 2: 3.81, Valid Cycle Loss: 0.00, Validation Loss: 7.63, Learning Rate: 0.0001
Epoch: 2, Con Train Loss 1: 3.13, Con Train Loss 2: 3.14, Train Cycle Loss: 0.00, Train Loss: 6.27, Con Valid Loss 1: 3.70, Con Valid Loss 2: 3.70, Valid Cycle Loss: 0.00, Validation Loss: 7.40, Learning Rate: 0.0001
Epoch: 3, Con Train Loss 1: 3.03, Con Train Loss 2: 3.04, Train Cycle Loss: 0.00, Train Loss: 6.07, Con Valid Loss 1: 3.66, Con Valid Loss 2: 3.64, Valid Cycle Loss: 0.00, Validation Loss: 7.31, Learning Rate: 0.0001
Epoch: 4, Con Train Loss 1: 2.98, Con Train Loss 2: 2.98, Train Cycle Loss: 0.00, Train Loss: 5.96, Con Valid Loss 1: 3.61, Con Valid Loss 2: 3.62, Valid Cycle Loss: 0.00, Validation Loss: 7.23, Learning Rate: 0.0001
Epoch: 5, Con Train Loss 1: 2.94, Con Train Loss 2: 2.94, Train Cycle Loss: 0.00, Train Loss: 5.88, Con Valid Loss 1: 3.60, Con Valid Loss 2: 3.60, Valid Cycle Loss: 0.00, Validation Loss: 7.21, Learning Rate: 0.0001
Epoch: 6, Con Train Loss 1: 2.90, Con Train Loss 2: 2.90, Train Cycle Loss: 0.00, Train Loss: 5.81, Con Valid Loss 1: 3.60, Con Valid Loss 2: 3.60, Valid Cycle Loss: 0.00, Validation Loss: 7.20, Learning Rate: 0.0001
Epoch: 7, Con Train Loss 1: 2.87, Con Train Loss 2: 2.88, Train Cycle Loss: 0.00, Train Loss: 5.75, Con Valid Loss 1: 3.57, Con Valid Loss 2: 3.58, Valid Cycle Loss: 0.00, Validation Loss: 7.15, Learning Rate: 0.0001
Epoch: 8, Con Train Loss 1: 2.85, Con Train Loss 2: 2.85, Train Cycle Loss: 0.00, Train Loss: 5.70, Con Valid Loss 1: 3.60, Con Valid Loss 2: 3.60, Valid Cycle Loss: 0.00, Validation Loss: 7.20, Learning Rate: 0.0001
Epoch: 9, Con Train Loss 1: 2.82, Con Train Loss 2: 2.82, Train Cycle Loss: 0.00, Train Loss: 5.65, Con Valid Loss 1: 3.60, Con Valid Loss 2: 3.59, Valid Cycle Loss: 0.00, Validation Loss: 7.19, Learning Rate: 0.0001
Epoch: 10, Con Train Loss 1: 2.80, Con Train Loss 2: 2.80, Train Cycle Loss: 0.00, Train Loss: 5.61, Con Valid Loss 1: 3.61, Con Valid Loss 2: 3.60, Valid Cycle Loss: 0.00, Validation Loss: 7.21, Learning Rate: 0.0001
Epoch: 11, Con Train Loss 1: 2.78, Con Train Loss 2: 2.77, Train Cycle Loss: 0.00, Train Loss: 5.55, Con Valid Loss 1: 3.60, Con Valid Loss 2: 3.60, Valid Cycle Loss: 0.00, Validation Loss: 7.20, Learning Rate: 0.0001
Epoch: 12, Con Train Loss 1: 2.76, Con Train Loss 2: 2.75, Train Cycle Loss: 0.00, Train Loss: 5.51, Con Valid Loss 1: 3.62, Con Valid Loss 2: 3.62, Valid Cycle Loss: 0.00, Validation Loss: 7.24, Learning Rate: 0.0001
Epoch: 13, Con Train Loss 1: 2.74, Con Train Loss 2: 2.74, Train Cycle Loss: 0.00, Train Loss: 5.47, Con Valid Loss 1: 3.64, Con Valid Loss 2: 3.63, Valid Cycle Loss: 0.00, Validation Loss: 7.27, Learning Rate: 0.0001
Epoch: 14, Con Train Loss 1: 2.72, Con Train Loss 2: 2.72, Train Cycle Loss: 0.00, Train Loss: 5.44, Con Valid Loss 1: 3.65, Con Valid Loss 2: 3.64, Valid Cycle Loss: 0.00, Validation Loss: 7.30, Learning Rate: 0.0001
Epoch: 15, Con Train Loss 1: 2.70, Con Train Loss 2: 2.70, Train Cycle Loss: 0.00, Train Loss: 5.40, Con Valid Loss 1: 3.66, Con Valid Loss 2: 3.66, Valid Cycle Loss: 0.00, Validation Loss: 7.33, Learning Rate: 0.0001
Epoch: 16, Con Train Loss 1: 2.68, Con Train Loss 2: 2.68, Train Cycle Loss: 0.00, Train Loss: 5.37, Con Valid Loss 1: 3.67, Con Valid Loss 2: 3.66, Valid Cycle Loss: 0.00, Validation Loss: 7.33, Learning Rate: 0.0001
Epoch: 17, Con Train Loss 1: 2.67, Con Train Loss 2: 2.67, Train Cycle Loss: 0.00, Train Loss: 5.34, Con Valid Loss 1: 3.66, Con Valid Loss 2: 3.67, Valid Cycle Loss: 0.00, Validation Loss: 7.33, Learning Rate: 0.0001
Epoch: 18, Con Train Loss 1: 2.65, Con Train Loss 2: 2.65, Train Cycle Loss: 0.00, Train Loss: 5.30, Con Valid Loss 1: 3.66, Con Valid Loss 2: 3.65, Valid Cycle Loss: 0.00, Validation Loss: 7.32, Learning Rate: 0.0001
Epoch: 19, Con Train Loss 1: 2.63, Con Train Loss 2: 2.63, Train Cycle Loss: 0.00, Train Loss: 5.25, Con Valid Loss 1: 3.69, Con Valid Loss 2: 3.67, Valid Cycle Loss: 0.00, Validation Loss: 7.36, Learning Rate: 1e-05
Epoch: 20, Con Train Loss 1: 2.61, Con Train Loss 2: 2.61, Train Cycle Loss: 0.00, Train Loss: 5.23, Con Valid Loss 1: 3.69, Con Valid Loss 2: 3.67, Valid Cycle Loss: 0.00, Validation Loss: 7.37, Learning Rate: 1e-05
Epoch: 21, Con Train Loss 1: 2.61, Con Train Loss 2: 2.61, Train Cycle Loss: 0.00, Train Loss: 5.22, Con Valid Loss 1: 3.69, Con Valid Loss 2: 3.68, Valid Cycle Loss: 0.00, Validation Loss: 7.37, Learning Rate: 1e-05
Epoch: 22, Con Train Loss 1: 2.61, Con Train Loss 2: 2.61, Train Cycle Loss: 0.00, Train Loss: 5.21, Con Valid Loss 1: 3.69, Con Valid Loss 2: 3.67, Valid Cycle Loss: 0.00, Validation Loss: 7.37, Learning Rate: 1e-05
Epoch: 23, Con Train Loss 1: 2.60, Con Train Loss 2: 2.60, Train Cycle Loss: 0.00, Train Loss: 5.21, Con Valid Loss 1: 3.71, Con Valid Loss 2: 3.69, Valid Cycle Loss: 0.00, Validation Loss: 7.40, Learning Rate: 1e-05
Epoch: 24, Con Train Loss 1: 2.60, Con Train Loss 2: 2.60, Train Cycle Loss: 0.00, Train Loss: 5.20, Con Valid Loss 1: 3.70, Con Valid Loss 2: 3.70, Valid Cycle Loss: 0.00, Validation Loss: 7.40, Learning Rate: 1e-05
Epoch: 25, Con Train Loss 1: 2.60, Con Train Loss 2: 2.60, Train Cycle Loss: 0.00, Train Loss: 5.20, Con Valid Loss 1: 3.71, Con Valid Loss 2: 3.70, Valid Cycle Loss: 0.00, Validation Loss: 7.41, Learning Rate: 1e-05
Epoch: 26, Con Train Loss 1: 2.59, Con Train Loss 2: 2.59, Train Cycle Loss: 0.00, Train Loss: 5.19, Con Valid Loss 1: 3.69, Con Valid Loss 2: 3.69, Valid Cycle Loss: 0.00, Validation Loss: 7.39, Learning Rate: 1e-05
Epoch: 27, Con Train Loss 1: 2.59, Con Train Loss 2: 2.59, Train Cycle Loss: 0.00, Train Loss: 5.19, Con Valid Loss 1: 3.70, Con Valid Loss 2: 3.70, Valid Cycle Loss: 0.00, Validation Loss: 7.41, Learning Rate: 1e-05
Epoch: 28, Con Train Loss 1: 2.59, Con Train Loss 2: 2.59, Train Cycle Loss: 0.00, Train Loss: 5.18, Con Valid Loss 1: 3.71, Con Valid Loss 2: 3.71, Valid Cycle Loss: 0.00, Validation Loss: 7.42, Learning Rate: 1e-05
Epoch: 29, Con Train Loss 1: 2.59, Con Train Loss 2: 2.59, Train Cycle Loss: 0.00, Train Loss: 5.18, Con Valid Loss 1: 3.71, Con Valid Loss 2: 3.70, Valid Cycle Loss: 0.00, Validation Loss: 7.41, Learning Rate: 1e-05
Epoch: 30, Con Train Loss 1: 2.59, Con Train Loss 2: 2.58, Train Cycle Loss: 0.00, Train Loss: 5.17, Con Valid Loss 1: 3.71, Con Valid Loss 2: 3.70, Valid Cycle Loss: 0.00, Validation Loss: 7.41, Learning Rate: 1.0000000000000002e-06
Epoch: 31, Con Train Loss 1: 2.58, Con Train Loss 2: 2.59, Train Cycle Loss: 0.00, Train Loss: 5.17, Con Valid Loss 1: 3.71, Con Valid Loss 2: 3.71, Valid Cycle Loss: 0.00, Validation Loss: 7.42, Learning Rate: 1.0000000000000002e-06
Epoch: 32, Con Train Loss 1: 2.58, Con Train Loss 2: 2.58, Train Cycle Loss: 0.00, Train Loss: 5.17, Con Valid Loss 1: 3.72, Con Valid Loss 2: 3.70, Valid Cycle Loss: 0.00, Validation Loss: 7.43, Learning Rate: 1.0000000000000002e-06
Epoch: 33, Con Train Loss 1: 2.58, Con Train Loss 2: 2.58, Train Cycle Loss: 0.00, Train Loss: 5.17, Con Valid Loss 1: 3.71, Con Valid Loss 2: 3.71, Valid Cycle Loss: 0.00, Validation Loss: 7.42, Learning Rate: 1.0000000000000002e-06
Epoch: 34, Con Train Loss 1: 2.58, Con Train Loss 2: 2.58, Train Cycle Loss: 0.00, Train Loss: 5.17, Con Valid Loss 1: 3.71, Con Valid Loss 2: 3.71, Valid Cycle Loss: 0.00, Validation Loss: 7.42, Learning Rate: 1.0000000000000002e-06
Epoch: 35, Con Train Loss 1: 2.58, Con Train Loss 2: 2.58, Train Cycle Loss: 0.00, Train Loss: 5.17, Con Valid Loss 1: 3.71, Con Valid Loss 2: 3.71, Valid Cycle Loss: 0.00, Validation Loss: 7.43, Learning Rate: 1.0000000000000002e-06
Epoch: 36, Con Train Loss 1: 2.58, Con Train Loss 2: 2.58, Train Cycle Loss: 0.00, Train Loss: 5.17, Con Valid Loss 1: 3.71, Con Valid Loss 2: 3.70, Valid Cycle Loss: 0.00, Validation Loss: 7.41, Learning Rate: 1.0000000000000002e-06
Epoch: 37, Con Train Loss 1: 2.58, Con Train Loss 2: 2.58, Train Cycle Loss: 0.00, Train Loss: 5.16, Con Valid Loss 1: 3.73, Con Valid Loss 2: 3.72, Valid Cycle Loss: 0.00, Validation Loss: 7.45, Learning Rate: 1.0000000000000002e-06
Epoch: 38, Con Train Loss 1: 2.58, Con Train Loss 2: 2.58, Train Cycle Loss: 0.00, Train Loss: 5.17, Con Valid Loss 1: 3.72, Con Valid Loss 2: 3.72, Valid Cycle Loss: 0.00, Validation Loss: 7.45, Learning Rate: 1.0000000000000002e-06
Epoch: 39, Con Train Loss 1: 2.58, Con Train Loss 2: 2.58, Train Cycle Loss: 0.00, Train Loss: 5.17, Con Valid Loss 1: 3.71, Con Valid Loss 2: 3.71, Valid Cycle Loss: 0.00, Validation Loss: 7.43, Learning Rate: 1.0000000000000002e-06
Epoch: 40, Con Train Loss 1: 2.58, Con Train Loss 2: 2.58, Train Cycle Loss: 0.00, Train Loss: 5.17, Con Valid Loss 1: 3.71, Con Valid Loss 2: 3.71, Valid Cycle Loss: 0.00, Validation Loss: 7.42, Learning Rate: 1.0000000000000002e-06
Epoch: 41, Con Train Loss 1: 2.58, Con Train Loss 2: 2.58, Train Cycle Loss: 0.00, Train Loss: 5.16, Con Valid Loss 1: 3.72, Con Valid Loss 2: 3.71, Valid Cycle Loss: 0.00, Validation Loss: 7.43, Learning Rate: 1.0000000000000002e-07
Epoch: 42, Con Train Loss 1: 2.58, Con Train Loss 2: 2.58, Train Cycle Loss: 0.00, Train Loss: 5.16, Con Valid Loss 1: 3.72, Con Valid Loss 2: 3.72, Valid Cycle Loss: 0.00, Validation Loss: 7.45, Learning Rate: 1.0000000000000002e-07
Epoch: 43, Con Train Loss 1: 2.58, Con Train Loss 2: 2.58, Train Cycle Loss: 0.00, Train Loss: 5.16, Con Valid Loss 1: 3.72, Con Valid Loss 2: 3.71, Valid Cycle Loss: 0.00, Validation Loss: 7.43, Learning Rate: 1.0000000000000002e-07
Epoch: 44, Con Train Loss 1: 2.58, Con Train Loss 2: 2.58, Train Cycle Loss: 0.00, Train Loss: 5.16, Con Valid Loss 1: 3.72, Con Valid Loss 2: 3.71, Valid Cycle Loss: 0.00, Validation Loss: 7.43, Learning Rate: 1.0000000000000002e-07
Epoch: 45, Con Train Loss 1: 2.58, Con Train Loss 2: 2.58, Train Cycle Loss: 0.00, Train Loss: 5.16, Con Valid Loss 1: 3.72, Con Valid Loss 2: 3.70, Valid Cycle Loss: 0.00, Validation Loss: 7.42, Learning Rate: 1.0000000000000002e-07
Epoch: 46, Con Train Loss 1: 2.58, Con Train Loss 2: 2.58, Train Cycle Loss: 0.00, Train Loss: 5.16, Con Valid Loss 1: 3.72, Con Valid Loss 2: 3.72, Valid Cycle Loss: 0.00, Validation Loss: 7.44, Learning Rate: 1.0000000000000002e-07
Epoch: 47, Con Train Loss 1: 2.58, Con Train Loss 2: 2.58, Train Cycle Loss: 0.00, Train Loss: 5.17, Con Valid Loss 1: 3.72, Con Valid Loss 2: 3.71, Valid Cycle Loss: 0.00, Validation Loss: 7.44, Learning Rate: 1.0000000000000002e-07
Epoch: 48, Con Train Loss 1: 2.58, Con Train Loss 2: 2.58, Train Cycle Loss: 0.00, Train Loss: 5.16, Con Valid Loss 1: 3.71, Con Valid Loss 2: 3.71, Valid Cycle Loss: 0.00, Validation Loss: 7.42, Learning Rate: 1.0000000000000002e-07
Epoch: 49, Con Train Loss 1: 2.58, Con Train Loss 2: 2.58, Train Cycle Loss: 0.00, Train Loss: 5.16, Con Valid Loss 1: 3.72, Con Valid Loss 2: 3.71, Valid Cycle Loss: 0.00, Validation Loss: 7.43, Learning Rate: 1.0000000000000002e-07
Epoch: 50, Con Train Loss 1: 2.58, Con Train Loss 2: 2.58, Train Cycle Loss: 0.00, Train Loss: 5.17, Con Valid Loss 1: 3.71, Con Valid Loss 2: 3.71, Valid Cycle Loss: 0.00, Validation Loss: 7.43, Learning Rate: 1.0000000000000002e-07
Epoch: 51, Con Train Loss 1: 2.58, Con Train Loss 2: 2.58, Train Cycle Loss: 0.00, Train Loss: 5.16, Con Valid Loss 1: 3.72, Con Valid Loss 2: 3.72, Valid Cycle Loss: 0.00, Validation Loss: 7.44, Learning Rate: 1.0000000000000002e-07
Epoch: 52, Con Train Loss 1: 2.58, Con Train Loss 2: 2.58, Train Cycle Loss: 0.00, Train Loss: 5.16, Con Valid Loss 1: 3.71, Con Valid Loss 2: 3.71, Valid Cycle Loss: 0.00, Validation Loss: 7.43, Learning Rate: 1.0000000000000004e-08
Epoch: 53, Con Train Loss 1: 2.58, Con Train Loss 2: 2.58, Train Cycle Loss: 0.00, Train Loss: 5.17, Con Valid Loss 1: 3.72, Con Valid Loss 2: 3.71, Valid Cycle Loss: 0.00, Validation Loss: 7.43, Learning Rate: 1.0000000000000004e-08
Epoch: 54, Con Train Loss 1: 2.58, Con Train Loss 2: 2.58, Train Cycle Loss: 0.00, Train Loss: 5.16, Con Valid Loss 1: 3.72, Con Valid Loss 2: 3.71, Valid Cycle Loss: 0.00, Validation Loss: 7.44, Learning Rate: 1.0000000000000004e-08
Epoch: 55, Con Train Loss 1: 2.58, Con Train Loss 2: 2.58, Train Cycle Loss: 0.00, Train Loss: 5.16, Con Valid Loss 1: 3.72, Con Valid Loss 2: 3.71, Valid Cycle Loss: 0.00, Validation Loss: 7.43, Learning Rate: 1.0000000000000004e-08
Epoch: 56, Con Train Loss 1: 2.58, Con Train Loss 2: 2.58, Train Cycle Loss: 0.00, Train Loss: 5.17, Con Valid Loss 1: 3.73, Con Valid Loss 2: 3.71, Valid Cycle Loss: 0.00, Validation Loss: 7.44, Learning Rate: 1.0000000000000004e-08
Epoch: 57, Con Train Loss 1: 2.58, Con Train Loss 2: 2.58, Train Cycle Loss: 0.00, Train Loss: 5.16, Con Valid Loss 1: 3.72, Con Valid Loss 2: 3.72, Valid Cycle Loss: 0.00, Validation Loss: 7.45, Learning Rate: 1.0000000000000004e-08
Epoch: 58, Con Train Loss 1: 2.58, Con Train Loss 2: 2.58, Train Cycle Loss: 0.00, Train Loss: 5.16, Con Valid Loss 1: 3.71, Con Valid Loss 2: 3.72, Valid Cycle Loss: 0.00, Validation Loss: 7.43, Learning Rate: 1.0000000000000004e-08
Epoch: 59, Con Train Loss 1: 2.58, Con Train Loss 2: 2.58, Train Cycle Loss: 0.00, Train Loss: 5.17, Con Valid Loss 1: 3.73, Con Valid Loss 2: 3.71, Valid Cycle Loss: 0.00, Validation Loss: 7.44, Learning Rate: 1.0000000000000004e-08
Epoch: 60, Con Train Loss 1: 2.58, Con Train Loss 2: 2.58, Train Cycle Loss: 0.00, Train Loss: 5.16, Con Valid Loss 1: 3.72, Con Valid Loss 2: 3.71, Valid Cycle Loss: 0.00, Validation Loss: 7.44, Learning Rate: 1.0000000000000004e-08
Epoch: 61, Con Train Loss 1: 2.58, Con Train Loss 2: 2.58, Train Cycle Loss: 0.00, Train Loss: 5.16, Con Valid Loss 1: 3.72, Con Valid Loss 2: 3.72, Valid Cycle Loss: 0.00, Validation Loss: 7.44, Learning Rate: 1.0000000000000004e-08
Epoch: 62, Con Train Loss 1: 2.58, Con Train Loss 2: 2.58, Train Cycle Loss: 0.00, Train Loss: 5.17, Con Valid Loss 1: 3.71, Con Valid Loss 2: 3.72, Valid Cycle Loss: 0.00, Validation Loss: 7.44, Learning Rate: 1.0000000000000004e-08
Epoch: 63, Con Train Loss 1: 2.58, Con Train Loss 2: 2.58, Train Cycle Loss: 0.00, Train Loss: 5.16, Con Valid Loss 1: 3.70, Con Valid Loss 2: 3.71, Valid Cycle Loss: 0.00, Validation Loss: 7.41, Learning Rate: 1.0000000000000004e-08
Epoch: 64, Con Train Loss 1: 2.58, Con Train Loss 2: 2.58, Train Cycle Loss: 0.00, Train Loss: 5.16, Con Valid Loss 1: 3.72, Con Valid Loss 2: 3.71, Valid Cycle Loss: 0.00, Validation Loss: 7.43, Learning Rate: 1.0000000000000004e-08
Epoch: 65, Con Train Loss 1: 2.58, Con Train Loss 2: 2.58, Train Cycle Loss: 0.00, Train Loss: 5.16, Con Valid Loss 1: 3.71, Con Valid Loss 2: 3.71, Valid Cycle Loss: 0.00, Validation Loss: 7.42, Learning Rate: 1.0000000000000004e-08
Epoch: 66, Con Train Loss 1: 2.58, Con Train Loss 2: 2.58, Train Cycle Loss: 0.00, Train Loss: 5.16, Con Valid Loss 1: 3.71, Con Valid Loss 2: 3.71, Valid Cycle Loss: 0.00, Validation Loss: 7.43, Learning Rate: 1.0000000000000004e-08
Epoch: 67, Con Train Loss 1: 2.58, Con Train Loss 2: 2.58, Train Cycle Loss: 0.00, Train Loss: 5.16, Con Valid Loss 1: 3.72, Con Valid Loss 2: 3.70, Valid Cycle Loss: 0.00, Validation Loss: 7.42, Learning Rate: 1.0000000000000004e-08
Epoch: 68, Con Train Loss 1: 2.58, Con Train Loss 2: 2.58, Train Cycle Loss: 0.00, Train Loss: 5.16, Con Valid Loss 1: 3.71, Con Valid Loss 2: 3.71, Valid Cycle Loss: 0.00, Validation Loss: 7.43, Learning Rate: 1.0000000000000004e-08
Epoch: 69, Con Train Loss 1: 2.58, Con Train Loss 2: 2.58, Train Cycle Loss: 0.00, Train Loss: 5.16, Con Valid Loss 1: 3.71, Con Valid Loss 2: 3.71, Valid Cycle Loss: 0.00, Validation Loss: 7.43, Learning Rate: 1.0000000000000004e-08
Epoch: 70, Con Train Loss 1: 2.58, Con Train Loss 2: 2.58, Train Cycle Loss: 0.00, Train Loss: 5.16, Con Valid Loss 1: 3.71, Con Valid Loss 2: 3.71, Valid Cycle Loss: 0.00, Validation Loss: 7.42, Learning Rate: 1.0000000000000004e-08
Epoch: 71, Con Train Loss 1: 2.58, Con Train Loss 2: 2.58, Train Cycle Loss: 0.00, Train Loss: 5.16, Con Valid Loss 1: 3.71, Con Valid Loss 2: 3.72, Valid Cycle Loss: 0.00, Validation Loss: 7.43, Learning Rate: 1.0000000000000004e-08
Epoch: 72, Con Train Loss 1: 2.58, Con Train Loss 2: 2.58, Train Cycle Loss: 0.00, Train Loss: 5.16, Con Valid Loss 1: 3.72, Con Valid Loss 2: 3.73, Valid Cycle Loss: 0.00, Validation Loss: 7.46, Learning Rate: 1.0000000000000004e-08
Epoch: 73, Con Train Loss 1: 2.58, Con Train Loss 2: 2.58, Train Cycle Loss: 0.00, Train Loss: 5.16, Con Valid Loss 1: 3.71, Con Valid Loss 2: 3.71, Valid Cycle Loss: 0.00, Validation Loss: 7.42, Learning Rate: 1.0000000000000004e-08
Epoch: 74, Con Train Loss 1: 2.58, Con Train Loss 2: 2.58, Train Cycle Loss: 0.00, Train Loss: 5.16, Con Valid Loss 1: 3.73, Con Valid Loss 2: 3.71, Valid Cycle Loss: 0.00, Validation Loss: 7.44, Learning Rate: 1.0000000000000004e-08
Epoch: 75, Con Train Loss 1: 2.58, Con Train Loss 2: 2.58, Train Cycle Loss: 0.00, Train Loss: 5.16, Con Valid Loss 1: 3.71, Con Valid Loss 2: 3.71, Valid Cycle Loss: 0.00, Validation Loss: 7.42, Learning Rate: 1.0000000000000004e-08
Epoch: 76, Con Train Loss 1: 2.58, Con Train Loss 2: 2.58, Train Cycle Loss: 0.00, Train Loss: 5.16, Con Valid Loss 1: 3.71, Con Valid Loss 2: 3.71, Valid Cycle Loss: 0.00, Validation Loss: 7.42, Learning Rate: 1.0000000000000004e-08
Epoch: 77, Con Train Loss 1: 2.58, Con Train Loss 2: 2.58, Train Cycle Loss: 0.00, Train Loss: 5.16, Con Valid Loss 1: 3.72, Con Valid Loss 2: 3.72, Valid Cycle Loss: 0.00, Validation Loss: 7.44, Learning Rate: 1.0000000000000004e-08
Epoch: 78, Con Train Loss 1: 2.58, Con Train Loss 2: 2.58, Train Cycle Loss: 0.00, Train Loss: 5.16, Con Valid Loss 1: 3.72, Con Valid Loss 2: 3.72, Valid Cycle Loss: 0.00, Validation Loss: 7.44, Learning Rate: 1.0000000000000004e-08
Epoch: 79, Con Train Loss 1: 2.58, Con Train Loss 2: 2.58, Train Cycle Loss: 0.00, Train Loss: 5.16, Con Valid Loss 1: 3.72, Con Valid Loss 2: 3.71, Valid Cycle Loss: 0.00, Validation Loss: 7.44, Learning Rate: 1.0000000000000004e-08
Epoch: 80, Con Train Loss 1: 2.58, Con Train Loss 2: 2.58, Train Cycle Loss: 0.00, Train Loss: 5.16, Con Valid Loss 1: 3.71, Con Valid Loss 2: 3.70, Valid Cycle Loss: 0.00, Validation Loss: 7.42, Learning Rate: 1.0000000000000004e-08
Epoch: 81, Con Train Loss 1: 2.58, Con Train Loss 2: 2.58, Train Cycle Loss: 0.00, Train Loss: 5.16, Con Valid Loss 1: 3.72, Con Valid Loss 2: 3.71, Valid Cycle Loss: 0.00, Validation Loss: 7.44, Learning Rate: 1.0000000000000004e-08
Epoch: 82, Con Train Loss 1: 2.58, Con Train Loss 2: 2.58, Train Cycle Loss: 0.00, Train Loss: 5.16, Con Valid Loss 1: 3.73, Con Valid Loss 2: 3.71, Valid Cycle Loss: 0.00, Validation Loss: 7.44, Learning Rate: 1.0000000000000004e-08
Epoch: 83, Con Train Loss 1: 2.58, Con Train Loss 2: 2.58, Train Cycle Loss: 0.00, Train Loss: 5.16, Con Valid Loss 1: 3.71, Con Valid Loss 2: 3.71, Valid Cycle Loss: 0.00, Validation Loss: 7.42, Learning Rate: 1.0000000000000004e-08
Epoch: 84, Con Train Loss 1: 2.58, Con Train Loss 2: 2.58, Train Cycle Loss: 0.00, Train Loss: 5.16, Con Valid Loss 1: 3.71, Con Valid Loss 2: 3.70, Valid Cycle Loss: 0.00, Validation Loss: 7.42, Learning Rate: 1.0000000000000004e-08
Epoch: 85, Con Train Loss 1: 2.58, Con Train Loss 2: 2.58, Train Cycle Loss: 0.00, Train Loss: 5.16, Con Valid Loss 1: 3.71, Con Valid Loss 2: 3.71, Valid Cycle Loss: 0.00, Validation Loss: 7.42, Learning Rate: 1.0000000000000004e-08
Epoch: 86, Con Train Loss 1: 2.58, Con Train Loss 2: 2.58, Train Cycle Loss: 0.00, Train Loss: 5.16, Con Valid Loss 1: 3.72, Con Valid Loss 2: 3.71, Valid Cycle Loss: 0.00, Validation Loss: 7.43, Learning Rate: 1.0000000000000004e-08
Epoch: 87, Con Train Loss 1: 2.58, Con Train Loss 2: 2.58, Train Cycle Loss: 0.00, Train Loss: 5.16, Con Valid Loss 1: 3.71, Con Valid Loss 2: 3.72, Valid Cycle Loss: 0.00, Validation Loss: 7.44, Learning Rate: 1.0000000000000004e-08
Epoch: 88, Con Train Loss 1: 2.58, Con Train Loss 2: 2.58, Train Cycle Loss: 0.00, Train Loss: 5.16, Con Valid Loss 1: 3.72, Con Valid Loss 2: 3.71, Valid Cycle Loss: 0.00, Validation Loss: 7.44, Learning Rate: 1.0000000000000004e-08
Epoch: 89, Con Train Loss 1: 2.58, Con Train Loss 2: 2.58, Train Cycle Loss: 0.00, Train Loss: 5.16, Con Valid Loss 1: 3.71, Con Valid Loss 2: 3.70, Valid Cycle Loss: 0.00, Validation Loss: 7.42, Learning Rate: 1.0000000000000004e-08
Epoch: 90, Con Train Loss 1: 2.58, Con Train Loss 2: 2.58, Train Cycle Loss: 0.00, Train Loss: 5.17, Con Valid Loss 1: 3.72, Con Valid Loss 2: 3.71, Valid Cycle Loss: 0.00, Validation Loss: 7.44, Learning Rate: 1.0000000000000004e-08
Epoch: 91, Con Train Loss 1: 2.58, Con Train Loss 2: 2.58, Train Cycle Loss: 0.00, Train Loss: 5.16, Con Valid Loss 1: 3.71, Con Valid Loss 2: 3.71, Valid Cycle Loss: 0.00, Validation Loss: 7.42, Learning Rate: 1.0000000000000004e-08
Epoch: 92, Con Train Loss 1: 2.58, Con Train Loss 2: 2.58, Train Cycle Loss: 0.00, Train Loss: 5.16, Con Valid Loss 1: 3.72, Con Valid Loss 2: 3.70, Valid Cycle Loss: 0.00, Validation Loss: 7.43, Learning Rate: 1.0000000000000004e-08
Epoch: 93, Con Train Loss 1: 2.58, Con Train Loss 2: 2.58, Train Cycle Loss: 0.00, Train Loss: 5.16, Con Valid Loss 1: 3.71, Con Valid Loss 2: 3.71, Valid Cycle Loss: 0.00, Validation Loss: 7.42, Learning Rate: 1.0000000000000004e-08
Epoch: 94, Con Train Loss 1: 2.58, Con Train Loss 2: 2.58, Train Cycle Loss: 0.00, Train Loss: 5.16, Con Valid Loss 1: 3.72, Con Valid Loss 2: 3.70, Valid Cycle Loss: 0.00, Validation Loss: 7.43, Learning Rate: 1.0000000000000004e-08
Epoch: 95, Con Train Loss 1: 2.58, Con Train Loss 2: 2.58, Train Cycle Loss: 0.00, Train Loss: 5.16, Con Valid Loss 1: 3.71, Con Valid Loss 2: 3.72, Valid Cycle Loss: 0.00, Validation Loss: 7.44, Learning Rate: 1.0000000000000004e-08
Epoch: 96, Con Train Loss 1: 2.58, Con Train Loss 2: 2.58, Train Cycle Loss: 0.00, Train Loss: 5.16, Con Valid Loss 1: 3.73, Con Valid Loss 2: 3.72, Valid Cycle Loss: 0.00, Validation Loss: 7.45, Learning Rate: 1.0000000000000004e-08
Epoch: 97, Con Train Loss 1: 2.58, Con Train Loss 2: 2.58, Train Cycle Loss: 0.00, Train Loss: 5.16, Con Valid Loss 1: 3.73, Con Valid Loss 2: 3.72, Valid Cycle Loss: 0.00, Validation Loss: 7.45, Learning Rate: 1.0000000000000004e-08
Epoch: 98, Con Train Loss 1: 2.58, Con Train Loss 2: 2.58, Train Cycle Loss: 0.00, Train Loss: 5.16, Con Valid Loss 1: 3.73, Con Valid Loss 2: 3.71, Valid Cycle Loss: 0.00, Validation Loss: 7.44, Learning Rate: 1.0000000000000004e-08
Epoch: 99, Con Train Loss 1: 2.58, Con Train Loss 2: 2.58, Train Cycle Loss: 0.00, Train Loss: 5.16, Con Valid Loss 1: 3.72, Con Valid Loss 2: 3.71, Valid Cycle Loss: 0.00, Validation Loss: 7.43, Learning Rate: 1.0000000000000004e-08
Fine Tuning Both
Epoch: 0, Alpha: 1.00
  Total Train Loss:        11.79
    Contrastive Train Loss: 11.79
    Overall Recon Train Loss: 3.28
    Recon Train Loss:       0.66
    Cycle Train Loss:       0.00
  Total Valid Loss:        11.62
    Contrastive Valid Loss: 11.62
    Overall Recon Valid Loss: 2.13
    Recon Valid Loss:       0.43
    Cycle Valid Loss:       0.00
Learning Rate: 0.0001
Epoch: 1, Alpha: 0.99
  Total Train Loss:        9.68
    Contrastive Train Loss: 9.75
    Overall Recon Train Loss: 2.27
    Recon Train Loss:       0.45
    Cycle Train Loss:       0.00
  Total Valid Loss:        11.08
    Contrastive Valid Loss: 11.17
    Overall Recon Valid Loss: 1.94
    Recon Valid Loss:       0.39
    Cycle Valid Loss:       0.00
Learning Rate: 0.0001
Epoch: 2, Alpha: 0.98
  Total Train Loss:        9.26
    Contrastive Train Loss: 9.41
    Overall Recon Train Loss: 2.11
    Recon Train Loss:       0.42
    Cycle Train Loss:       0.00
  Total Valid Loss:        10.90
    Contrastive Valid Loss: 11.08
    Overall Recon Valid Loss: 1.87
    Recon Valid Loss:       0.37
    Cycle Valid Loss:       0.00
Learning Rate: 0.0001
Epoch: 3, Alpha: 0.97
  Total Train Loss:        8.99
    Contrastive Train Loss: 9.21
    Overall Recon Train Loss: 2.02
    Recon Train Loss:       0.40
    Cycle Train Loss:       0.00
  Total Valid Loss:        10.65
    Contrastive Valid Loss: 10.92
    Overall Recon Valid Loss: 1.79
    Recon Valid Loss:       0.36
    Cycle Valid Loss:       0.00
Learning Rate: 0.0001
Epoch: 4, Alpha: 0.96
  Total Train Loss:        8.78
    Contrastive Train Loss: 9.06
    Overall Recon Train Loss: 1.95
    Recon Train Loss:       0.39
    Cycle Train Loss:       0.00
  Total Valid Loss:        10.50
    Contrastive Valid Loss: 10.85
    Overall Recon Valid Loss: 1.74
    Recon Valid Loss:       0.35
    Cycle Valid Loss:       0.00
Learning Rate: 0.0001
Epoch: 5, Alpha: 0.95
  Total Train Loss:        8.58
    Contrastive Train Loss: 8.93
    Overall Recon Train Loss: 1.90
    Recon Train Loss:       0.38
    Cycle Train Loss:       0.00
  Total Valid Loss:        10.33
    Contrastive Valid Loss: 10.78
    Overall Recon Valid Loss: 1.70
    Recon Valid Loss:       0.34
    Cycle Valid Loss:       0.00
Learning Rate: 0.0001
Epoch: 6, Alpha: 0.94
  Total Train Loss:        8.41
    Contrastive Train Loss: 8.81
    Overall Recon Train Loss: 1.85
    Recon Train Loss:       0.37
    Cycle Train Loss:       0.00
  Total Valid Loss:        10.20
    Contrastive Valid Loss: 10.72
    Overall Recon Valid Loss: 1.66
    Recon Valid Loss:       0.33
    Cycle Valid Loss:       0.00
Learning Rate: 0.0001
Epoch: 7, Alpha: 0.93
  Total Train Loss:        8.22
    Contrastive Train Loss: 8.69
    Overall Recon Train Loss: 1.79
    Recon Train Loss:       0.36
    Cycle Train Loss:       0.00
  Total Valid Loss:        9.98
    Contrastive Valid Loss: 10.59
    Overall Recon Valid Loss: 1.60
    Recon Valid Loss:       0.32
    Cycle Valid Loss:       0.00
Learning Rate: 0.0001
Epoch: 8, Alpha: 0.92
  Total Train Loss:        8.05
    Contrastive Train Loss: 8.58
    Overall Recon Train Loss: 1.74
    Recon Train Loss:       0.35
    Cycle Train Loss:       0.00
  Total Valid Loss:        9.84
    Contrastive Valid Loss: 10.53
    Overall Recon Valid Loss: 1.55
    Recon Valid Loss:       0.31
    Cycle Valid Loss:       0.00
Learning Rate: 0.0001
Epoch: 9, Alpha: 0.91
  Total Train Loss:        7.89
    Contrastive Train Loss: 8.48
    Overall Recon Train Loss: 1.70
    Recon Train Loss:       0.34
    Cycle Train Loss:       0.00
  Total Valid Loss:        9.71
    Contrastive Valid Loss: 10.48
    Overall Recon Valid Loss: 1.52
    Recon Valid Loss:       0.30
    Cycle Valid Loss:       0.00
Learning Rate: 0.0001
Epoch: 10, Alpha: 0.90
  Total Train Loss:        7.75
    Contrastive Train Loss: 8.39
    Overall Recon Train Loss: 1.66
    Recon Train Loss:       0.33
    Cycle Train Loss:       0.00
  Total Valid Loss:        9.57
    Contrastive Valid Loss: 10.42
    Overall Recon Valid Loss: 1.49
    Recon Valid Loss:       0.30
    Cycle Valid Loss:       0.00
Learning Rate: 0.0001
Epoch: 11, Alpha: 0.90
  Total Train Loss:        7.61
    Contrastive Train Loss: 8.31
    Overall Recon Train Loss: 1.62
    Recon Train Loss:       0.32
    Cycle Train Loss:       0.00
  Total Valid Loss:        9.41
    Contrastive Valid Loss: 10.34
    Overall Recon Valid Loss: 1.45
    Recon Valid Loss:       0.29
    Cycle Valid Loss:       0.01
Learning Rate: 0.0001
Epoch: 12, Alpha: 0.89
  Total Train Loss:        7.47
    Contrastive Train Loss: 8.23
    Overall Recon Train Loss: 1.59
    Recon Train Loss:       0.32
    Cycle Train Loss:       0.00
  Total Valid Loss:        9.30
    Contrastive Valid Loss: 10.31
    Overall Recon Valid Loss: 1.42
    Recon Valid Loss:       0.28
    Cycle Valid Loss:       0.01
Learning Rate: 0.0001
Epoch: 13, Alpha: 0.88
  Total Train Loss:        7.34
    Contrastive Train Loss: 8.14
    Overall Recon Train Loss: 1.55
    Recon Train Loss:       0.31
    Cycle Train Loss:       0.00
  Total Valid Loss:        9.19
    Contrastive Valid Loss: 10.28
    Overall Recon Valid Loss: 1.38
    Recon Valid Loss:       0.28
    Cycle Valid Loss:       0.01
Learning Rate: 0.0001
Epoch: 14, Alpha: 0.87
  Total Train Loss:        7.22
    Contrastive Train Loss: 8.08
    Overall Recon Train Loss: 1.52
    Recon Train Loss:       0.30
    Cycle Train Loss:       0.00
  Total Valid Loss:        9.03
    Contrastive Valid Loss: 10.18
    Overall Recon Valid Loss: 1.36
    Recon Valid Loss:       0.27
    Cycle Valid Loss:       0.01
Learning Rate: 0.0001
Epoch: 15, Alpha: 0.86
  Total Train Loss:        7.11
    Contrastive Train Loss: 8.02
    Overall Recon Train Loss: 1.49
    Recon Train Loss:       0.30
    Cycle Train Loss:       0.01
  Total Valid Loss:        8.93
    Contrastive Valid Loss: 10.16
    Overall Recon Valid Loss: 1.34
    Recon Valid Loss:       0.27
    Cycle Valid Loss:       0.01
Learning Rate: 0.0001
Epoch: 16, Alpha: 0.85
  Total Train Loss:        7.00
    Contrastive Train Loss: 7.95
    Overall Recon Train Loss: 1.46
    Recon Train Loss:       0.29
    Cycle Train Loss:       0.01
  Total Valid Loss:        8.81
    Contrastive Valid Loss: 10.12
    Overall Recon Valid Loss: 1.29
    Recon Valid Loss:       0.26
    Cycle Valid Loss:       0.01
Learning Rate: 0.0001
Epoch: 17, Alpha: 0.84
  Total Train Loss:        6.89
    Contrastive Train Loss: 7.90
    Overall Recon Train Loss: 1.44
    Recon Train Loss:       0.29
    Cycle Train Loss:       0.01
  Total Valid Loss:        8.75
    Contrastive Valid Loss: 10.13
    Overall Recon Valid Loss: 1.28
    Recon Valid Loss:       0.26
    Cycle Valid Loss:       0.01
Learning Rate: 0.0001
Epoch: 18, Alpha: 0.84
  Total Train Loss:        6.79
    Contrastive Train Loss: 7.84
    Overall Recon Train Loss: 1.42
    Recon Train Loss:       0.28
    Cycle Train Loss:       0.01
  Total Valid Loss:        8.60
    Contrastive Valid Loss: 10.05
    Overall Recon Valid Loss: 1.26
    Recon Valid Loss:       0.25
    Cycle Valid Loss:       0.01
Learning Rate: 0.0001
Epoch: 19, Alpha: 0.83
  Total Train Loss:        6.68
    Contrastive Train Loss: 7.79
    Overall Recon Train Loss: 1.39
    Recon Train Loss:       0.28
    Cycle Train Loss:       0.01
  Total Valid Loss:        8.50
    Contrastive Valid Loss: 10.03
    Overall Recon Valid Loss: 1.22
    Recon Valid Loss:       0.24
    Cycle Valid Loss:       0.01
Learning Rate: 0.0001
Epoch: 20, Alpha: 0.82
  Total Train Loss:        6.58
    Contrastive Train Loss: 7.74
    Overall Recon Train Loss: 1.36
    Recon Train Loss:       0.27
    Cycle Train Loss:       0.01
  Total Valid Loss:        8.39
    Contrastive Valid Loss: 9.98
    Overall Recon Valid Loss: 1.20
    Recon Valid Loss:       0.24
    Cycle Valid Loss:       0.01
Learning Rate: 0.0001
Epoch: 21, Alpha: 0.81
  Total Train Loss:        6.48
    Contrastive Train Loss: 7.68
    Overall Recon Train Loss: 1.34
    Recon Train Loss:       0.27
    Cycle Train Loss:       0.01
  Total Valid Loss:        8.31
    Contrastive Valid Loss: 9.97
    Overall Recon Valid Loss: 1.19
    Recon Valid Loss:       0.24
    Cycle Valid Loss:       0.01
Learning Rate: 0.0001
Epoch: 22, Alpha: 0.80
  Total Train Loss:        6.39
    Contrastive Train Loss: 7.64
    Overall Recon Train Loss: 1.32
    Recon Train Loss:       0.26
    Cycle Train Loss:       0.01
  Total Valid Loss:        8.23
    Contrastive Valid Loss: 9.97
    Overall Recon Valid Loss: 1.17
    Recon Valid Loss:       0.23
    Cycle Valid Loss:       0.01
Learning Rate: 0.0001
Epoch: 23, Alpha: 0.79
  Total Train Loss:        6.31
    Contrastive Train Loss: 7.60
    Overall Recon Train Loss: 1.30
    Recon Train Loss:       0.26
    Cycle Train Loss:       0.01
  Total Valid Loss:        8.10
    Contrastive Valid Loss: 9.90
    Overall Recon Valid Loss: 1.15
    Recon Valid Loss:       0.23
    Cycle Valid Loss:       0.01
Learning Rate: 0.0001
Epoch: 24, Alpha: 0.79
  Total Train Loss:        6.22
    Contrastive Train Loss: 7.56
    Overall Recon Train Loss: 1.28
    Recon Train Loss:       0.26
    Cycle Train Loss:       0.01
  Total Valid Loss:        8.03
    Contrastive Valid Loss: 9.91
    Overall Recon Valid Loss: 1.13
    Recon Valid Loss:       0.23
    Cycle Valid Loss:       0.01
Learning Rate: 0.0001
Epoch: 25, Alpha: 0.78
  Total Train Loss:        6.14
    Contrastive Train Loss: 7.52
    Overall Recon Train Loss: 1.26
    Recon Train Loss:       0.25
    Cycle Train Loss:       0.01
  Total Valid Loss:        7.95
    Contrastive Valid Loss: 9.89
    Overall Recon Valid Loss: 1.11
    Recon Valid Loss:       0.22
    Cycle Valid Loss:       0.01
Learning Rate: 0.0001
Epoch: 26, Alpha: 0.77
  Total Train Loss:        6.06
    Contrastive Train Loss: 7.49
    Overall Recon Train Loss: 1.25
    Recon Train Loss:       0.25
    Cycle Train Loss:       0.01
  Total Valid Loss:        7.88
    Contrastive Valid Loss: 9.89
    Overall Recon Valid Loss: 1.10
    Recon Valid Loss:       0.22
    Cycle Valid Loss:       0.01
Learning Rate: 0.0001
Epoch: 27, Alpha: 0.76
  Total Train Loss:        5.97
    Contrastive Train Loss: 7.45
    Overall Recon Train Loss: 1.23
    Recon Train Loss:       0.25
    Cycle Train Loss:       0.01
  Total Valid Loss:        7.81
    Contrastive Valid Loss: 9.89
    Overall Recon Valid Loss: 1.09
    Recon Valid Loss:       0.22
    Cycle Valid Loss:       0.01
Learning Rate: 0.0001
Epoch: 28, Alpha: 0.76
  Total Train Loss:        5.89
    Contrastive Train Loss: 7.41
    Overall Recon Train Loss: 1.21
    Recon Train Loss:       0.24
    Cycle Train Loss:       0.01
  Total Valid Loss:        7.74
    Contrastive Valid Loss: 9.90
    Overall Recon Valid Loss: 1.07
    Recon Valid Loss:       0.21
    Cycle Valid Loss:       0.01
Learning Rate: 0.0001
Epoch: 29, Alpha: 0.75
  Total Train Loss:        5.82
    Contrastive Train Loss: 7.37
    Overall Recon Train Loss: 1.19
    Recon Train Loss:       0.24
    Cycle Train Loss:       0.01
  Total Valid Loss:        7.61
    Contrastive Valid Loss: 9.81
    Overall Recon Valid Loss: 1.06
    Recon Valid Loss:       0.21
    Cycle Valid Loss:       0.01
Learning Rate: 0.0001
Epoch: 30, Alpha: 0.74
  Total Train Loss:        5.75
    Contrastive Train Loss: 7.34
    Overall Recon Train Loss: 1.18
    Recon Train Loss:       0.24
    Cycle Train Loss:       0.01
  Total Valid Loss:        7.57
    Contrastive Valid Loss: 9.85
    Overall Recon Valid Loss: 1.05
    Recon Valid Loss:       0.21
    Cycle Valid Loss:       0.01
Learning Rate: 0.0001
Epoch: 31, Alpha: 0.73
  Total Train Loss:        5.67
    Contrastive Train Loss: 7.31
    Overall Recon Train Loss: 1.16
    Recon Train Loss:       0.23
    Cycle Train Loss:       0.01
  Total Valid Loss:        7.47
    Contrastive Valid Loss: 9.81
    Overall Recon Valid Loss: 1.03
    Recon Valid Loss:       0.21
    Cycle Valid Loss:       0.01
Learning Rate: 0.0001
Epoch: 32, Alpha: 0.73
  Total Train Loss:        5.60
    Contrastive Train Loss: 7.28
    Overall Recon Train Loss: 1.15
    Recon Train Loss:       0.23
    Cycle Train Loss:       0.01
  Total Valid Loss:        7.40
    Contrastive Valid Loss: 9.80
    Overall Recon Valid Loss: 1.03
    Recon Valid Loss:       0.21
    Cycle Valid Loss:       0.01
Learning Rate: 0.0001
Epoch: 33, Alpha: 0.72
  Total Train Loss:        5.54
    Contrastive Train Loss: 7.26
    Overall Recon Train Loss: 1.14
    Recon Train Loss:       0.23
    Cycle Train Loss:       0.01
  Total Valid Loss:        7.32
    Contrastive Valid Loss: 9.79
    Overall Recon Valid Loss: 1.02
    Recon Valid Loss:       0.20
    Cycle Valid Loss:       0.01
Learning Rate: 0.0001
Epoch: 34, Alpha: 0.71
  Total Train Loss:        5.47
    Contrastive Train Loss: 7.23
    Overall Recon Train Loss: 1.13
    Recon Train Loss:       0.23
    Cycle Train Loss:       0.01
  Total Valid Loss:        7.23
    Contrastive Valid Loss: 9.75
    Overall Recon Valid Loss: 1.01
    Recon Valid Loss:       0.20
    Cycle Valid Loss:       0.01
Learning Rate: 0.0001
Epoch: 35, Alpha: 0.70
  Total Train Loss:        5.40
    Contrastive Train Loss: 7.20
    Overall Recon Train Loss: 1.12
    Recon Train Loss:       0.22
    Cycle Train Loss:       0.01
  Total Valid Loss:        7.20
    Contrastive Valid Loss: 9.79
    Overall Recon Valid Loss: 1.00
    Recon Valid Loss:       0.20
    Cycle Valid Loss:       0.01
Learning Rate: 0.0001
Epoch: 36, Alpha: 0.70
  Total Train Loss:        5.34
    Contrastive Train Loss: 7.18
    Overall Recon Train Loss: 1.10
    Recon Train Loss:       0.22
    Cycle Train Loss:       0.01
  Total Valid Loss:        7.13
    Contrastive Valid Loss: 9.78
    Overall Recon Valid Loss: 1.00
    Recon Valid Loss:       0.20
    Cycle Valid Loss:       0.01
Learning Rate: 0.0001
Epoch: 37, Alpha: 0.69
  Total Train Loss:        5.28
    Contrastive Train Loss: 7.15
    Overall Recon Train Loss: 1.09
    Recon Train Loss:       0.22
    Cycle Train Loss:       0.01
  Total Valid Loss:        7.07
    Contrastive Valid Loss: 9.80
    Overall Recon Valid Loss: 0.99
    Recon Valid Loss:       0.20
    Cycle Valid Loss:       0.01
Learning Rate: 0.0001
Epoch: 38, Alpha: 0.68
  Total Train Loss:        5.22
    Contrastive Train Loss: 7.13
    Overall Recon Train Loss: 1.08
    Recon Train Loss:       0.22
    Cycle Train Loss:       0.01
  Total Valid Loss:        7.00
    Contrastive Valid Loss: 9.78
    Overall Recon Valid Loss: 0.98
    Recon Valid Loss:       0.20
    Cycle Valid Loss:       0.01
Learning Rate: 0.0001
Epoch: 39, Alpha: 0.68
  Total Train Loss:        5.15
    Contrastive Train Loss: 7.10
    Overall Recon Train Loss: 1.07
    Recon Train Loss:       0.21
    Cycle Train Loss:       0.01
  Total Valid Loss:        6.91
    Contrastive Valid Loss: 9.74
    Overall Recon Valid Loss: 0.97
    Recon Valid Loss:       0.19
    Cycle Valid Loss:       0.01
Learning Rate: 0.0001
Epoch: 40, Alpha: 0.67
  Total Train Loss:        5.10
    Contrastive Train Loss: 7.08
    Overall Recon Train Loss: 1.06
    Recon Train Loss:       0.21
    Cycle Train Loss:       0.01
  Total Valid Loss:        6.86
    Contrastive Valid Loss: 9.76
    Overall Recon Valid Loss: 0.97
    Recon Valid Loss:       0.19
    Cycle Valid Loss:       0.01
Learning Rate: 0.0001
Epoch: 41, Alpha: 0.66
  Total Train Loss:        5.04
    Contrastive Train Loss: 7.06
    Overall Recon Train Loss: 1.05
    Recon Train Loss:       0.21
    Cycle Train Loss:       0.01
  Total Valid Loss:        6.77
    Contrastive Valid Loss: 9.72
    Overall Recon Valid Loss: 0.96
    Recon Valid Loss:       0.19
    Cycle Valid Loss:       0.01
Learning Rate: 0.0001
Epoch: 42, Alpha: 0.66
  Total Train Loss:        4.98
    Contrastive Train Loss: 7.04
    Overall Recon Train Loss: 1.04
    Recon Train Loss:       0.21
    Cycle Train Loss:       0.01
  Total Valid Loss:        6.74
    Contrastive Valid Loss: 9.76
    Overall Recon Valid Loss: 0.95
    Recon Valid Loss:       0.19
    Cycle Valid Loss:       0.01
Learning Rate: 0.0001
Epoch: 43, Alpha: 0.65
  Total Train Loss:        4.93
    Contrastive Train Loss: 7.02
    Overall Recon Train Loss: 1.03
    Recon Train Loss:       0.21
    Cycle Train Loss:       0.01
  Total Valid Loss:        6.68
    Contrastive Valid Loss: 9.76
    Overall Recon Valid Loss: 0.95
    Recon Valid Loss:       0.19
    Cycle Valid Loss:       0.01
Learning Rate: 0.0001
Epoch: 44, Alpha: 0.64
  Total Train Loss:        4.87
    Contrastive Train Loss: 7.00
    Overall Recon Train Loss: 1.02
    Recon Train Loss:       0.20
    Cycle Train Loss:       0.01
  Total Valid Loss:        6.61
    Contrastive Valid Loss: 9.74
    Overall Recon Valid Loss: 0.95
    Recon Valid Loss:       0.19
    Cycle Valid Loss:       0.01
Learning Rate: 0.0001
Epoch: 45, Alpha: 0.64
  Total Train Loss:        4.82
    Contrastive Train Loss: 6.99
    Overall Recon Train Loss: 1.02
    Recon Train Loss:       0.20
    Cycle Train Loss:       0.01
  Total Valid Loss:        6.55
    Contrastive Valid Loss: 9.73
    Overall Recon Valid Loss: 0.94
    Recon Valid Loss:       0.19
    Cycle Valid Loss:       0.01
Learning Rate: 0.0001
Epoch: 46, Alpha: 0.63
  Total Train Loss:        4.77
    Contrastive Train Loss: 6.96
    Overall Recon Train Loss: 1.01
    Recon Train Loss:       0.20
    Cycle Train Loss:       0.01
  Total Valid Loss:        6.50
    Contrastive Valid Loss: 9.75
    Overall Recon Valid Loss: 0.93
    Recon Valid Loss:       0.19
    Cycle Valid Loss:       0.01
Learning Rate: 0.0001
Epoch: 47, Alpha: 0.63
  Total Train Loss:        4.72
    Contrastive Train Loss: 6.95
    Overall Recon Train Loss: 1.00
    Recon Train Loss:       0.20
    Cycle Train Loss:       0.01
  Total Valid Loss:        6.45
    Contrastive Valid Loss: 9.76
    Overall Recon Valid Loss: 0.93
    Recon Valid Loss:       0.19
    Cycle Valid Loss:       0.01
Learning Rate: 0.0001
Epoch: 48, Alpha: 0.62
  Total Train Loss:        4.67
    Contrastive Train Loss: 6.93
    Overall Recon Train Loss: 0.99
    Recon Train Loss:       0.20
    Cycle Train Loss:       0.01
  Total Valid Loss:        6.38
    Contrastive Valid Loss: 9.74
    Overall Recon Valid Loss: 0.93
    Recon Valid Loss:       0.19
    Cycle Valid Loss:       0.01
Learning Rate: 0.0001
Epoch: 49, Alpha: 0.61
  Total Train Loss:        4.62
    Contrastive Train Loss: 6.91
    Overall Recon Train Loss: 0.99
    Recon Train Loss:       0.20
    Cycle Train Loss:       0.01
  Total Valid Loss:        6.33
    Contrastive Valid Loss: 9.75
    Overall Recon Valid Loss: 0.93
    Recon Valid Loss:       0.19
    Cycle Valid Loss:       0.01
Learning Rate: 0.0001
Epoch: 50, Alpha: 0.61
  Total Train Loss:        4.57
    Contrastive Train Loss: 6.90
    Overall Recon Train Loss: 0.98
    Recon Train Loss:       0.20
    Cycle Train Loss:       0.01
  Total Valid Loss:        6.26
    Contrastive Valid Loss: 9.72
    Overall Recon Valid Loss: 0.92
    Recon Valid Loss:       0.18
    Cycle Valid Loss:       0.01
Learning Rate: 0.0001
Epoch: 51, Alpha: 0.60
  Total Train Loss:        4.52
    Contrastive Train Loss: 6.88
    Overall Recon Train Loss: 0.97
    Recon Train Loss:       0.19
    Cycle Train Loss:       0.01
  Total Valid Loss:        6.22
    Contrastive Valid Loss: 9.75
    Overall Recon Valid Loss: 0.92
    Recon Valid Loss:       0.18
    Cycle Valid Loss:       0.01
Learning Rate: 0.0001
Epoch: 52, Alpha: 0.59
  Total Train Loss:        4.48
    Contrastive Train Loss: 6.87
    Overall Recon Train Loss: 0.97
    Recon Train Loss:       0.19
    Cycle Train Loss:       0.01
  Total Valid Loss:        6.18
    Contrastive Valid Loss: 9.77
    Overall Recon Valid Loss: 0.91
    Recon Valid Loss:       0.18
    Cycle Valid Loss:       0.01
Learning Rate: 0.0001
Epoch: 53, Alpha: 0.59
  Total Train Loss:        4.43
    Contrastive Train Loss: 6.86
    Overall Recon Train Loss: 0.96
    Recon Train Loss:       0.19
    Cycle Train Loss:       0.01
  Total Valid Loss:        6.09
    Contrastive Valid Loss: 9.71
    Overall Recon Valid Loss: 0.91
    Recon Valid Loss:       0.18
    Cycle Valid Loss:       0.01
Learning Rate: 0.0001
Epoch: 54, Alpha: 0.58
  Total Train Loss:        4.39
    Contrastive Train Loss: 6.85
    Overall Recon Train Loss: 0.95
    Recon Train Loss:       0.19
    Cycle Train Loss:       0.01
  Total Valid Loss:        6.06
    Contrastive Valid Loss: 9.74
    Overall Recon Valid Loss: 0.92
    Recon Valid Loss:       0.18
    Cycle Valid Loss:       0.01
Learning Rate: 0.0001
Epoch: 55, Alpha: 0.58
  Total Train Loss:        4.34
    Contrastive Train Loss: 6.83
    Overall Recon Train Loss: 0.95
    Recon Train Loss:       0.19
    Cycle Train Loss:       0.01
  Total Valid Loss:        6.00
    Contrastive Valid Loss: 9.72
    Overall Recon Valid Loss: 0.91
    Recon Valid Loss:       0.18
    Cycle Valid Loss:       0.01
Learning Rate: 0.0001
Epoch: 56, Alpha: 0.57
  Total Train Loss:        4.30
    Contrastive Train Loss: 6.82
    Overall Recon Train Loss: 0.94
    Recon Train Loss:       0.19
    Cycle Train Loss:       0.01
  Total Valid Loss:        5.95
    Contrastive Valid Loss: 9.73
    Overall Recon Valid Loss: 0.91
    Recon Valid Loss:       0.18
    Cycle Valid Loss:       0.01
Learning Rate: 0.0001
Epoch: 57, Alpha: 0.57
  Total Train Loss:        4.25
    Contrastive Train Loss: 6.80
    Overall Recon Train Loss: 0.94
    Recon Train Loss:       0.19
    Cycle Train Loss:       0.01
  Total Valid Loss:        5.90
    Contrastive Valid Loss: 9.74
    Overall Recon Valid Loss: 0.90
    Recon Valid Loss:       0.18
    Cycle Valid Loss:       0.01
Learning Rate: 0.0001
Epoch: 58, Alpha: 0.56
  Total Train Loss:        4.21
    Contrastive Train Loss: 6.79
    Overall Recon Train Loss: 0.93
    Recon Train Loss:       0.19
    Cycle Train Loss:       0.01
  Total Valid Loss:        5.88
    Contrastive Valid Loss: 9.78
    Overall Recon Valid Loss: 0.91
    Recon Valid Loss:       0.18
    Cycle Valid Loss:       0.01
Learning Rate: 0.0001
Epoch: 59, Alpha: 0.55
  Total Train Loss:        4.17
    Contrastive Train Loss: 6.78
    Overall Recon Train Loss: 0.93
    Recon Train Loss:       0.19
    Cycle Train Loss:       0.01
  Total Valid Loss:        5.80
    Contrastive Valid Loss: 9.75
    Overall Recon Valid Loss: 0.90
    Recon Valid Loss:       0.18
    Cycle Valid Loss:       0.01
Learning Rate: 0.0001
Epoch: 60, Alpha: 0.55
  Total Train Loss:        4.13
    Contrastive Train Loss: 6.77
    Overall Recon Train Loss: 0.92
    Recon Train Loss:       0.18
    Cycle Train Loss:       0.01
  Total Valid Loss:        5.74
    Contrastive Valid Loss: 9.72
    Overall Recon Valid Loss: 0.90
    Recon Valid Loss:       0.18
    Cycle Valid Loss:       0.01
Learning Rate: 0.0001
Epoch: 61, Alpha: 0.54
  Total Train Loss:        4.09
    Contrastive Train Loss: 6.76
    Overall Recon Train Loss: 0.92
    Recon Train Loss:       0.18
    Cycle Train Loss:       0.01
  Total Valid Loss:        5.71
    Contrastive Valid Loss: 9.76
    Overall Recon Valid Loss: 0.90
    Recon Valid Loss:       0.18
    Cycle Valid Loss:       0.01
Learning Rate: 0.0001
Epoch: 62, Alpha: 0.54
  Total Train Loss:        4.05
    Contrastive Train Loss: 6.75
    Overall Recon Train Loss: 0.91
    Recon Train Loss:       0.18
    Cycle Train Loss:       0.01
  Total Valid Loss:        5.66
    Contrastive Valid Loss: 9.75
    Overall Recon Valid Loss: 0.90
    Recon Valid Loss:       0.18
    Cycle Valid Loss:       0.01
Learning Rate: 0.0001
Epoch: 63, Alpha: 0.53
  Total Train Loss:        4.01
    Contrastive Train Loss: 6.74
    Overall Recon Train Loss: 0.91
    Recon Train Loss:       0.18
    Cycle Train Loss:       0.01
  Total Valid Loss:        5.59
    Contrastive Valid Loss: 9.71
    Overall Recon Valid Loss: 0.89
    Recon Valid Loss:       0.18
    Cycle Valid Loss:       0.01
Learning Rate: 0.0001
Epoch: 64, Alpha: 0.53
  Total Train Loss:        3.97
    Contrastive Train Loss: 6.73
    Overall Recon Train Loss: 0.90
    Recon Train Loss:       0.18
    Cycle Train Loss:       0.01
  Total Valid Loss:        5.56
    Contrastive Valid Loss: 9.74
    Overall Recon Valid Loss: 0.89
    Recon Valid Loss:       0.18
    Cycle Valid Loss:       0.01
Learning Rate: 0.0001
Epoch: 65, Alpha: 0.52
  Total Train Loss:        3.94
    Contrastive Train Loss: 6.72
    Overall Recon Train Loss: 0.90
    Recon Train Loss:       0.18
    Cycle Train Loss:       0.01
  Total Valid Loss:        5.51
    Contrastive Valid Loss: 9.73
    Overall Recon Valid Loss: 0.89
    Recon Valid Loss:       0.18
    Cycle Valid Loss:       0.01
Learning Rate: 0.0001
Epoch: 66, Alpha: 0.52
  Total Train Loss:        3.90
    Contrastive Train Loss: 6.71
    Overall Recon Train Loss: 0.90
    Recon Train Loss:       0.18
    Cycle Train Loss:       0.01
  Total Valid Loss:        5.47
    Contrastive Valid Loss: 9.76
    Overall Recon Valid Loss: 0.89
    Recon Valid Loss:       0.18
    Cycle Valid Loss:       0.01
Learning Rate: 0.0001
Epoch: 67, Alpha: 0.51
  Total Train Loss:        3.86
    Contrastive Train Loss: 6.70
    Overall Recon Train Loss: 0.89
    Recon Train Loss:       0.18
    Cycle Train Loss:       0.01
  Total Valid Loss:        5.43
    Contrastive Valid Loss: 9.76
    Overall Recon Valid Loss: 0.89
    Recon Valid Loss:       0.18
    Cycle Valid Loss:       0.01
Learning Rate: 0.0001
Epoch: 68, Alpha: 0.51
  Total Train Loss:        3.83
    Contrastive Train Loss: 6.69
    Overall Recon Train Loss: 0.89
    Recon Train Loss:       0.18
    Cycle Train Loss:       0.01
  Total Valid Loss:        5.37
    Contrastive Valid Loss: 9.73
    Overall Recon Valid Loss: 0.89
    Recon Valid Loss:       0.18
    Cycle Valid Loss:       0.01
Learning Rate: 0.0001
Epoch: 69, Alpha: 0.50
  Total Train Loss:        3.79
    Contrastive Train Loss: 6.68
    Overall Recon Train Loss: 0.88
    Recon Train Loss:       0.18
    Cycle Train Loss:       0.01
  Total Valid Loss:        5.32
    Contrastive Valid Loss: 9.73
    Overall Recon Valid Loss: 0.89
    Recon Valid Loss:       0.18
    Cycle Valid Loss:       0.01
Learning Rate: 0.0001
Epoch: 70, Alpha: 0.50
  Total Train Loss:        3.76
    Contrastive Train Loss: 6.67
    Overall Recon Train Loss: 0.88
    Recon Train Loss:       0.18
    Cycle Train Loss:       0.01
  Total Valid Loss:        5.29
    Contrastive Valid Loss: 9.75
    Overall Recon Valid Loss: 0.89
    Recon Valid Loss:       0.18
    Cycle Valid Loss:       0.01
Learning Rate: 0.0001
Epoch: 71, Alpha: 0.49
  Total Train Loss:        3.72
    Contrastive Train Loss: 6.67
    Overall Recon Train Loss: 0.88
    Recon Train Loss:       0.18
    Cycle Train Loss:       0.01
  Total Valid Loss:        5.23
    Contrastive Valid Loss: 9.73
    Overall Recon Valid Loss: 0.88
    Recon Valid Loss:       0.18
    Cycle Valid Loss:       0.01
Learning Rate: 0.0001
Epoch: 72, Alpha: 0.49
  Total Train Loss:        3.69
    Contrastive Train Loss: 6.66
    Overall Recon Train Loss: 0.87
    Recon Train Loss:       0.17
    Cycle Train Loss:       0.01
  Total Valid Loss:        5.20
    Contrastive Valid Loss: 9.76
    Overall Recon Valid Loss: 0.88
    Recon Valid Loss:       0.18
    Cycle Valid Loss:       0.01
Learning Rate: 0.0001
Epoch: 73, Alpha: 0.48
  Total Train Loss:        3.65
    Contrastive Train Loss: 6.65
    Overall Recon Train Loss: 0.87
    Recon Train Loss:       0.17
    Cycle Train Loss:       0.01
  Total Valid Loss:        5.16
    Contrastive Valid Loss: 9.76
    Overall Recon Valid Loss: 0.89
    Recon Valid Loss:       0.18
    Cycle Valid Loss:       0.01
Learning Rate: 0.0001
Epoch: 74, Alpha: 0.48
  Total Train Loss:        3.62
    Contrastive Train Loss: 6.64
    Overall Recon Train Loss: 0.87
    Recon Train Loss:       0.17
    Cycle Train Loss:       0.01
  Total Valid Loss:        5.11
    Contrastive Valid Loss: 9.75
    Overall Recon Valid Loss: 0.88
    Recon Valid Loss:       0.18
    Cycle Valid Loss:       0.01
Learning Rate: 0.0001
Epoch: 75, Alpha: 0.47
  Total Train Loss:        3.59
    Contrastive Train Loss: 6.63
    Overall Recon Train Loss: 0.86
    Recon Train Loss:       0.17
    Cycle Train Loss:       0.01
  Total Valid Loss:        5.08
    Contrastive Valid Loss: 9.78
    Overall Recon Valid Loss: 0.88
    Recon Valid Loss:       0.18
    Cycle Valid Loss:       0.01
Learning Rate: 0.0001
Epoch: 76, Alpha: 0.47
  Total Train Loss:        3.56
    Contrastive Train Loss: 6.62
    Overall Recon Train Loss: 0.86
    Recon Train Loss:       0.17
    Cycle Train Loss:       0.01
  Total Valid Loss:        5.03
    Contrastive Valid Loss: 9.75
    Overall Recon Valid Loss: 0.89
    Recon Valid Loss:       0.18
    Cycle Valid Loss:       0.01
Learning Rate: 0.0001
Epoch: 77, Alpha: 0.46
  Total Train Loss:        3.52
    Contrastive Train Loss: 6.62
    Overall Recon Train Loss: 0.86
    Recon Train Loss:       0.17
    Cycle Train Loss:       0.01
  Total Valid Loss:        5.01
    Contrastive Valid Loss: 9.79
    Overall Recon Valid Loss: 0.89
    Recon Valid Loss:       0.18
    Cycle Valid Loss:       0.01
Learning Rate: 0.0001
Epoch: 78, Alpha: 0.46
  Total Train Loss:        3.49
    Contrastive Train Loss: 6.61
    Overall Recon Train Loss: 0.85
    Recon Train Loss:       0.17
    Cycle Train Loss:       0.01
  Total Valid Loss:        4.94
    Contrastive Valid Loss: 9.74
    Overall Recon Valid Loss: 0.88
    Recon Valid Loss:       0.18
    Cycle Valid Loss:       0.01
Learning Rate: 0.0001
Epoch: 79, Alpha: 0.45
  Total Train Loss:        3.46
    Contrastive Train Loss: 6.61
    Overall Recon Train Loss: 0.85
    Recon Train Loss:       0.17
    Cycle Train Loss:       0.01
  Total Valid Loss:        4.91
    Contrastive Valid Loss: 9.78
    Overall Recon Valid Loss: 0.87
    Recon Valid Loss:       0.17
    Cycle Valid Loss:       0.01
Learning Rate: 0.0001
Epoch: 80, Alpha: 0.45
  Total Train Loss:        3.43
    Contrastive Train Loss: 6.60
    Overall Recon Train Loss: 0.85
    Recon Train Loss:       0.17
    Cycle Train Loss:       0.01
  Total Valid Loss:        4.85
    Contrastive Valid Loss: 9.73
    Overall Recon Valid Loss: 0.87
    Recon Valid Loss:       0.17
    Cycle Valid Loss:       0.01
Learning Rate: 0.0001
Epoch: 81, Alpha: 0.44
  Total Train Loss:        3.40
    Contrastive Train Loss: 6.60
    Overall Recon Train Loss: 0.85
    Recon Train Loss:       0.17
    Cycle Train Loss:       0.01
  Total Valid Loss:        4.82
    Contrastive Valid Loss: 9.75
    Overall Recon Valid Loss: 0.87
    Recon Valid Loss:       0.17
    Cycle Valid Loss:       0.01
Learning Rate: 0.0001
Epoch: 82, Alpha: 0.44
  Total Train Loss:        3.37
    Contrastive Train Loss: 6.59
    Overall Recon Train Loss: 0.84
    Recon Train Loss:       0.17
    Cycle Train Loss:       0.01
  Total Valid Loss:        4.79
    Contrastive Valid Loss: 9.77
    Overall Recon Valid Loss: 0.87
    Recon Valid Loss:       0.17
    Cycle Valid Loss:       0.01
Learning Rate: 0.0001
Epoch: 83, Alpha: 0.44
  Total Train Loss:        3.34
    Contrastive Train Loss: 6.58
    Overall Recon Train Loss: 0.84
    Recon Train Loss:       0.17
    Cycle Train Loss:       0.01
  Total Valid Loss:        4.73
    Contrastive Valid Loss: 9.73
    Overall Recon Valid Loss: 0.87
    Recon Valid Loss:       0.17
    Cycle Valid Loss:       0.01
Learning Rate: 0.0001
Epoch: 84, Alpha: 0.43
  Total Train Loss:        3.31
    Contrastive Train Loss: 6.57
    Overall Recon Train Loss: 0.84
    Recon Train Loss:       0.17
    Cycle Train Loss:       0.01
  Total Valid Loss:        4.72
    Contrastive Valid Loss: 9.79
    Overall Recon Valid Loss: 0.87
    Recon Valid Loss:       0.17
    Cycle Valid Loss:       0.01
Learning Rate: 0.0001
Epoch: 85, Alpha: 0.43
  Total Train Loss:        3.29
    Contrastive Train Loss: 6.57
    Overall Recon Train Loss: 0.84
    Recon Train Loss:       0.17
    Cycle Train Loss:       0.01
  Total Valid Loss:        4.69
    Contrastive Valid Loss: 9.80
    Overall Recon Valid Loss: 0.88
    Recon Valid Loss:       0.18
    Cycle Valid Loss:       0.01
Learning Rate: 0.0001
Epoch: 86, Alpha: 0.42
  Total Train Loss:        3.26
    Contrastive Train Loss: 6.56
    Overall Recon Train Loss: 0.83
    Recon Train Loss:       0.17
    Cycle Train Loss:       0.01
  Total Valid Loss:        4.66
    Contrastive Valid Loss: 9.81
    Overall Recon Valid Loss: 0.88
    Recon Valid Loss:       0.18
    Cycle Valid Loss:       0.01
Learning Rate: 0.0001
Epoch: 87, Alpha: 0.42
  Total Train Loss:        3.23
    Contrastive Train Loss: 6.55
    Overall Recon Train Loss: 0.83
    Recon Train Loss:       0.17
    Cycle Train Loss:       0.01
  Total Valid Loss:        4.61
    Contrastive Valid Loss: 9.79
    Overall Recon Valid Loss: 0.88
    Recon Valid Loss:       0.18
    Cycle Valid Loss:       0.01
Learning Rate: 0.0001
Epoch: 88, Alpha: 0.41
  Total Train Loss:        3.20
    Contrastive Train Loss: 6.55
    Overall Recon Train Loss: 0.83
    Recon Train Loss:       0.17
    Cycle Train Loss:       0.01
  Total Valid Loss:        4.57
    Contrastive Valid Loss: 9.80
    Overall Recon Valid Loss: 0.87
    Recon Valid Loss:       0.17
    Cycle Valid Loss:       0.01
Learning Rate: 0.0001
Epoch: 89, Alpha: 0.41
  Total Train Loss:        3.17
    Contrastive Train Loss: 6.55
    Overall Recon Train Loss: 0.83
    Recon Train Loss:       0.17
    Cycle Train Loss:       0.01
  Total Valid Loss:        4.53
    Contrastive Valid Loss: 9.80
    Overall Recon Valid Loss: 0.86
    Recon Valid Loss:       0.17
    Cycle Valid Loss:       0.01
Learning Rate: 0.0001
Epoch: 90, Alpha: 0.41
  Total Train Loss:        3.15
    Contrastive Train Loss: 6.54
    Overall Recon Train Loss: 0.82
    Recon Train Loss:       0.16
    Cycle Train Loss:       0.01
  Total Valid Loss:        4.50
    Contrastive Valid Loss: 9.79
    Overall Recon Valid Loss: 0.87
    Recon Valid Loss:       0.17
    Cycle Valid Loss:       0.01
Learning Rate: 0.0001
Epoch: 91, Alpha: 0.40
  Total Train Loss:        3.12
    Contrastive Train Loss: 6.53
    Overall Recon Train Loss: 0.82
    Recon Train Loss:       0.16
    Cycle Train Loss:       0.01
  Total Valid Loss:        4.45
    Contrastive Valid Loss: 9.78
    Overall Recon Valid Loss: 0.87
    Recon Valid Loss:       0.17
    Cycle Valid Loss:       0.01
Learning Rate: 0.0001
Epoch: 92, Alpha: 0.40
  Total Train Loss:        3.10
    Contrastive Train Loss: 6.53
    Overall Recon Train Loss: 0.82
    Recon Train Loss:       0.16
    Cycle Train Loss:       0.01
  Total Valid Loss:        4.42
    Contrastive Valid Loss: 9.78
    Overall Recon Valid Loss: 0.87
    Recon Valid Loss:       0.17
    Cycle Valid Loss:       0.01
Learning Rate: 0.0001
Epoch: 93, Alpha: 0.39
  Total Train Loss:        3.07
    Contrastive Train Loss: 6.52
    Overall Recon Train Loss: 0.82
    Recon Train Loss:       0.16
    Cycle Train Loss:       0.01
  Total Valid Loss:        4.38
    Contrastive Valid Loss: 9.78
    Overall Recon Valid Loss: 0.86
    Recon Valid Loss:       0.17
    Cycle Valid Loss:       0.01
Learning Rate: 0.0001
Epoch: 94, Alpha: 0.39
  Total Train Loss:        3.04
    Contrastive Train Loss: 6.52
    Overall Recon Train Loss: 0.82
    Recon Train Loss:       0.16
    Cycle Train Loss:       0.01
  Total Valid Loss:        4.35
    Contrastive Valid Loss: 9.80
    Overall Recon Valid Loss: 0.86
    Recon Valid Loss:       0.17
    Cycle Valid Loss:       0.01
Learning Rate: 0.0001
Epoch: 95, Alpha: 0.39
  Total Train Loss:        3.02
    Contrastive Train Loss: 6.51
    Overall Recon Train Loss: 0.81
    Recon Train Loss:       0.16
    Cycle Train Loss:       0.01
  Total Valid Loss:        4.33
    Contrastive Valid Loss: 9.81
    Overall Recon Valid Loss: 0.86
    Recon Valid Loss:       0.17
    Cycle Valid Loss:       0.01
Learning Rate: 0.0001
Epoch: 96, Alpha: 0.38
  Total Train Loss:        2.99
    Contrastive Train Loss: 6.51
    Overall Recon Train Loss: 0.81
    Recon Train Loss:       0.16
    Cycle Train Loss:       0.01
  Total Valid Loss:        4.27
    Contrastive Valid Loss: 9.78
    Overall Recon Valid Loss: 0.86
    Recon Valid Loss:       0.17
    Cycle Valid Loss:       0.01
Learning Rate: 0.0001
Epoch: 97, Alpha: 0.38
  Total Train Loss:        2.97
    Contrastive Train Loss: 6.50
    Overall Recon Train Loss: 0.81
    Recon Train Loss:       0.16
    Cycle Train Loss:       0.01
  Total Valid Loss:        4.23
    Contrastive Valid Loss: 9.77
    Overall Recon Valid Loss: 0.85
    Recon Valid Loss:       0.17
    Cycle Valid Loss:       0.01
Learning Rate: 0.0001
Epoch: 98, Alpha: 0.38
  Total Train Loss:        2.94
    Contrastive Train Loss: 6.50
    Overall Recon Train Loss: 0.81
    Recon Train Loss:       0.16
    Cycle Train Loss:       0.01
  Total Valid Loss:        4.20
    Contrastive Valid Loss: 9.77
    Overall Recon Valid Loss: 0.86
    Recon Valid Loss:       0.17
    Cycle Valid Loss:       0.01
Learning Rate: 0.0001
Epoch: 99, Alpha: 0.37
  Total Train Loss:        2.92
    Contrastive Train Loss: 6.50
    Overall Recon Train Loss: 0.81
    Recon Train Loss:       0.16
    Cycle Train Loss:       0.01
  Total Valid Loss:        4.17
    Contrastive Valid Loss: 9.78
    Overall Recon Valid Loss: 0.86
    Recon Valid Loss:       0.17
    Cycle Valid Loss:       0.01
Learning Rate: 0.0001
Epoch: 100, Alpha: 0.37
  Total Train Loss:        2.90
    Contrastive Train Loss: 6.49
    Overall Recon Train Loss: 0.80
    Recon Train Loss:       0.16
    Cycle Train Loss:       0.01
  Total Valid Loss:        4.15
    Contrastive Valid Loss: 9.80
    Overall Recon Valid Loss: 0.86
    Recon Valid Loss:       0.17
    Cycle Valid Loss:       0.01
Learning Rate: 0.0001
Epoch: 101, Alpha: 0.36
  Total Train Loss:        2.87
    Contrastive Train Loss: 6.49
    Overall Recon Train Loss: 0.80
    Recon Train Loss:       0.16
    Cycle Train Loss:       0.01
  Total Valid Loss:        4.11
    Contrastive Valid Loss: 9.80
    Overall Recon Valid Loss: 0.86
    Recon Valid Loss:       0.17
    Cycle Valid Loss:       0.01
Learning Rate: 0.0001
Epoch: 102, Alpha: 0.36
  Total Train Loss:        2.85
    Contrastive Train Loss: 6.48
    Overall Recon Train Loss: 0.80
    Recon Train Loss:       0.16
    Cycle Train Loss:       0.01
  Total Valid Loss:        4.08
    Contrastive Valid Loss: 9.80
    Overall Recon Valid Loss: 0.86
    Recon Valid Loss:       0.17
    Cycle Valid Loss:       0.01
Learning Rate: 0.0001
Epoch: 103, Alpha: 0.36
  Total Train Loss:        2.83
    Contrastive Train Loss: 6.48
    Overall Recon Train Loss: 0.80
    Recon Train Loss:       0.16
    Cycle Train Loss:       0.01
  Total Valid Loss:        4.05
    Contrastive Valid Loss: 9.81
    Overall Recon Valid Loss: 0.86
    Recon Valid Loss:       0.17
    Cycle Valid Loss:       0.01
Learning Rate: 0.0001
Epoch: 104, Alpha: 0.35
  Total Train Loss:        2.80
    Contrastive Train Loss: 6.48
    Overall Recon Train Loss: 0.80
    Recon Train Loss:       0.16
    Cycle Train Loss:       0.01
  Total Valid Loss:        4.02
    Contrastive Valid Loss: 9.82
    Overall Recon Valid Loss: 0.86
    Recon Valid Loss:       0.17
    Cycle Valid Loss:       0.01
Learning Rate: 0.0001
Epoch: 105, Alpha: 0.35
  Total Train Loss:        2.78
    Contrastive Train Loss: 6.47
    Overall Recon Train Loss: 0.79
    Recon Train Loss:       0.16
    Cycle Train Loss:       0.01
  Total Valid Loss:        3.99
    Contrastive Valid Loss: 9.82
    Overall Recon Valid Loss: 0.86
    Recon Valid Loss:       0.17
    Cycle Valid Loss:       0.01
Learning Rate: 0.0001
Epoch: 106, Alpha: 0.35
  Total Train Loss:        2.76
    Contrastive Train Loss: 6.47
    Overall Recon Train Loss: 0.79
    Recon Train Loss:       0.16
    Cycle Train Loss:       0.01
  Total Valid Loss:        3.96
    Contrastive Valid Loss: 9.82
    Overall Recon Valid Loss: 0.86
    Recon Valid Loss:       0.17
    Cycle Valid Loss:       0.01
Learning Rate: 0.0001
Epoch: 107, Alpha: 0.34
  Total Train Loss:        2.74
    Contrastive Train Loss: 6.47
    Overall Recon Train Loss: 0.79
    Recon Train Loss:       0.16
    Cycle Train Loss:       0.01
  Total Valid Loss:        3.94
    Contrastive Valid Loss: 9.84
    Overall Recon Valid Loss: 0.86
    Recon Valid Loss:       0.17
    Cycle Valid Loss:       0.01
Learning Rate: 0.0001
Epoch: 108, Alpha: 0.34
  Total Train Loss:        2.71
    Contrastive Train Loss: 6.46
    Overall Recon Train Loss: 0.79
    Recon Train Loss:       0.16
    Cycle Train Loss:       0.01
  Total Valid Loss:        3.90
    Contrastive Valid Loss: 9.83
    Overall Recon Valid Loss: 0.85
    Recon Valid Loss:       0.17
    Cycle Valid Loss:       0.01
Learning Rate: 0.0001
Epoch: 109, Alpha: 0.34
  Total Train Loss:        2.69
    Contrastive Train Loss: 6.46
    Overall Recon Train Loss: 0.79
    Recon Train Loss:       0.16
    Cycle Train Loss:       0.01
  Total Valid Loss:        3.87
    Contrastive Valid Loss: 9.81
    Overall Recon Valid Loss: 0.85
    Recon Valid Loss:       0.17
    Cycle Valid Loss:       0.01
Learning Rate: 0.0001
Epoch: 110, Alpha: 0.33
  Total Train Loss:        2.67
    Contrastive Train Loss: 6.45
    Overall Recon Train Loss: 0.79
    Recon Train Loss:       0.16
    Cycle Train Loss:       0.01
  Total Valid Loss:        3.82
    Contrastive Valid Loss: 9.80
    Overall Recon Valid Loss: 0.84
    Recon Valid Loss:       0.17
    Cycle Valid Loss:       0.01
Learning Rate: 0.0001
Epoch: 111, Alpha: 0.33
  Total Train Loss:        2.65
    Contrastive Train Loss: 6.45
    Overall Recon Train Loss: 0.79
    Recon Train Loss:       0.16
    Cycle Train Loss:       0.01
  Total Valid Loss:        3.80
    Contrastive Valid Loss: 9.81
    Overall Recon Valid Loss: 0.85
    Recon Valid Loss:       0.17
    Cycle Valid Loss:       0.01
Learning Rate: 0.0001
Epoch: 112, Alpha: 0.33
  Total Train Loss:        2.63
    Contrastive Train Loss: 6.45
    Overall Recon Train Loss: 0.78
    Recon Train Loss:       0.16
    Cycle Train Loss:       0.01
  Total Valid Loss:        3.78
    Contrastive Valid Loss: 9.83
    Overall Recon Valid Loss: 0.85
    Recon Valid Loss:       0.17
    Cycle Valid Loss:       0.01
Learning Rate: 0.0001
Epoch: 113, Alpha: 0.32
  Total Train Loss:        2.61
    Contrastive Train Loss: 6.44
    Overall Recon Train Loss: 0.78
    Recon Train Loss:       0.16
    Cycle Train Loss:       0.01
  Total Valid Loss:        3.76
    Contrastive Valid Loss: 9.84
    Overall Recon Valid Loss: 0.86
    Recon Valid Loss:       0.17
    Cycle Valid Loss:       0.01
Learning Rate: 0.0001
Epoch: 114, Alpha: 0.32
  Total Train Loss:        2.59
    Contrastive Train Loss: 6.44
    Overall Recon Train Loss: 0.78
    Recon Train Loss:       0.16
    Cycle Train Loss:       0.01
  Total Valid Loss:        3.72
    Contrastive Valid Loss: 9.83
    Overall Recon Valid Loss: 0.84
    Recon Valid Loss:       0.17
    Cycle Valid Loss:       0.01
Learning Rate: 0.0001
Epoch: 115, Alpha: 0.32
  Total Train Loss:        2.57
    Contrastive Train Loss: 6.44
    Overall Recon Train Loss: 0.78
    Recon Train Loss:       0.16
    Cycle Train Loss:       0.01
  Total Valid Loss:        3.69
    Contrastive Valid Loss: 9.84
    Overall Recon Valid Loss: 0.84
    Recon Valid Loss:       0.17
    Cycle Valid Loss:       0.01
Learning Rate: 0.0001
Epoch: 116, Alpha: 0.31
  Total Train Loss:        2.55
    Contrastive Train Loss: 6.43
    Overall Recon Train Loss: 0.78
    Recon Train Loss:       0.16
    Cycle Train Loss:       0.01
  Total Valid Loss:        3.67
    Contrastive Valid Loss: 9.83
    Overall Recon Valid Loss: 0.85
    Recon Valid Loss:       0.17
    Cycle Valid Loss:       0.01
Learning Rate: 0.0001
Epoch: 117, Alpha: 0.31
  Total Train Loss:        2.53
    Contrastive Train Loss: 6.43
    Overall Recon Train Loss: 0.78
    Recon Train Loss:       0.16
    Cycle Train Loss:       0.01
  Total Valid Loss:        3.64
    Contrastive Valid Loss: 9.85
    Overall Recon Valid Loss: 0.84
    Recon Valid Loss:       0.17
    Cycle Valid Loss:       0.01
Learning Rate: 0.0001
Epoch: 118, Alpha: 0.31
  Total Train Loss:        2.51
    Contrastive Train Loss: 6.42
    Overall Recon Train Loss: 0.77
    Recon Train Loss:       0.15
    Cycle Train Loss:       0.01
  Total Valid Loss:        3.62
    Contrastive Valid Loss: 9.86
    Overall Recon Valid Loss: 0.85
    Recon Valid Loss:       0.17
    Cycle Valid Loss:       0.01
Learning Rate: 0.0001
Epoch: 119, Alpha: 0.30
  Total Train Loss:        2.49
    Contrastive Train Loss: 6.43
    Overall Recon Train Loss: 0.77
    Recon Train Loss:       0.15
    Cycle Train Loss:       0.01
  Total Valid Loss:        3.57
    Contrastive Valid Loss: 9.82
    Overall Recon Valid Loss: 0.84
    Recon Valid Loss:       0.17
    Cycle Valid Loss:       0.01
Learning Rate: 0.0001
Epoch: 120, Alpha: 0.30
  Total Train Loss:        2.47
    Contrastive Train Loss: 6.42
    Overall Recon Train Loss: 0.77
    Recon Train Loss:       0.15
    Cycle Train Loss:       0.01
  Total Valid Loss:        3.55
    Contrastive Valid Loss: 9.83
    Overall Recon Valid Loss: 0.84
    Recon Valid Loss:       0.17
    Cycle Valid Loss:       0.01
Learning Rate: 0.0001
Epoch: 121, Alpha: 0.30
  Total Train Loss:        2.46
    Contrastive Train Loss: 6.42
    Overall Recon Train Loss: 0.77
    Recon Train Loss:       0.15
    Cycle Train Loss:       0.01
  Total Valid Loss:        3.53
    Contrastive Valid Loss: 9.85
    Overall Recon Valid Loss: 0.85
    Recon Valid Loss:       0.17
    Cycle Valid Loss:       0.01
Learning Rate: 0.0001
Epoch: 122, Alpha: 0.30
  Total Train Loss:        2.44
    Contrastive Train Loss: 6.42
    Overall Recon Train Loss: 0.77
    Recon Train Loss:       0.15
    Cycle Train Loss:       0.01
  Total Valid Loss:        3.50
    Contrastive Valid Loss: 9.84
    Overall Recon Valid Loss: 0.84
    Recon Valid Loss:       0.17
    Cycle Valid Loss:       0.01
Learning Rate: 0.0001
Epoch: 123, Alpha: 0.29
  Total Train Loss:        2.42
    Contrastive Train Loss: 6.41
    Overall Recon Train Loss: 0.77
    Recon Train Loss:       0.15
    Cycle Train Loss:       0.01
  Total Valid Loss:        3.47
    Contrastive Valid Loss: 9.84
    Overall Recon Valid Loss: 0.84
    Recon Valid Loss:       0.17
    Cycle Valid Loss:       0.01
Learning Rate: 0.0001
Epoch: 124, Alpha: 0.29
  Total Train Loss:        2.40
    Contrastive Train Loss: 6.41
    Overall Recon Train Loss: 0.77
    Recon Train Loss:       0.15
    Cycle Train Loss:       0.01
  Total Valid Loss:        3.43
    Contrastive Valid Loss: 9.81
    Overall Recon Valid Loss: 0.83
    Recon Valid Loss:       0.17
    Cycle Valid Loss:       0.01
Learning Rate: 0.0001
Epoch: 125, Alpha: 0.29
  Total Train Loss:        2.38
    Contrastive Train Loss: 6.40
    Overall Recon Train Loss: 0.77
    Recon Train Loss:       0.15
    Cycle Train Loss:       0.01
  Total Valid Loss:        3.41
    Contrastive Valid Loss: 9.83
    Overall Recon Valid Loss: 0.83
    Recon Valid Loss:       0.17
    Cycle Valid Loss:       0.01
Learning Rate: 0.0001
Epoch: 126, Alpha: 0.28
  Total Train Loss:        2.37
    Contrastive Train Loss: 6.41
    Overall Recon Train Loss: 0.77
    Recon Train Loss:       0.15
    Cycle Train Loss:       0.01
  Total Valid Loss:        3.39
    Contrastive Valid Loss: 9.84
    Overall Recon Valid Loss: 0.83
    Recon Valid Loss:       0.17
    Cycle Valid Loss:       0.01
Learning Rate: 0.0001
Epoch: 127, Alpha: 0.28
  Total Train Loss:        2.35
    Contrastive Train Loss: 6.40
    Overall Recon Train Loss: 0.76
    Recon Train Loss:       0.15
    Cycle Train Loss:       0.01
  Total Valid Loss:        3.36
    Contrastive Valid Loss: 9.83
    Overall Recon Valid Loss: 0.84
    Recon Valid Loss:       0.17
    Cycle Valid Loss:       0.01
Learning Rate: 0.0001
Epoch: 128, Alpha: 0.28
  Total Train Loss:        2.33
    Contrastive Train Loss: 6.40
    Overall Recon Train Loss: 0.76
    Recon Train Loss:       0.15
    Cycle Train Loss:       0.01
  Total Valid Loss:        3.34
    Contrastive Valid Loss: 9.85
    Overall Recon Valid Loss: 0.84
    Recon Valid Loss:       0.17
    Cycle Valid Loss:       0.01
Learning Rate: 0.0001
Epoch: 129, Alpha: 0.28
  Total Train Loss:        2.31
    Contrastive Train Loss: 6.39
    Overall Recon Train Loss: 0.76
    Recon Train Loss:       0.15
    Cycle Train Loss:       0.01
  Total Valid Loss:        3.31
    Contrastive Valid Loss: 9.83
    Overall Recon Valid Loss: 0.83
    Recon Valid Loss:       0.17
    Cycle Valid Loss:       0.01
Learning Rate: 0.0001
Epoch: 130, Alpha: 0.27
  Total Train Loss:        2.30
    Contrastive Train Loss: 6.39
    Overall Recon Train Loss: 0.76
    Recon Train Loss:       0.15
    Cycle Train Loss:       0.01
  Total Valid Loss:        3.29
    Contrastive Valid Loss: 9.85
    Overall Recon Valid Loss: 0.83
    Recon Valid Loss:       0.17
    Cycle Valid Loss:       0.01
Learning Rate: 0.0001
Epoch: 131, Alpha: 0.27
  Total Train Loss:        2.28
    Contrastive Train Loss: 6.39
    Overall Recon Train Loss: 0.76
    Recon Train Loss:       0.15
    Cycle Train Loss:       0.01
  Total Valid Loss:        3.26
    Contrastive Valid Loss: 9.84
    Overall Recon Valid Loss: 0.83
    Recon Valid Loss:       0.17
    Cycle Valid Loss:       0.01
Learning Rate: 0.0001
Epoch: 132, Alpha: 0.27
  Total Train Loss:        2.26
    Contrastive Train Loss: 6.39
    Overall Recon Train Loss: 0.76
    Recon Train Loss:       0.15
    Cycle Train Loss:       0.01
  Total Valid Loss:        3.25
    Contrastive Valid Loss: 9.87
    Overall Recon Valid Loss: 0.83
    Recon Valid Loss:       0.17
    Cycle Valid Loss:       0.01
Learning Rate: 0.0001
Epoch: 133, Alpha: 0.26
  Total Train Loss:        2.25
    Contrastive Train Loss: 6.39
    Overall Recon Train Loss: 0.76
    Recon Train Loss:       0.15
    Cycle Train Loss:       0.01
  Total Valid Loss:        3.22
    Contrastive Valid Loss: 9.87
    Overall Recon Valid Loss: 0.83
    Recon Valid Loss:       0.17
    Cycle Valid Loss:       0.01
Learning Rate: 0.0001
Epoch: 134, Alpha: 0.26
  Total Train Loss:        2.23
    Contrastive Train Loss: 6.38
    Overall Recon Train Loss: 0.76
    Recon Train Loss:       0.15
    Cycle Train Loss:       0.01
  Total Valid Loss:        3.19
    Contrastive Valid Loss: 9.85
    Overall Recon Valid Loss: 0.83
    Recon Valid Loss:       0.17
    Cycle Valid Loss:       0.01
Learning Rate: 0.0001
Epoch: 135, Alpha: 0.26
  Total Train Loss:        2.21
    Contrastive Train Loss: 6.38
    Overall Recon Train Loss: 0.76
    Recon Train Loss:       0.15
    Cycle Train Loss:       0.01
  Total Valid Loss:        3.16
    Contrastive Valid Loss: 9.83
    Overall Recon Valid Loss: 0.83
    Recon Valid Loss:       0.17
    Cycle Valid Loss:       0.01
Learning Rate: 0.0001
Epoch: 136, Alpha: 0.26
  Total Train Loss:        2.20
    Contrastive Train Loss: 6.38
    Overall Recon Train Loss: 0.75
    Recon Train Loss:       0.15
    Cycle Train Loss:       0.01
  Total Valid Loss:        3.14
    Contrastive Valid Loss: 9.85
    Overall Recon Valid Loss: 0.82
    Recon Valid Loss:       0.16
    Cycle Valid Loss:       0.01
Learning Rate: 0.0001
Epoch: 137, Alpha: 0.25
  Total Train Loss:        2.18
    Contrastive Train Loss: 6.38
    Overall Recon Train Loss: 0.75
    Recon Train Loss:       0.15
    Cycle Train Loss:       0.01
  Total Valid Loss:        3.12
    Contrastive Valid Loss: 9.86
    Overall Recon Valid Loss: 0.83
    Recon Valid Loss:       0.17
    Cycle Valid Loss:       0.01
Learning Rate: 0.0001
Epoch: 138, Alpha: 0.25
  Total Train Loss:        2.17
    Contrastive Train Loss: 6.37
    Overall Recon Train Loss: 0.75
    Recon Train Loss:       0.15
    Cycle Train Loss:       0.01
  Total Valid Loss:        3.11
    Contrastive Valid Loss: 9.90
    Overall Recon Valid Loss: 0.83
    Recon Valid Loss:       0.17
    Cycle Valid Loss:       0.01
Learning Rate: 0.0001
Epoch: 139, Alpha: 0.25
  Total Train Loss:        2.15
    Contrastive Train Loss: 6.37
    Overall Recon Train Loss: 0.75
    Recon Train Loss:       0.15
    Cycle Train Loss:       0.01
  Total Valid Loss:        3.07
    Contrastive Valid Loss: 9.86
    Overall Recon Valid Loss: 0.82
    Recon Valid Loss:       0.16
    Cycle Valid Loss:       0.01
Learning Rate: 0.0001
Epoch: 140, Alpha: 0.25
  Total Train Loss:        2.14
    Contrastive Train Loss: 6.37
    Overall Recon Train Loss: 0.75
    Recon Train Loss:       0.15
    Cycle Train Loss:       0.01
  Total Valid Loss:        3.05
    Contrastive Valid Loss: 9.87
    Overall Recon Valid Loss: 0.82
    Recon Valid Loss:       0.16
    Cycle Valid Loss:       0.01
Learning Rate: 0.0001
Epoch: 141, Alpha: 0.24
  Total Train Loss:        2.12
    Contrastive Train Loss: 6.37
    Overall Recon Train Loss: 0.75
    Recon Train Loss:       0.15
    Cycle Train Loss:       0.01
  Total Valid Loss:        3.04
    Contrastive Valid Loss: 9.90
    Overall Recon Valid Loss: 0.82
    Recon Valid Loss:       0.16
    Cycle Valid Loss:       0.01
Learning Rate: 0.0001
Epoch: 142, Alpha: 0.24
  Total Train Loss:        2.11
    Contrastive Train Loss: 6.37
    Overall Recon Train Loss: 0.75
    Recon Train Loss:       0.15
    Cycle Train Loss:       0.01
  Total Valid Loss:        3.01
    Contrastive Valid Loss: 9.89
    Overall Recon Valid Loss: 0.82
    Recon Valid Loss:       0.16
    Cycle Valid Loss:       0.01
Learning Rate: 0.0001
Epoch: 143, Alpha: 0.24
  Total Train Loss:        2.09
    Contrastive Train Loss: 6.36
    Overall Recon Train Loss: 0.75
    Recon Train Loss:       0.15
    Cycle Train Loss:       0.01
  Total Valid Loss:        2.99
    Contrastive Valid Loss: 9.89
    Overall Recon Valid Loss: 0.83
    Recon Valid Loss:       0.17
    Cycle Valid Loss:       0.01
Learning Rate: 0.0001
Epoch: 144, Alpha: 0.24
  Total Train Loss:        2.08
    Contrastive Train Loss: 6.36
    Overall Recon Train Loss: 0.75
    Recon Train Loss:       0.15
    Cycle Train Loss:       0.01
  Total Valid Loss:        2.97
    Contrastive Valid Loss: 9.88
    Overall Recon Valid Loss: 0.82
    Recon Valid Loss:       0.16
    Cycle Valid Loss:       0.01
Learning Rate: 0.0001
Epoch: 145, Alpha: 0.23
  Total Train Loss:        2.06
    Contrastive Train Loss: 6.36
    Overall Recon Train Loss: 0.75
    Recon Train Loss:       0.15
    Cycle Train Loss:       0.01
  Total Valid Loss:        2.95
    Contrastive Valid Loss: 9.90
    Overall Recon Valid Loss: 0.82
    Recon Valid Loss:       0.16
    Cycle Valid Loss:       0.01
Learning Rate: 0.0001
Epoch: 146, Alpha: 0.23
  Total Train Loss:        2.05
    Contrastive Train Loss: 6.36
    Overall Recon Train Loss: 0.74
    Recon Train Loss:       0.15
    Cycle Train Loss:       0.01
  Total Valid Loss:        2.93
    Contrastive Valid Loss: 9.89
    Overall Recon Valid Loss: 0.82
    Recon Valid Loss:       0.16
    Cycle Valid Loss:       0.01
Learning Rate: 0.0001
Epoch: 147, Alpha: 0.23
  Total Train Loss:        2.03
    Contrastive Train Loss: 6.36
    Overall Recon Train Loss: 0.74
    Recon Train Loss:       0.15
    Cycle Train Loss:       0.01
  Total Valid Loss:        2.91
    Contrastive Valid Loss: 9.91
    Overall Recon Valid Loss: 0.82
    Recon Valid Loss:       0.16
    Cycle Valid Loss:       0.01
Learning Rate: 0.0001
Epoch: 148, Alpha: 0.23
  Total Train Loss:        2.02
    Contrastive Train Loss: 6.35
    Overall Recon Train Loss: 0.74
    Recon Train Loss:       0.15
    Cycle Train Loss:       0.01
  Total Valid Loss:        2.88
    Contrastive Valid Loss: 9.88
    Overall Recon Valid Loss: 0.82
    Recon Valid Loss:       0.16
    Cycle Valid Loss:       0.01
Learning Rate: 0.0001
Epoch: 149, Alpha: 0.23
  Total Train Loss:        2.01
    Contrastive Train Loss: 6.35
    Overall Recon Train Loss: 0.74
    Recon Train Loss:       0.15
    Cycle Train Loss:       0.01
  Total Valid Loss:        2.87
    Contrastive Valid Loss: 9.91
    Overall Recon Valid Loss: 0.82
    Recon Valid Loss:       0.16
    Cycle Valid Loss:       0.01
Learning Rate: 0.0001
Epoch: 150, Alpha: 0.22
  Total Train Loss:        1.99
    Contrastive Train Loss: 6.35
    Overall Recon Train Loss: 0.74
    Recon Train Loss:       0.15
    Cycle Train Loss:       0.01
  Total Valid Loss:        2.85
    Contrastive Valid Loss: 9.91
    Overall Recon Valid Loss: 0.82
    Recon Valid Loss:       0.16
    Cycle Valid Loss:       0.01
Learning Rate: 0.0001
Epoch: 151, Alpha: 0.22
  Total Train Loss:        1.98
    Contrastive Train Loss: 6.35
    Overall Recon Train Loss: 0.74
    Recon Train Loss:       0.15
    Cycle Train Loss:       0.01
  Total Valid Loss:        2.82
    Contrastive Valid Loss: 9.88
    Overall Recon Valid Loss: 0.82
    Recon Valid Loss:       0.16
    Cycle Valid Loss:       0.01
Learning Rate: 0.0001
Epoch: 152, Alpha: 0.22
  Total Train Loss:        1.97
    Contrastive Train Loss: 6.35
    Overall Recon Train Loss: 0.74
    Recon Train Loss:       0.15
    Cycle Train Loss:       0.01
  Total Valid Loss:        2.81
    Contrastive Valid Loss: 9.91
    Overall Recon Valid Loss: 0.82
    Recon Valid Loss:       0.16
    Cycle Valid Loss:       0.01
Learning Rate: 0.0001
Epoch: 153, Alpha: 0.22
  Total Train Loss:        1.95
    Contrastive Train Loss: 6.35
    Overall Recon Train Loss: 0.74
    Recon Train Loss:       0.15
    Cycle Train Loss:       0.01
  Total Valid Loss:        2.78
    Contrastive Valid Loss: 9.89
    Overall Recon Valid Loss: 0.82
    Recon Valid Loss:       0.16
    Cycle Valid Loss:       0.01
Learning Rate: 0.0001
Epoch: 154, Alpha: 0.21
  Total Train Loss:        1.94
    Contrastive Train Loss: 6.34
    Overall Recon Train Loss: 0.74
    Recon Train Loss:       0.15
    Cycle Train Loss:       0.01
  Total Valid Loss:        2.76
    Contrastive Valid Loss: 9.91
    Overall Recon Valid Loss: 0.81
    Recon Valid Loss:       0.16
    Cycle Valid Loss:       0.01
Learning Rate: 0.0001
Epoch: 155, Alpha: 0.21
  Total Train Loss:        1.93
    Contrastive Train Loss: 6.34
    Overall Recon Train Loss: 0.74
    Recon Train Loss:       0.15
    Cycle Train Loss:       0.01
  Total Valid Loss:        2.75
    Contrastive Valid Loss: 9.92
    Overall Recon Valid Loss: 0.81
    Recon Valid Loss:       0.16
    Cycle Valid Loss:       0.01
Learning Rate: 0.0001
Epoch: 156, Alpha: 0.21
  Total Train Loss:        1.91
    Contrastive Train Loss: 6.34
    Overall Recon Train Loss: 0.74
    Recon Train Loss:       0.15
    Cycle Train Loss:       0.01
  Total Valid Loss:        2.73
    Contrastive Valid Loss: 9.92
    Overall Recon Valid Loss: 0.81
    Recon Valid Loss:       0.16
    Cycle Valid Loss:       0.01
Learning Rate: 0.0001
Epoch: 157, Alpha: 0.21
  Total Train Loss:        1.90
    Contrastive Train Loss: 6.34
    Overall Recon Train Loss: 0.74
    Recon Train Loss:       0.15
    Cycle Train Loss:       0.01
  Total Valid Loss:        2.71
    Contrastive Valid Loss: 9.93
    Overall Recon Valid Loss: 0.81
    Recon Valid Loss:       0.16
    Cycle Valid Loss:       0.01
Learning Rate: 0.0001
Epoch: 158, Alpha: 0.21
  Total Train Loss:        1.89
    Contrastive Train Loss: 6.34
    Overall Recon Train Loss: 0.73
    Recon Train Loss:       0.15
    Cycle Train Loss:       0.01
  Total Valid Loss:        2.69
    Contrastive Valid Loss: 9.93
    Overall Recon Valid Loss: 0.81
    Recon Valid Loss:       0.16
    Cycle Valid Loss:       0.01
Learning Rate: 0.0001
Epoch: 159, Alpha: 0.20
  Total Train Loss:        1.88
    Contrastive Train Loss: 6.33
    Overall Recon Train Loss: 0.73
    Recon Train Loss:       0.15
    Cycle Train Loss:       0.01
  Total Valid Loss:        2.67
    Contrastive Valid Loss: 9.90
    Overall Recon Valid Loss: 0.81
    Recon Valid Loss:       0.16
    Cycle Valid Loss:       0.01
Learning Rate: 0.0001
Epoch: 160, Alpha: 0.20
  Total Train Loss:        1.86
    Contrastive Train Loss: 6.33
    Overall Recon Train Loss: 0.73
    Recon Train Loss:       0.15
    Cycle Train Loss:       0.01
  Total Valid Loss:        2.64
    Contrastive Valid Loss: 9.88
    Overall Recon Valid Loss: 0.81
    Recon Valid Loss:       0.16
    Cycle Valid Loss:       0.01
Learning Rate: 0.0001
Epoch: 161, Alpha: 0.20
  Total Train Loss:        1.85
    Contrastive Train Loss: 6.33
    Overall Recon Train Loss: 0.73
    Recon Train Loss:       0.15
    Cycle Train Loss:       0.01
  Total Valid Loss:        2.63
    Contrastive Valid Loss: 9.93
    Overall Recon Valid Loss: 0.81
    Recon Valid Loss:       0.16
    Cycle Valid Loss:       0.01
Learning Rate: 0.0001
Epoch: 162, Alpha: 0.20
  Total Train Loss:        1.84
    Contrastive Train Loss: 6.33
    Overall Recon Train Loss: 0.73
    Recon Train Loss:       0.15
    Cycle Train Loss:       0.01
  Total Valid Loss:        2.62
    Contrastive Valid Loss: 9.93
    Overall Recon Valid Loss: 0.81
    Recon Valid Loss:       0.16
    Cycle Valid Loss:       0.01
Learning Rate: 0.0001
Epoch: 163, Alpha: 0.20
  Total Train Loss:        1.83
    Contrastive Train Loss: 6.33
    Overall Recon Train Loss: 0.73
    Recon Train Loss:       0.15
    Cycle Train Loss:       0.01
  Total Valid Loss:        2.61
    Contrastive Valid Loss: 9.96
    Overall Recon Valid Loss: 0.81
    Recon Valid Loss:       0.16
    Cycle Valid Loss:       0.01
Learning Rate: 0.0001
Epoch: 164, Alpha: 0.19
  Total Train Loss:        1.82
    Contrastive Train Loss: 6.33
    Overall Recon Train Loss: 0.73
    Recon Train Loss:       0.15
    Cycle Train Loss:       0.01
  Total Valid Loss:        2.58
    Contrastive Valid Loss: 9.92
    Overall Recon Valid Loss: 0.81
    Recon Valid Loss:       0.16
    Cycle Valid Loss:       0.01
Learning Rate: 0.0001
Epoch: 165, Alpha: 0.19
  Total Train Loss:        1.80
    Contrastive Train Loss: 6.33
    Overall Recon Train Loss: 0.73
    Recon Train Loss:       0.15
    Cycle Train Loss:       0.01
  Total Valid Loss:        2.56
    Contrastive Valid Loss: 9.94
    Overall Recon Valid Loss: 0.81
    Recon Valid Loss:       0.16
    Cycle Valid Loss:       0.01
Learning Rate: 0.0001
Epoch: 166, Alpha: 0.19
  Total Train Loss:        1.79
    Contrastive Train Loss: 6.32
    Overall Recon Train Loss: 0.73
    Recon Train Loss:       0.15
    Cycle Train Loss:       0.01
  Total Valid Loss:        2.54
    Contrastive Valid Loss: 9.91
    Overall Recon Valid Loss: 0.81
    Recon Valid Loss:       0.16
    Cycle Valid Loss:       0.01
Learning Rate: 0.0001
Epoch: 167, Alpha: 0.19
  Total Train Loss:        1.78
    Contrastive Train Loss: 6.32
    Overall Recon Train Loss: 0.73
    Recon Train Loss:       0.15
    Cycle Train Loss:       0.01
  Total Valid Loss:        2.53
    Contrastive Valid Loss: 9.94
    Overall Recon Valid Loss: 0.81
    Recon Valid Loss:       0.16
    Cycle Valid Loss:       0.01
Learning Rate: 0.0001
Epoch: 168, Alpha: 0.19
  Total Train Loss:        1.77
    Contrastive Train Loss: 6.32
    Overall Recon Train Loss: 0.73
    Recon Train Loss:       0.15
    Cycle Train Loss:       0.01
  Total Valid Loss:        2.50
    Contrastive Valid Loss: 9.93
    Overall Recon Valid Loss: 0.80
    Recon Valid Loss:       0.16
    Cycle Valid Loss:       0.01
Learning Rate: 0.0001
Epoch: 169, Alpha: 0.18
  Total Train Loss:        1.76
    Contrastive Train Loss: 6.32
    Overall Recon Train Loss: 0.73
    Recon Train Loss:       0.15
    Cycle Train Loss:       0.01
  Total Valid Loss:        2.49
    Contrastive Valid Loss: 9.94
    Overall Recon Valid Loss: 0.81
    Recon Valid Loss:       0.16
    Cycle Valid Loss:       0.01
Learning Rate: 0.0001
Epoch: 170, Alpha: 0.18
  Total Train Loss:        1.75
    Contrastive Train Loss: 6.32
    Overall Recon Train Loss: 0.73
    Recon Train Loss:       0.15
    Cycle Train Loss:       0.01
  Total Valid Loss:        2.48
    Contrastive Valid Loss: 9.95
    Overall Recon Valid Loss: 0.81
    Recon Valid Loss:       0.16
    Cycle Valid Loss:       0.01
Learning Rate: 0.0001
Epoch: 171, Alpha: 0.18
  Total Train Loss:        1.74
    Contrastive Train Loss: 6.32
    Overall Recon Train Loss: 0.73
    Recon Train Loss:       0.15
    Cycle Train Loss:       0.01
  Total Valid Loss:        2.46
    Contrastive Valid Loss: 9.95
    Overall Recon Valid Loss: 0.81
    Recon Valid Loss:       0.16
    Cycle Valid Loss:       0.01
Learning Rate: 0.0001
Epoch: 172, Alpha: 0.18
  Total Train Loss:        1.73
    Contrastive Train Loss: 6.32
    Overall Recon Train Loss: 0.73
    Recon Train Loss:       0.15
    Cycle Train Loss:       0.01
  Total Valid Loss:        2.44
    Contrastive Valid Loss: 9.93
    Overall Recon Valid Loss: 0.80
    Recon Valid Loss:       0.16
    Cycle Valid Loss:       0.01
Learning Rate: 0.0001
Epoch: 173, Alpha: 0.18
  Total Train Loss:        1.72
    Contrastive Train Loss: 6.31
    Overall Recon Train Loss: 0.72
    Recon Train Loss:       0.14
    Cycle Train Loss:       0.01
  Total Valid Loss:        2.42
    Contrastive Valid Loss: 9.97
    Overall Recon Valid Loss: 0.80
    Recon Valid Loss:       0.16
    Cycle Valid Loss:       0.01
Learning Rate: 0.0001
Epoch: 174, Alpha: 0.18
  Total Train Loss:        1.70
    Contrastive Train Loss: 6.31
    Overall Recon Train Loss: 0.72
    Recon Train Loss:       0.14
    Cycle Train Loss:       0.01
  Total Valid Loss:        2.40
    Contrastive Valid Loss: 9.92
    Overall Recon Valid Loss: 0.80
    Recon Valid Loss:       0.16
    Cycle Valid Loss:       0.01
Learning Rate: 0.0001
Epoch: 175, Alpha: 0.17
  Total Train Loss:        1.69
    Contrastive Train Loss: 6.31
    Overall Recon Train Loss: 0.72
    Recon Train Loss:       0.14
    Cycle Train Loss:       0.01
  Total Valid Loss:        2.39
    Contrastive Valid Loss: 9.94
    Overall Recon Valid Loss: 0.81
    Recon Valid Loss:       0.16
    Cycle Valid Loss:       0.01
Learning Rate: 0.0001
Epoch: 176, Alpha: 0.17
  Total Train Loss:        1.68
    Contrastive Train Loss: 6.31
    Overall Recon Train Loss: 0.72
    Recon Train Loss:       0.14
    Cycle Train Loss:       0.01
  Total Valid Loss:        2.37
    Contrastive Valid Loss: 9.97
    Overall Recon Valid Loss: 0.80
    Recon Valid Loss:       0.16
    Cycle Valid Loss:       0.01
Learning Rate: 0.0001
Epoch: 177, Alpha: 0.17
  Total Train Loss:        1.67
    Contrastive Train Loss: 6.31
    Overall Recon Train Loss: 0.72
    Recon Train Loss:       0.14
    Cycle Train Loss:       0.01
  Total Valid Loss:        2.37
    Contrastive Valid Loss: 9.98
    Overall Recon Valid Loss: 0.81
    Recon Valid Loss:       0.16
    Cycle Valid Loss:       0.01
Learning Rate: 0.0001
Epoch: 178, Alpha: 0.17
  Total Train Loss:        1.66
    Contrastive Train Loss: 6.31
    Overall Recon Train Loss: 0.72
    Recon Train Loss:       0.14
    Cycle Train Loss:       0.01
  Total Valid Loss:        2.34
    Contrastive Valid Loss: 9.96
    Overall Recon Valid Loss: 0.80
    Recon Valid Loss:       0.16
    Cycle Valid Loss:       0.01
Learning Rate: 0.0001
Epoch: 179, Alpha: 0.17
  Total Train Loss:        1.65
    Contrastive Train Loss: 6.31
    Overall Recon Train Loss: 0.72
    Recon Train Loss:       0.14
    Cycle Train Loss:       0.01
  Total Valid Loss:        2.33
    Contrastive Valid Loss: 9.96
    Overall Recon Valid Loss: 0.79
    Recon Valid Loss:       0.16
    Cycle Valid Loss:       0.01
Learning Rate: 0.0001
Epoch: 180, Alpha: 0.17
  Total Train Loss:        1.64
    Contrastive Train Loss: 6.30
    Overall Recon Train Loss: 0.72
    Recon Train Loss:       0.14
    Cycle Train Loss:       0.01
  Total Valid Loss:        2.32
    Contrastive Valid Loss: 9.98
    Overall Recon Valid Loss: 0.80
    Recon Valid Loss:       0.16
    Cycle Valid Loss:       0.01
Learning Rate: 0.0001
Epoch: 181, Alpha: 0.16
  Total Train Loss:        1.63
    Contrastive Train Loss: 6.30
    Overall Recon Train Loss: 0.72
    Recon Train Loss:       0.14
    Cycle Train Loss:       0.01
  Total Valid Loss:        2.30
    Contrastive Valid Loss: 9.97
    Overall Recon Valid Loss: 0.80
    Recon Valid Loss:       0.16
    Cycle Valid Loss:       0.01
Learning Rate: 0.0001
Epoch: 182, Alpha: 0.16
  Total Train Loss:        1.62
    Contrastive Train Loss: 6.30
    Overall Recon Train Loss: 0.72
    Recon Train Loss:       0.14
    Cycle Train Loss:       0.01
  Total Valid Loss:        2.29
    Contrastive Valid Loss: 9.98
    Overall Recon Valid Loss: 0.80
    Recon Valid Loss:       0.16
    Cycle Valid Loss:       0.01
Learning Rate: 0.0001
Epoch: 183, Alpha: 0.16
  Total Train Loss:        1.61
    Contrastive Train Loss: 6.30
    Overall Recon Train Loss: 0.72
    Recon Train Loss:       0.14
    Cycle Train Loss:       0.01
  Total Valid Loss:        2.28
    Contrastive Valid Loss: 10.00
    Overall Recon Valid Loss: 0.80
    Recon Valid Loss:       0.16
    Cycle Valid Loss:       0.01
Learning Rate: 0.0001
Epoch: 184, Alpha: 0.16
  Total Train Loss:        1.60
    Contrastive Train Loss: 6.30
    Overall Recon Train Loss: 0.72
    Recon Train Loss:       0.14
    Cycle Train Loss:       0.01
  Total Valid Loss:        2.25
    Contrastive Valid Loss: 9.98
    Overall Recon Valid Loss: 0.79
    Recon Valid Loss:       0.16
    Cycle Valid Loss:       0.01
Learning Rate: 0.0001
Epoch: 185, Alpha: 0.16
  Total Train Loss:        1.59
    Contrastive Train Loss: 6.30
    Overall Recon Train Loss: 0.72
    Recon Train Loss:       0.14
    Cycle Train Loss:       0.01
  Total Valid Loss:        2.24
    Contrastive Valid Loss: 9.95
    Overall Recon Valid Loss: 0.80
    Recon Valid Loss:       0.16
    Cycle Valid Loss:       0.01
Learning Rate: 0.0001
Epoch: 186, Alpha: 0.16
  Total Train Loss:        1.59
    Contrastive Train Loss: 6.30
    Overall Recon Train Loss: 0.72
    Recon Train Loss:       0.14
    Cycle Train Loss:       0.01
  Total Valid Loss:        2.22
    Contrastive Valid Loss: 9.97
    Overall Recon Valid Loss: 0.80
    Recon Valid Loss:       0.16
    Cycle Valid Loss:       0.01
Learning Rate: 0.0001
Epoch: 187, Alpha: 0.15
  Total Train Loss:        1.58
    Contrastive Train Loss: 6.29
    Overall Recon Train Loss: 0.72
    Recon Train Loss:       0.14
    Cycle Train Loss:       0.01
  Total Valid Loss:        2.21
    Contrastive Valid Loss: 9.99
    Overall Recon Valid Loss: 0.79
    Recon Valid Loss:       0.16
    Cycle Valid Loss:       0.01
Learning Rate: 0.0001
Epoch: 188, Alpha: 0.15
  Total Train Loss:        1.57
    Contrastive Train Loss: 6.29
    Overall Recon Train Loss: 0.72
    Recon Train Loss:       0.14
    Cycle Train Loss:       0.01
  Total Valid Loss:        2.19
    Contrastive Valid Loss: 9.97
    Overall Recon Valid Loss: 0.79
    Recon Valid Loss:       0.16
    Cycle Valid Loss:       0.01
Learning Rate: 0.0001
Epoch: 189, Alpha: 0.15
  Total Train Loss:        1.56
    Contrastive Train Loss: 6.29
    Overall Recon Train Loss: 0.72
    Recon Train Loss:       0.14
    Cycle Train Loss:       0.01
  Total Valid Loss:        2.18
    Contrastive Valid Loss: 10.00
    Overall Recon Valid Loss: 0.79
    Recon Valid Loss:       0.16
    Cycle Valid Loss:       0.01
Learning Rate: 0.0001
Epoch: 190, Alpha: 0.15
  Total Train Loss:        1.55
    Contrastive Train Loss: 6.29
    Overall Recon Train Loss: 0.71
    Recon Train Loss:       0.14
    Cycle Train Loss:       0.01
  Total Valid Loss:        2.17
    Contrastive Valid Loss: 9.99
    Overall Recon Valid Loss: 0.80
    Recon Valid Loss:       0.16
    Cycle Valid Loss:       0.01
Learning Rate: 0.0001
Epoch: 191, Alpha: 0.15
  Total Train Loss:        1.54
    Contrastive Train Loss: 6.29
    Overall Recon Train Loss: 0.71
    Recon Train Loss:       0.14
    Cycle Train Loss:       0.01
  Total Valid Loss:        2.16
    Contrastive Valid Loss: 9.98
    Overall Recon Valid Loss: 0.80
    Recon Valid Loss:       0.16
    Cycle Valid Loss:       0.01
Learning Rate: 0.0001
Epoch: 192, Alpha: 0.15
  Total Train Loss:        1.53
    Contrastive Train Loss: 6.29
    Overall Recon Train Loss: 0.71
    Recon Train Loss:       0.14
    Cycle Train Loss:       0.01
  Total Valid Loss:        2.14
    Contrastive Valid Loss: 9.99
    Overall Recon Valid Loss: 0.79
    Recon Valid Loss:       0.16
    Cycle Valid Loss:       0.01
Learning Rate: 0.0001
Epoch: 193, Alpha: 0.15
  Total Train Loss:        1.52
    Contrastive Train Loss: 6.29
    Overall Recon Train Loss: 0.71
    Recon Train Loss:       0.14
    Cycle Train Loss:       0.01
  Total Valid Loss:        2.12
    Contrastive Valid Loss: 9.97
    Overall Recon Valid Loss: 0.79
    Recon Valid Loss:       0.16
    Cycle Valid Loss:       0.01
Learning Rate: 0.0001
Epoch: 194, Alpha: 0.14
  Total Train Loss:        1.51
    Contrastive Train Loss: 6.29
    Overall Recon Train Loss: 0.71
    Recon Train Loss:       0.14
    Cycle Train Loss:       0.01
  Total Valid Loss:        2.11
    Contrastive Valid Loss: 9.98
    Overall Recon Valid Loss: 0.79
    Recon Valid Loss:       0.16
    Cycle Valid Loss:       0.01
Learning Rate: 0.0001
Epoch: 195, Alpha: 0.14
  Total Train Loss:        1.51
    Contrastive Train Loss: 6.29
    Overall Recon Train Loss: 0.71
    Recon Train Loss:       0.14
    Cycle Train Loss:       0.01
  Total Valid Loss:        2.10
    Contrastive Valid Loss: 9.99
    Overall Recon Valid Loss: 0.79
    Recon Valid Loss:       0.16
    Cycle Valid Loss:       0.01
Learning Rate: 0.0001
Epoch: 196, Alpha: 0.14
  Total Train Loss:        1.50
    Contrastive Train Loss: 6.28
    Overall Recon Train Loss: 0.71
    Recon Train Loss:       0.14
    Cycle Train Loss:       0.01
  Total Valid Loss:        2.09
    Contrastive Valid Loss: 10.00
    Overall Recon Valid Loss: 0.79
    Recon Valid Loss:       0.16
    Cycle Valid Loss:       0.01
Learning Rate: 0.0001
Epoch: 197, Alpha: 0.14
  Total Train Loss:        1.49
    Contrastive Train Loss: 6.28
    Overall Recon Train Loss: 0.71
    Recon Train Loss:       0.14
    Cycle Train Loss:       0.01
  Total Valid Loss:        2.07
    Contrastive Valid Loss: 10.01
    Overall Recon Valid Loss: 0.79
    Recon Valid Loss:       0.16
    Cycle Valid Loss:       0.01
Learning Rate: 0.0001
Epoch: 198, Alpha: 0.14
  Total Train Loss:        1.48
    Contrastive Train Loss: 6.28
    Overall Recon Train Loss: 0.71
    Recon Train Loss:       0.14
    Cycle Train Loss:       0.01
  Total Valid Loss:        2.06
    Contrastive Valid Loss: 9.98
    Overall Recon Valid Loss: 0.79
    Recon Valid Loss:       0.16
    Cycle Valid Loss:       0.01
Learning Rate: 0.0001
Epoch: 199, Alpha: 0.14
  Total Train Loss:        1.47
    Contrastive Train Loss: 6.28
    Overall Recon Train Loss: 0.71
    Recon Train Loss:       0.14
    Cycle Train Loss:       0.01
  Total Valid Loss:        2.05
    Contrastive Valid Loss: 9.99
    Overall Recon Valid Loss: 0.79
    Recon Valid Loss:       0.16
    Cycle Valid Loss:       0.01
Learning Rate: 0.0001
Epoch: 200, Alpha: 0.14
  Total Train Loss:        1.46
    Contrastive Train Loss: 6.28
    Overall Recon Train Loss: 0.71
    Recon Train Loss:       0.14
    Cycle Train Loss:       0.01
  Total Valid Loss:        2.04
    Contrastive Valid Loss: 10.01
    Overall Recon Valid Loss: 0.79
    Recon Valid Loss:       0.16
    Cycle Valid Loss:       0.01
Learning Rate: 0.0001
Epoch: 201, Alpha: 0.13
  Total Train Loss:        1.46
    Contrastive Train Loss: 6.28
    Overall Recon Train Loss: 0.71
    Recon Train Loss:       0.14
    Cycle Train Loss:       0.01
  Total Valid Loss:        2.03
    Contrastive Valid Loss: 10.01
    Overall Recon Valid Loss: 0.79
    Recon Valid Loss:       0.16
    Cycle Valid Loss:       0.01
Learning Rate: 0.0001
Epoch: 202, Alpha: 0.13
  Total Train Loss:        1.45
    Contrastive Train Loss: 6.28
    Overall Recon Train Loss: 0.71
    Recon Train Loss:       0.14
    Cycle Train Loss:       0.01
  Total Valid Loss:        2.01
    Contrastive Valid Loss: 10.00
    Overall Recon Valid Loss: 0.79
    Recon Valid Loss:       0.16
    Cycle Valid Loss:       0.01
Learning Rate: 0.0001
Epoch: 203, Alpha: 0.13
  Total Train Loss:        1.44
    Contrastive Train Loss: 6.28
    Overall Recon Train Loss: 0.71
    Recon Train Loss:       0.14
    Cycle Train Loss:       0.01
  Total Valid Loss:        2.00
    Contrastive Valid Loss: 10.03
    Overall Recon Valid Loss: 0.78
    Recon Valid Loss:       0.16
    Cycle Valid Loss:       0.01
Learning Rate: 0.0001
Epoch: 204, Alpha: 0.13
  Total Train Loss:        1.43
    Contrastive Train Loss: 6.28
    Overall Recon Train Loss: 0.71
    Recon Train Loss:       0.14
    Cycle Train Loss:       0.01
  Total Valid Loss:        1.98
    Contrastive Valid Loss: 10.02
    Overall Recon Valid Loss: 0.78
    Recon Valid Loss:       0.16
    Cycle Valid Loss:       0.01
Learning Rate: 0.0001
Epoch: 205, Alpha: 0.13
  Total Train Loss:        1.42
    Contrastive Train Loss: 6.28
    Overall Recon Train Loss: 0.71
    Recon Train Loss:       0.14
    Cycle Train Loss:       0.01
  Total Valid Loss:        1.98
    Contrastive Valid Loss: 10.03
    Overall Recon Valid Loss: 0.79
    Recon Valid Loss:       0.16
    Cycle Valid Loss:       0.01
Learning Rate: 0.0001
Epoch: 206, Alpha: 0.13
  Total Train Loss:        1.42
    Contrastive Train Loss: 6.28
    Overall Recon Train Loss: 0.71
    Recon Train Loss:       0.14
    Cycle Train Loss:       0.01
  Total Valid Loss:        1.97
    Contrastive Valid Loss: 10.04
    Overall Recon Valid Loss: 0.79
    Recon Valid Loss:       0.16
    Cycle Valid Loss:       0.01
Learning Rate: 0.0001
Epoch: 207, Alpha: 0.13
  Total Train Loss:        1.41
    Contrastive Train Loss: 6.28
    Overall Recon Train Loss: 0.71
    Recon Train Loss:       0.14
    Cycle Train Loss:       0.01
  Total Valid Loss:        1.95
    Contrastive Valid Loss: 10.04
    Overall Recon Valid Loss: 0.78
    Recon Valid Loss:       0.16
    Cycle Valid Loss:       0.01
Learning Rate: 0.0001
Epoch: 208, Alpha: 0.12
  Total Train Loss:        1.40
    Contrastive Train Loss: 6.27
    Overall Recon Train Loss: 0.71
    Recon Train Loss:       0.14
    Cycle Train Loss:       0.01
  Total Valid Loss:        1.93
    Contrastive Valid Loss: 10.00
    Overall Recon Valid Loss: 0.78
    Recon Valid Loss:       0.16
    Cycle Valid Loss:       0.01
Learning Rate: 0.0001
Epoch: 209, Alpha: 0.12
  Total Train Loss:        1.39
    Contrastive Train Loss: 6.27
    Overall Recon Train Loss: 0.71
    Recon Train Loss:       0.14
    Cycle Train Loss:       0.01
  Total Valid Loss:        1.93
    Contrastive Valid Loss: 10.05
    Overall Recon Valid Loss: 0.78
    Recon Valid Loss:       0.16
    Cycle Valid Loss:       0.01
Learning Rate: 0.0001
Epoch: 210, Alpha: 0.12
  Total Train Loss:        1.39
    Contrastive Train Loss: 6.28
    Overall Recon Train Loss: 0.70
    Recon Train Loss:       0.14
    Cycle Train Loss:       0.01
  Total Valid Loss:        1.91
    Contrastive Valid Loss: 10.02
    Overall Recon Valid Loss: 0.78
    Recon Valid Loss:       0.16
    Cycle Valid Loss:       0.01
Learning Rate: 0.0001
Epoch: 211, Alpha: 0.12
  Total Train Loss:        1.38
    Contrastive Train Loss: 6.27
    Overall Recon Train Loss: 0.70
    Recon Train Loss:       0.14
    Cycle Train Loss:       0.01
  Total Valid Loss:        1.90
    Contrastive Valid Loss: 10.04
    Overall Recon Valid Loss: 0.78
    Recon Valid Loss:       0.16
    Cycle Valid Loss:       0.01
Learning Rate: 0.0001
Epoch: 212, Alpha: 0.12
  Total Train Loss:        1.37
    Contrastive Train Loss: 6.27
    Overall Recon Train Loss: 0.70
    Recon Train Loss:       0.14
    Cycle Train Loss:       0.01
  Total Valid Loss:        1.90
    Contrastive Valid Loss: 10.03
    Overall Recon Valid Loss: 0.79
    Recon Valid Loss:       0.16
    Cycle Valid Loss:       0.01
Learning Rate: 0.0001
Epoch: 213, Alpha: 0.12
  Total Train Loss:        1.37
    Contrastive Train Loss: 6.27
    Overall Recon Train Loss: 0.70
    Recon Train Loss:       0.14
    Cycle Train Loss:       0.01
  Total Valid Loss:        1.88
    Contrastive Valid Loss: 10.03
    Overall Recon Valid Loss: 0.78
    Recon Valid Loss:       0.16
    Cycle Valid Loss:       0.01
Learning Rate: 0.0001
Epoch: 214, Alpha: 0.12
  Total Train Loss:        1.36
    Contrastive Train Loss: 6.27
    Overall Recon Train Loss: 0.70
    Recon Train Loss:       0.14
    Cycle Train Loss:       0.01
  Total Valid Loss:        1.87
    Contrastive Valid Loss: 10.06
    Overall Recon Valid Loss: 0.78
    Recon Valid Loss:       0.16
    Cycle Valid Loss:       0.01
Learning Rate: 0.0001
Epoch: 215, Alpha: 0.12
  Total Train Loss:        1.35
    Contrastive Train Loss: 6.27
    Overall Recon Train Loss: 0.70
    Recon Train Loss:       0.14
    Cycle Train Loss:       0.01
  Total Valid Loss:        1.85
    Contrastive Valid Loss: 10.02
    Overall Recon Valid Loss: 0.78
    Recon Valid Loss:       0.16
    Cycle Valid Loss:       0.01
Learning Rate: 0.0001
Epoch: 216, Alpha: 0.12
  Total Train Loss:        1.34
    Contrastive Train Loss: 6.27
    Overall Recon Train Loss: 0.70
    Recon Train Loss:       0.14
    Cycle Train Loss:       0.01
  Total Valid Loss:        1.84
    Contrastive Valid Loss: 10.02
    Overall Recon Valid Loss: 0.78
    Recon Valid Loss:       0.16
    Cycle Valid Loss:       0.01
Learning Rate: 0.0001
Epoch: 217, Alpha: 0.11
  Total Train Loss:        1.34
    Contrastive Train Loss: 6.27
    Overall Recon Train Loss: 0.70
    Recon Train Loss:       0.14
    Cycle Train Loss:       0.01
  Total Valid Loss:        1.83
    Contrastive Valid Loss: 10.00
    Overall Recon Valid Loss: 0.77
    Recon Valid Loss:       0.15
    Cycle Valid Loss:       0.01
Learning Rate: 0.0001
Epoch: 218, Alpha: 0.11
  Total Train Loss:        1.33
    Contrastive Train Loss: 6.27
    Overall Recon Train Loss: 0.70
    Recon Train Loss:       0.14
    Cycle Train Loss:       0.01
  Total Valid Loss:        1.82
    Contrastive Valid Loss: 10.03
    Overall Recon Valid Loss: 0.77
    Recon Valid Loss:       0.15
    Cycle Valid Loss:       0.01
Learning Rate: 0.0001
Epoch: 219, Alpha: 0.11
  Total Train Loss:        1.32
    Contrastive Train Loss: 6.27
    Overall Recon Train Loss: 0.70
    Recon Train Loss:       0.14
    Cycle Train Loss:       0.01
  Total Valid Loss:        1.81
    Contrastive Valid Loss: 10.04
    Overall Recon Valid Loss: 0.78
    Recon Valid Loss:       0.16
    Cycle Valid Loss:       0.01
Learning Rate: 0.0001
Epoch: 220, Alpha: 0.11
  Total Train Loss:        1.32
    Contrastive Train Loss: 6.26
    Overall Recon Train Loss: 0.70
    Recon Train Loss:       0.14
    Cycle Train Loss:       0.01
  Total Valid Loss:        1.80
    Contrastive Valid Loss: 10.03
    Overall Recon Valid Loss: 0.78
    Recon Valid Loss:       0.16
    Cycle Valid Loss:       0.01
Learning Rate: 0.0001
Epoch: 221, Alpha: 0.11
  Total Train Loss:        1.31
    Contrastive Train Loss: 6.26
    Overall Recon Train Loss: 0.70
    Recon Train Loss:       0.14
    Cycle Train Loss:       0.01
  Total Valid Loss:        1.79
    Contrastive Valid Loss: 10.02
    Overall Recon Valid Loss: 0.78
    Recon Valid Loss:       0.16
    Cycle Valid Loss:       0.01
Learning Rate: 0.0001
Epoch: 222, Alpha: 0.11
  Total Train Loss:        1.30
    Contrastive Train Loss: 6.27
    Overall Recon Train Loss: 0.70
    Recon Train Loss:       0.14
    Cycle Train Loss:       0.01
  Total Valid Loss:        1.78
    Contrastive Valid Loss: 10.04
    Overall Recon Valid Loss: 0.77
    Recon Valid Loss:       0.15
    Cycle Valid Loss:       0.01
Learning Rate: 0.0001
Epoch: 223, Alpha: 0.11
  Total Train Loss:        1.30
    Contrastive Train Loss: 6.26
    Overall Recon Train Loss: 0.70
    Recon Train Loss:       0.14
    Cycle Train Loss:       0.01
  Total Valid Loss:        1.77
    Contrastive Valid Loss: 10.04
    Overall Recon Valid Loss: 0.78
    Recon Valid Loss:       0.16
    Cycle Valid Loss:       0.01
Learning Rate: 0.0001
Epoch: 224, Alpha: 0.11
  Total Train Loss:        1.29
    Contrastive Train Loss: 6.26
    Overall Recon Train Loss: 0.70
    Recon Train Loss:       0.14
    Cycle Train Loss:       0.01
  Total Valid Loss:        1.76
    Contrastive Valid Loss: 10.04
    Overall Recon Valid Loss: 0.77
    Recon Valid Loss:       0.15
    Cycle Valid Loss:       0.01
Learning Rate: 0.0001
Epoch: 225, Alpha: 0.11
  Total Train Loss:        1.29
    Contrastive Train Loss: 6.26
    Overall Recon Train Loss: 0.70
    Recon Train Loss:       0.14
    Cycle Train Loss:       0.01
  Total Valid Loss:        1.75
    Contrastive Valid Loss: 10.05
    Overall Recon Valid Loss: 0.77
    Recon Valid Loss:       0.15
    Cycle Valid Loss:       0.01
Learning Rate: 0.0001
Epoch: 226, Alpha: 0.10
  Total Train Loss:        1.28
    Contrastive Train Loss: 6.26
    Overall Recon Train Loss: 0.70
    Recon Train Loss:       0.14
    Cycle Train Loss:       0.01
  Total Valid Loss:        1.74
    Contrastive Valid Loss: 10.05
    Overall Recon Valid Loss: 0.77
    Recon Valid Loss:       0.15
    Cycle Valid Loss:       0.01
Learning Rate: 0.0001
Epoch: 227, Alpha: 0.10
  Total Train Loss:        1.27
    Contrastive Train Loss: 6.26
    Overall Recon Train Loss: 0.70
    Recon Train Loss:       0.14
    Cycle Train Loss:       0.01
  Total Valid Loss:        1.73
    Contrastive Valid Loss: 10.07
    Overall Recon Valid Loss: 0.77
    Recon Valid Loss:       0.15
    Cycle Valid Loss:       0.01
Learning Rate: 0.0001
Epoch: 228, Alpha: 0.10
  Total Train Loss:        1.27
    Contrastive Train Loss: 6.26
    Overall Recon Train Loss: 0.70
    Recon Train Loss:       0.14
    Cycle Train Loss:       0.01
  Total Valid Loss:        1.72
    Contrastive Valid Loss: 10.04
    Overall Recon Valid Loss: 0.77
    Recon Valid Loss:       0.15
    Cycle Valid Loss:       0.01
Learning Rate: 0.0001
Epoch: 229, Alpha: 0.10
  Total Train Loss:        1.26
    Contrastive Train Loss: 6.26
    Overall Recon Train Loss: 0.70
    Recon Train Loss:       0.14
    Cycle Train Loss:       0.01
  Total Valid Loss:        1.72
    Contrastive Valid Loss: 10.10
    Overall Recon Valid Loss: 0.78
    Recon Valid Loss:       0.16
    Cycle Valid Loss:       0.01
Learning Rate: 0.0001
Epoch: 230, Alpha: 0.10
  Total Train Loss:        1.25
    Contrastive Train Loss: 6.26
    Overall Recon Train Loss: 0.70
    Recon Train Loss:       0.14
    Cycle Train Loss:       0.01
  Total Valid Loss:        1.70
    Contrastive Valid Loss: 10.07
    Overall Recon Valid Loss: 0.77
    Recon Valid Loss:       0.15
    Cycle Valid Loss:       0.01
Learning Rate: 0.0001
Epoch: 231, Alpha: 0.10
  Total Train Loss:        1.25
    Contrastive Train Loss: 6.26
    Overall Recon Train Loss: 0.70
    Recon Train Loss:       0.14
    Cycle Train Loss:       0.01
  Total Valid Loss:        1.69
    Contrastive Valid Loss: 10.08
    Overall Recon Valid Loss: 0.77
    Recon Valid Loss:       0.15
    Cycle Valid Loss:       0.01
Learning Rate: 0.0001
Epoch: 232, Alpha: 0.10
  Total Train Loss:        1.24
    Contrastive Train Loss: 6.26
    Overall Recon Train Loss: 0.70
    Recon Train Loss:       0.14
    Cycle Train Loss:       0.01
  Total Valid Loss:        1.67
    Contrastive Valid Loss: 10.06
    Overall Recon Valid Loss: 0.76
    Recon Valid Loss:       0.15
    Cycle Valid Loss:       0.01
Learning Rate: 0.0001
Epoch: 233, Alpha: 0.10
  Total Train Loss:        1.24
    Contrastive Train Loss: 6.26
    Overall Recon Train Loss: 0.70
    Recon Train Loss:       0.14
    Cycle Train Loss:       0.01
  Total Valid Loss:        1.67
    Contrastive Valid Loss: 10.04
    Overall Recon Valid Loss: 0.77
    Recon Valid Loss:       0.15
    Cycle Valid Loss:       0.01
Learning Rate: 0.0001
Epoch: 234, Alpha: 0.10
  Total Train Loss:        1.23
    Contrastive Train Loss: 6.25
    Overall Recon Train Loss: 0.70
    Recon Train Loss:       0.14
    Cycle Train Loss:       0.01
  Total Valid Loss:        1.67
    Contrastive Valid Loss: 10.06
    Overall Recon Valid Loss: 0.77
    Recon Valid Loss:       0.15
    Cycle Valid Loss:       0.01
Learning Rate: 0.0001
Epoch: 235, Alpha: 0.10
  Total Train Loss:        1.22
    Contrastive Train Loss: 6.25
    Overall Recon Train Loss: 0.69
    Recon Train Loss:       0.14
    Cycle Train Loss:       0.01
  Total Valid Loss:        1.65
    Contrastive Valid Loss: 10.06
    Overall Recon Valid Loss: 0.77
    Recon Valid Loss:       0.15
    Cycle Valid Loss:       0.01
Learning Rate: 0.0001
Epoch: 236, Alpha: 0.09
  Total Train Loss:        1.22
    Contrastive Train Loss: 6.25
    Overall Recon Train Loss: 0.69
    Recon Train Loss:       0.14
    Cycle Train Loss:       0.01
  Total Valid Loss:        1.65
    Contrastive Valid Loss: 10.06
    Overall Recon Valid Loss: 0.77
    Recon Valid Loss:       0.15
    Cycle Valid Loss:       0.01
Learning Rate: 0.0001
Epoch: 237, Alpha: 0.09
  Total Train Loss:        1.21
    Contrastive Train Loss: 6.25
    Overall Recon Train Loss: 0.69
    Recon Train Loss:       0.14
    Cycle Train Loss:       0.01
  Total Valid Loss:        1.64
    Contrastive Valid Loss: 10.07
    Overall Recon Valid Loss: 0.77
    Recon Valid Loss:       0.15
    Cycle Valid Loss:       0.01
Learning Rate: 0.0001
Epoch: 238, Alpha: 0.09
  Total Train Loss:        1.21
    Contrastive Train Loss: 6.25
    Overall Recon Train Loss: 0.69
    Recon Train Loss:       0.14
    Cycle Train Loss:       0.01
  Total Valid Loss:        1.62
    Contrastive Valid Loss: 10.04
    Overall Recon Valid Loss: 0.76
    Recon Valid Loss:       0.15
    Cycle Valid Loss:       0.01
Learning Rate: 0.0001
Epoch: 239, Alpha: 0.09
  Total Train Loss:        1.20
    Contrastive Train Loss: 6.25
    Overall Recon Train Loss: 0.69
    Recon Train Loss:       0.14
    Cycle Train Loss:       0.01
  Total Valid Loss:        1.63
    Contrastive Valid Loss: 10.10
    Overall Recon Valid Loss: 0.77
    Recon Valid Loss:       0.15
    Cycle Valid Loss:       0.01
Learning Rate: 0.0001
Epoch: 240, Alpha: 0.09
  Total Train Loss:        1.20
    Contrastive Train Loss: 6.25
    Overall Recon Train Loss: 0.69
    Recon Train Loss:       0.14
    Cycle Train Loss:       0.01
  Total Valid Loss:        1.61
    Contrastive Valid Loss: 10.09
    Overall Recon Valid Loss: 0.76
    Recon Valid Loss:       0.15
    Cycle Valid Loss:       0.01
Learning Rate: 0.0001
Epoch: 241, Alpha: 0.09
  Total Train Loss:        1.19
    Contrastive Train Loss: 6.25
    Overall Recon Train Loss: 0.69
    Recon Train Loss:       0.14
    Cycle Train Loss:       0.01
  Total Valid Loss:        1.60
    Contrastive Valid Loss: 10.09
    Overall Recon Valid Loss: 0.76
    Recon Valid Loss:       0.15
    Cycle Valid Loss:       0.01
Learning Rate: 0.0001
Epoch: 242, Alpha: 0.09
  Total Train Loss:        1.19
    Contrastive Train Loss: 6.25
    Overall Recon Train Loss: 0.69
    Recon Train Loss:       0.14
    Cycle Train Loss:       0.01
  Total Valid Loss:        1.59
    Contrastive Valid Loss: 10.07
    Overall Recon Valid Loss: 0.76
    Recon Valid Loss:       0.15
    Cycle Valid Loss:       0.01
Learning Rate: 0.0001
Epoch: 243, Alpha: 0.09
  Total Train Loss:        1.18
    Contrastive Train Loss: 6.25
    Overall Recon Train Loss: 0.69
    Recon Train Loss:       0.14
    Cycle Train Loss:       0.01
  Total Valid Loss:        1.59
    Contrastive Valid Loss: 10.07
    Overall Recon Valid Loss: 0.77
    Recon Valid Loss:       0.15
    Cycle Valid Loss:       0.01
Learning Rate: 0.0001
Epoch: 244, Alpha: 0.09
  Total Train Loss:        1.18
    Contrastive Train Loss: 6.25
    Overall Recon Train Loss: 0.69
    Recon Train Loss:       0.14
    Cycle Train Loss:       0.01
  Total Valid Loss:        1.57
    Contrastive Valid Loss: 10.08
    Overall Recon Valid Loss: 0.76
    Recon Valid Loss:       0.15
    Cycle Valid Loss:       0.01
Learning Rate: 0.0001
Epoch: 245, Alpha: 0.09
  Total Train Loss:        1.17
    Contrastive Train Loss: 6.25
    Overall Recon Train Loss: 0.69
    Recon Train Loss:       0.14
    Cycle Train Loss:       0.01
  Total Valid Loss:        1.57
    Contrastive Valid Loss: 10.11
    Overall Recon Valid Loss: 0.76
    Recon Valid Loss:       0.15
    Cycle Valid Loss:       0.01
Learning Rate: 0.0001
Epoch: 246, Alpha: 0.09
  Total Train Loss:        1.17
    Contrastive Train Loss: 6.25
    Overall Recon Train Loss: 0.69
    Recon Train Loss:       0.14
    Cycle Train Loss:       0.01
  Total Valid Loss:        1.56
    Contrastive Valid Loss: 10.08
    Overall Recon Valid Loss: 0.76
    Recon Valid Loss:       0.15
    Cycle Valid Loss:       0.01
Learning Rate: 0.0001
Epoch: 247, Alpha: 0.08
  Total Train Loss:        1.16
    Contrastive Train Loss: 6.25
    Overall Recon Train Loss: 0.69
    Recon Train Loss:       0.14
    Cycle Train Loss:       0.01
  Total Valid Loss:        1.55
    Contrastive Valid Loss: 10.07
    Overall Recon Valid Loss: 0.76
    Recon Valid Loss:       0.15
    Cycle Valid Loss:       0.01
Learning Rate: 0.0001
Epoch: 248, Alpha: 0.08
  Total Train Loss:        1.16
    Contrastive Train Loss: 6.25
    Overall Recon Train Loss: 0.69
    Recon Train Loss:       0.14
    Cycle Train Loss:       0.01
  Total Valid Loss:        1.54
    Contrastive Valid Loss: 10.08
    Overall Recon Valid Loss: 0.76
    Recon Valid Loss:       0.15
    Cycle Valid Loss:       0.01
Learning Rate: 0.0001
Epoch: 249, Alpha: 0.08
  Total Train Loss:        1.15
    Contrastive Train Loss: 6.24
    Overall Recon Train Loss: 0.69
    Recon Train Loss:       0.14
    Cycle Train Loss:       0.01
  Total Valid Loss:        1.53
    Contrastive Valid Loss: 10.08
    Overall Recon Valid Loss: 0.76
    Recon Valid Loss:       0.15
    Cycle Valid Loss:       0.01
Learning Rate: 0.0001
Starting Downstream Task
Shape: (5, 144, 72)
Epoch: 0, Train Loss: 0.00411, Valid Loss: 0.00311, EPS: 0.991
Epoch: 1, Train Loss: 0.00256, Valid Loss: 0.00273, EPS: 0.982
Epoch: 2, Train Loss: 0.00236, Valid Loss: 0.00266, EPS: 0.973
Epoch: 3, Train Loss: 0.00230, Valid Loss: 0.00264, EPS: 0.964
Epoch: 4, Train Loss: 0.00228, Valid Loss: 0.00264, EPS: 0.955
Epoch: 5, Train Loss: 0.00226, Valid Loss: 0.00262, EPS: 0.946
Epoch: 6, Train Loss: 0.00224, Valid Loss: 0.00262, EPS: 0.9369999999999999
Epoch: 7, Train Loss: 0.00223, Valid Loss: 0.00259, EPS: 0.928
Epoch: 8, Train Loss: 0.00222, Valid Loss: 0.00258, EPS: 0.919
Epoch: 9, Train Loss: 0.00221, Valid Loss: 0.00258, EPS: 0.91
Epoch: 10, Train Loss: 0.00222, Valid Loss: 0.00256, EPS: 0.901
Epoch: 11, Train Loss: 0.00221, Valid Loss: 0.00257, EPS: 0.892
Epoch: 12, Train Loss: 0.00221, Valid Loss: 0.00259, EPS: 0.883
Epoch: 13, Train Loss: 0.00220, Valid Loss: 0.00258, EPS: 0.874
Epoch: 14, Train Loss: 0.00220, Valid Loss: 0.00259, EPS: 0.865
Epoch: 15, Train Loss: 0.00220, Valid Loss: 0.00258, EPS: 0.856
Epoch: 16, Train Loss: 0.00220, Valid Loss: 0.00260, EPS: 0.847
Epoch: 17, Train Loss: 0.00219, Valid Loss: 0.00260, EPS: 0.8380000000000001
Epoch: 18, Train Loss: 0.00220, Valid Loss: 0.00262, EPS: 0.8290000000000001
Epoch: 19, Train Loss: 0.00219, Valid Loss: 0.00258, EPS: 0.8200000000000001
Epoch: 20, Train Loss: 0.00219, Valid Loss: 0.00257, EPS: 0.811
Epoch: 21, Train Loss: 0.00219, Valid Loss: 0.00259, EPS: 0.802
Epoch: 22, Train Loss: 0.00186, Valid Loss: 0.00224, EPS: 0.793
Epoch: 23, Train Loss: 0.00166, Valid Loss: 0.00218, EPS: 0.784
Epoch: 24, Train Loss: 0.00162, Valid Loss: 0.00216, EPS: 0.775
Epoch: 25, Train Loss: 0.00161, Valid Loss: 0.00215, EPS: 0.766
Epoch: 26, Train Loss: 0.00160, Valid Loss: 0.00215, EPS: 0.757
Epoch: 27, Train Loss: 0.00159, Valid Loss: 0.00215, EPS: 0.748
Epoch: 28, Train Loss: 0.00159, Valid Loss: 0.00215, EPS: 0.739
Epoch: 29, Train Loss: 0.00158, Valid Loss: 0.00215, EPS: 0.73
Epoch: 30, Train Loss: 0.00158, Valid Loss: 0.00215, EPS: 0.721
Epoch: 31, Train Loss: 0.00157, Valid Loss: 0.00214, EPS: 0.712
Epoch: 32, Train Loss: 0.00157, Valid Loss: 0.00215, EPS: 0.703
Epoch: 33, Train Loss: 0.00157, Valid Loss: 0.00214, EPS: 0.694
Epoch: 34, Train Loss: 0.00156, Valid Loss: 0.00215, EPS: 0.685
Epoch: 35, Train Loss: 0.00156, Valid Loss: 0.00215, EPS: 0.676
Epoch: 36, Train Loss: 0.00156, Valid Loss: 0.00215, EPS: 0.667
Epoch: 37, Train Loss: 0.00156, Valid Loss: 0.00216, EPS: 0.658
Epoch: 38, Train Loss: 0.00156, Valid Loss: 0.00216, EPS: 0.649
Epoch: 39, Train Loss: 0.00156, Valid Loss: 0.00216, EPS: 0.64
Epoch: 40, Train Loss: 0.00156, Valid Loss: 0.00216, EPS: 0.6310000000000001
Epoch: 41, Train Loss: 0.00156, Valid Loss: 0.00216, EPS: 0.6220000000000001
Epoch: 42, Train Loss: 0.00155, Valid Loss: 0.00216, EPS: 0.6130000000000001
Epoch: 43, Train Loss: 0.00146, Valid Loss: 0.00213, EPS: 0.6040000000000001
Epoch: 44, Train Loss: 0.00144, Valid Loss: 0.00212, EPS: 0.5950000000000001
Epoch: 45, Train Loss: 0.00143, Valid Loss: 0.00212, EPS: 0.5860000000000001
Epoch: 46, Train Loss: 0.00142, Valid Loss: 0.00213, EPS: 0.5770000000000001
Epoch: 47, Train Loss: 0.00142, Valid Loss: 0.00213, EPS: 0.5680000000000001
Epoch: 48, Train Loss: 0.00142, Valid Loss: 0.00213, EPS: 0.559
Epoch: 49, Train Loss: 0.00142, Valid Loss: 0.00214, EPS: 0.55
Epoch: 50, Train Loss: 0.00141, Valid Loss: 0.00214, EPS: 0.541
Epoch: 51, Train Loss: 0.00141, Valid Loss: 0.00214, EPS: 0.532
Epoch: 52, Train Loss: 0.00141, Valid Loss: 0.00214, EPS: 0.523
Epoch: 53, Train Loss: 0.00141, Valid Loss: 0.00214, EPS: 0.514
Epoch: 54, Train Loss: 0.00141, Valid Loss: 0.00215, EPS: 0.505
Epoch: 55, Train Loss: 0.00141, Valid Loss: 0.00215, EPS: 0.496
Epoch: 56, Train Loss: 0.00139, Valid Loss: 0.00215, EPS: 0.4870000000000001
Epoch: 57, Train Loss: 0.00139, Valid Loss: 0.00214, EPS: 0.4780000000000001
Epoch: 58, Train Loss: 0.00139, Valid Loss: 0.00214, EPS: 0.4690000000000001
Epoch: 59, Train Loss: 0.00139, Valid Loss: 0.00214, EPS: 0.4600000000000001
Epoch: 60, Train Loss: 0.00139, Valid Loss: 0.00214, EPS: 0.45100000000000007
Epoch: 61, Train Loss: 0.00139, Valid Loss: 0.00214, EPS: 0.44200000000000006
Epoch: 62, Train Loss: 0.00139, Valid Loss: 0.00215, EPS: 0.43300000000000005
Epoch: 63, Train Loss: 0.00139, Valid Loss: 0.00215, EPS: 0.42400000000000004
Epoch: 64, Train Loss: 0.00139, Valid Loss: 0.00214, EPS: 0.41500000000000004
Epoch: 65, Train Loss: 0.00139, Valid Loss: 0.00215, EPS: 0.406
Epoch: 66, Train Loss: 0.00139, Valid Loss: 0.00215, EPS: 0.397
Epoch: 67, Train Loss: 0.00139, Valid Loss: 0.00215, EPS: 0.388
Epoch: 68, Train Loss: 0.00139, Valid Loss: 0.00215, EPS: 0.3790000000000001
Epoch: 69, Train Loss: 0.00139, Valid Loss: 0.00215, EPS: 0.3700000000000001
Epoch: 70, Train Loss: 0.00139, Valid Loss: 0.00215, EPS: 0.3610000000000001
Epoch: 71, Train Loss: 0.00139, Valid Loss: 0.00215, EPS: 0.3520000000000001
Epoch: 72, Train Loss: 0.00139, Valid Loss: 0.00215, EPS: 0.343
Epoch: 73, Train Loss: 0.00139, Valid Loss: 0.00215, EPS: 0.334
Epoch: 74, Train Loss: 0.00139, Valid Loss: 0.00215, EPS: 0.325
Epoch: 75, Train Loss: 0.00139, Valid Loss: 0.00215, EPS: 0.316
Epoch: 76, Train Loss: 0.00139, Valid Loss: 0.00215, EPS: 0.307
Epoch: 77, Train Loss: 0.00139, Valid Loss: 0.00215, EPS: 0.298
Epoch: 78, Train Loss: 0.00139, Valid Loss: 0.00215, EPS: 0.289
Epoch: 79, Train Loss: 0.00139, Valid Loss: 0.00215, EPS: 0.27999999999999997
Epoch: 80, Train Loss: 0.00139, Valid Loss: 0.00215, EPS: 0.27099999999999996
Epoch: 81, Train Loss: 0.00139, Valid Loss: 0.00215, EPS: 0.26200000000000007
Epoch: 82, Train Loss: 0.00139, Valid Loss: 0.00215, EPS: 0.25300000000000006
Epoch: 83, Train Loss: 0.00139, Valid Loss: 0.00215, EPS: 0.24400000000000005
Epoch: 84, Train Loss: 0.00139, Valid Loss: 0.00215, EPS: 0.23500000000000004
Epoch: 85, Train Loss: 0.00139, Valid Loss: 0.00215, EPS: 0.22600000000000003
Epoch: 86, Train Loss: 0.00139, Valid Loss: 0.00215, EPS: 0.21700000000000003
Epoch: 87, Train Loss: 0.00139, Valid Loss: 0.00215, EPS: 0.20800000000000002
Epoch: 88, Train Loss: 0.00139, Valid Loss: 0.00215, EPS: 0.199
Epoch: 89, Train Loss: 0.00139, Valid Loss: 0.00215, EPS: 0.19
Epoch: 90, Train Loss: 0.00139, Valid Loss: 0.00215, EPS: 0.181
Epoch: 91, Train Loss: 0.00139, Valid Loss: 0.00215, EPS: 0.172
Epoch: 92, Train Loss: 0.00139, Valid Loss: 0.00215, EPS: 0.16299999999999998
Epoch: 93, Train Loss: 0.00139, Valid Loss: 0.00214, EPS: 0.15400000000000005
Epoch: 94, Train Loss: 0.00139, Valid Loss: 0.00215, EPS: 0.14500000000000005
Epoch: 95, Train Loss: 0.00139, Valid Loss: 0.00215, EPS: 0.13600000000000004
Epoch: 96, Train Loss: 0.00139, Valid Loss: 0.00215, EPS: 0.12700000000000003
Epoch: 97, Train Loss: 0.00139, Valid Loss: 0.00215, EPS: 0.11800000000000002
Epoch: 98, Train Loss: 0.00139, Valid Loss: 0.00215, EPS: 0.10900000000000001
Epoch: 99, Train Loss: 0.00139, Valid Loss: 0.00215, EPS: 0.1
Test Loss: 0.00215
Test Loss: 0.00204
Training Decoder
Epoch: 0, Total Train Loss: 0.14, Total Valid Loss: 0.15, Learning Rate: 0.0001
Epoch: 1, Total Train Loss: 0.14, Total Valid Loss: 0.15, Learning Rate: 0.0001
Epoch: 2, Total Train Loss: 0.14, Total Valid Loss: 0.15, Learning Rate: 0.0001
Epoch: 3, Total Train Loss: 0.14, Total Valid Loss: 0.15, Learning Rate: 0.0001
Epoch: 4, Total Train Loss: 0.14, Total Valid Loss: 0.15, Learning Rate: 0.0001
Epoch: 5, Total Train Loss: 0.14, Total Valid Loss: 0.15, Learning Rate: 0.0001
Epoch: 6, Total Train Loss: 0.14, Total Valid Loss: 0.15, Learning Rate: 0.0001
Epoch: 7, Total Train Loss: 0.14, Total Valid Loss: 0.15, Learning Rate: 0.0001
Epoch: 8, Total Train Loss: 0.14, Total Valid Loss: 0.15, Learning Rate: 0.0001
Epoch: 9, Total Train Loss: 0.14, Total Valid Loss: 0.15, Learning Rate: 0.0001
Epoch: 10, Total Train Loss: 0.14, Total Valid Loss: 0.15, Learning Rate: 0.0001
Epoch: 11, Total Train Loss: 0.14, Total Valid Loss: 0.15, Learning Rate: 0.0001
Epoch: 12, Total Train Loss: 0.14, Total Valid Loss: 0.15, Learning Rate: 0.0001
Epoch: 13, Total Train Loss: 0.14, Total Valid Loss: 0.15, Learning Rate: 0.0001
Epoch: 14, Total Train Loss: 0.14, Total Valid Loss: 0.15, Learning Rate: 0.0001
Epoch: 15, Total Train Loss: 0.14, Total Valid Loss: 0.15, Learning Rate: 1e-05
Epoch: 16, Total Train Loss: 0.14, Total Valid Loss: 0.15, Learning Rate: 1e-05
Epoch: 17, Total Train Loss: 0.14, Total Valid Loss: 0.15, Learning Rate: 1e-05
Epoch: 18, Total Train Loss: 0.14, Total Valid Loss: 0.15, Learning Rate: 1e-05
Epoch: 19, Total Train Loss: 0.14, Total Valid Loss: 0.15, Learning Rate: 1e-05
Epoch: 20, Total Train Loss: 0.14, Total Valid Loss: 0.15, Learning Rate: 1e-05
Epoch: 21, Total Train Loss: 0.14, Total Valid Loss: 0.15, Learning Rate: 1e-05
Epoch: 22, Total Train Loss: 0.14, Total Valid Loss: 0.15, Learning Rate: 1e-05
Epoch: 23, Total Train Loss: 0.14, Total Valid Loss: 0.15, Learning Rate: 1e-05
Epoch: 24, Total Train Loss: 0.14, Total Valid Loss: 0.15, Learning Rate: 1e-05
Epoch: 25, Total Train Loss: 0.14, Total Valid Loss: 0.15, Learning Rate: 1e-05
Epoch: 26, Total Train Loss: 0.14, Total Valid Loss: 0.15, Learning Rate: 1.0000000000000002e-06
Epoch: 27, Total Train Loss: 0.14, Total Valid Loss: 0.15, Learning Rate: 1.0000000000000002e-06
Epoch: 28, Total Train Loss: 0.14, Total Valid Loss: 0.15, Learning Rate: 1.0000000000000002e-06
Epoch: 29, Total Train Loss: 0.14, Total Valid Loss: 0.15, Learning Rate: 1.0000000000000002e-06
Epoch: 30, Total Train Loss: 0.14, Total Valid Loss: 0.15, Learning Rate: 1.0000000000000002e-06
Epoch: 31, Total Train Loss: 0.14, Total Valid Loss: 0.15, Learning Rate: 1.0000000000000002e-06
Epoch: 32, Total Train Loss: 0.14, Total Valid Loss: 0.15, Learning Rate: 1.0000000000000002e-06
Epoch: 33, Total Train Loss: 0.14, Total Valid Loss: 0.15, Learning Rate: 1.0000000000000002e-06
Epoch: 34, Total Train Loss: 0.14, Total Valid Loss: 0.15, Learning Rate: 1.0000000000000002e-06
Epoch: 35, Total Train Loss: 0.14, Total Valid Loss: 0.15, Learning Rate: 1.0000000000000002e-06
Epoch: 36, Total Train Loss: 0.14, Total Valid Loss: 0.15, Learning Rate: 1.0000000000000002e-06
Epoch: 37, Total Train Loss: 0.14, Total Valid Loss: 0.15, Learning Rate: 1.0000000000000002e-06
Epoch: 38, Total Train Loss: 0.14, Total Valid Loss: 0.15, Learning Rate: 1.0000000000000002e-06
Epoch: 39, Total Train Loss: 0.14, Total Valid Loss: 0.15, Learning Rate: 1.0000000000000002e-06
Epoch: 40, Total Train Loss: 0.14, Total Valid Loss: 0.15, Learning Rate: 1.0000000000000002e-06
Epoch: 41, Total Train Loss: 0.14, Total Valid Loss: 0.15, Learning Rate: 1.0000000000000002e-06
Epoch: 42, Total Train Loss: 0.14, Total Valid Loss: 0.15, Learning Rate: 1.0000000000000002e-06
Epoch: 43, Total Train Loss: 0.14, Total Valid Loss: 0.15, Learning Rate: 1.0000000000000002e-07
Epoch: 44, Total Train Loss: 0.14, Total Valid Loss: 0.15, Learning Rate: 1.0000000000000002e-07
Epoch: 45, Total Train Loss: 0.14, Total Valid Loss: 0.15, Learning Rate: 1.0000000000000002e-07
Epoch: 46, Total Train Loss: 0.14, Total Valid Loss: 0.15, Learning Rate: 1.0000000000000002e-07
Epoch: 47, Total Train Loss: 0.14, Total Valid Loss: 0.15, Learning Rate: 1.0000000000000002e-07
Epoch: 48, Total Train Loss: 0.14, Total Valid Loss: 0.15, Learning Rate: 1.0000000000000002e-07
Epoch: 49, Total Train Loss: 0.14, Total Valid Loss: 0.15, Learning Rate: 1.0000000000000002e-07
Epoch: 50, Total Train Loss: 0.14, Total Valid Loss: 0.15, Learning Rate: 1.0000000000000002e-07
Epoch: 51, Total Train Loss: 0.14, Total Valid Loss: 0.15, Learning Rate: 1.0000000000000002e-07
Epoch: 52, Total Train Loss: 0.14, Total Valid Loss: 0.15, Learning Rate: 1.0000000000000002e-07
Epoch: 53, Total Train Loss: 0.14, Total Valid Loss: 0.15, Learning Rate: 1.0000000000000002e-07
Epoch: 54, Total Train Loss: 0.14, Total Valid Loss: 0.15, Learning Rate: 1.0000000000000002e-07
Epoch: 55, Total Train Loss: 0.14, Total Valid Loss: 0.15, Learning Rate: 1.0000000000000004e-08
Epoch: 56, Total Train Loss: 0.14, Total Valid Loss: 0.15, Learning Rate: 1.0000000000000004e-08
Epoch: 57, Total Train Loss: 0.14, Total Valid Loss: 0.15, Learning Rate: 1.0000000000000004e-08
Epoch: 58, Total Train Loss: 0.14, Total Valid Loss: 0.15, Learning Rate: 1.0000000000000004e-08
Epoch: 59, Total Train Loss: 0.14, Total Valid Loss: 0.15, Learning Rate: 1.0000000000000004e-08
Epoch: 60, Total Train Loss: 0.14, Total Valid Loss: 0.15, Learning Rate: 1.0000000000000004e-08
Epoch: 61, Total Train Loss: 0.14, Total Valid Loss: 0.15, Learning Rate: 1.0000000000000004e-08
Epoch: 62, Total Train Loss: 0.14, Total Valid Loss: 0.15, Learning Rate: 1.0000000000000004e-08
Epoch: 63, Total Train Loss: 0.14, Total Valid Loss: 0.15, Learning Rate: 1.0000000000000004e-08
Epoch: 64, Total Train Loss: 0.14, Total Valid Loss: 0.15, Learning Rate: 1.0000000000000004e-08
Epoch: 65, Total Train Loss: 0.14, Total Valid Loss: 0.15, Learning Rate: 1.0000000000000004e-08
Epoch: 66, Total Train Loss: 0.14, Total Valid Loss: 0.15, Learning Rate: 1.0000000000000004e-08
Epoch: 67, Total Train Loss: 0.14, Total Valid Loss: 0.15, Learning Rate: 1.0000000000000004e-08
Epoch: 68, Total Train Loss: 0.14, Total Valid Loss: 0.15, Learning Rate: 1.0000000000000004e-08
Epoch: 69, Total Train Loss: 0.14, Total Valid Loss: 0.15, Learning Rate: 1.0000000000000004e-08
Epoch: 70, Total Train Loss: 0.14, Total Valid Loss: 0.15, Learning Rate: 1.0000000000000004e-08
Epoch: 71, Total Train Loss: 0.14, Total Valid Loss: 0.15, Learning Rate: 1.0000000000000004e-08
Epoch: 72, Total Train Loss: 0.14, Total Valid Loss: 0.15, Learning Rate: 1.0000000000000004e-08
Epoch: 73, Total Train Loss: 0.14, Total Valid Loss: 0.15, Learning Rate: 1.0000000000000004e-08
Epoch: 74, Total Train Loss: 0.14, Total Valid Loss: 0.15, Learning Rate: 1.0000000000000004e-08
Epoch: 75, Total Train Loss: 0.14, Total Valid Loss: 0.15, Learning Rate: 1.0000000000000004e-08
Epoch: 76, Total Train Loss: 0.14, Total Valid Loss: 0.15, Learning Rate: 1.0000000000000004e-08
Epoch: 77, Total Train Loss: 0.14, Total Valid Loss: 0.15, Learning Rate: 1.0000000000000004e-08
Epoch: 78, Total Train Loss: 0.14, Total Valid Loss: 0.15, Learning Rate: 1.0000000000000004e-08
Epoch: 79, Total Train Loss: 0.14, Total Valid Loss: 0.15, Learning Rate: 1.0000000000000004e-08
Epoch: 80, Total Train Loss: 0.14, Total Valid Loss: 0.15, Learning Rate: 1.0000000000000004e-08
Epoch: 81, Total Train Loss: 0.14, Total Valid Loss: 0.15, Learning Rate: 1.0000000000000004e-08
Epoch: 82, Total Train Loss: 0.14, Total Valid Loss: 0.15, Learning Rate: 1.0000000000000004e-08
Epoch: 83, Total Train Loss: 0.14, Total Valid Loss: 0.15, Learning Rate: 1.0000000000000004e-08
Epoch: 84, Total Train Loss: 0.14, Total Valid Loss: 0.15, Learning Rate: 1.0000000000000004e-08
Epoch: 85, Total Train Loss: 0.14, Total Valid Loss: 0.15, Learning Rate: 1.0000000000000004e-08
Epoch: 86, Total Train Loss: 0.14, Total Valid Loss: 0.15, Learning Rate: 1.0000000000000004e-08
Epoch: 87, Total Train Loss: 0.14, Total Valid Loss: 0.15, Learning Rate: 1.0000000000000004e-08
Epoch: 88, Total Train Loss: 0.14, Total Valid Loss: 0.15, Learning Rate: 1.0000000000000004e-08
Epoch: 89, Total Train Loss: 0.14, Total Valid Loss: 0.15, Learning Rate: 1.0000000000000004e-08
Epoch: 90, Total Train Loss: 0.14, Total Valid Loss: 0.15, Learning Rate: 1.0000000000000004e-08
Epoch: 91, Total Train Loss: 0.14, Total Valid Loss: 0.15, Learning Rate: 1.0000000000000004e-08
Epoch: 92, Total Train Loss: 0.14, Total Valid Loss: 0.15, Learning Rate: 1.0000000000000004e-08
Epoch: 93, Total Train Loss: 0.14, Total Valid Loss: 0.15, Learning Rate: 1.0000000000000004e-08
Epoch: 94, Total Train Loss: 0.14, Total Valid Loss: 0.15, Learning Rate: 1.0000000000000004e-08
Epoch: 95, Total Train Loss: 0.14, Total Valid Loss: 0.15, Learning Rate: 1.0000000000000004e-08
Epoch: 96, Total Train Loss: 0.14, Total Valid Loss: 0.15, Learning Rate: 1.0000000000000004e-08
Epoch: 97, Total Train Loss: 0.14, Total Valid Loss: 0.15, Learning Rate: 1.0000000000000004e-08
Epoch: 98, Total Train Loss: 0.14, Total Valid Loss: 0.15, Learning Rate: 1.0000000000000004e-08
Epoch: 99, Total Train Loss: 0.14, Total Valid Loss: 0.15, Learning Rate: 1.0000000000000004e-08
Epoch: 100, Total Train Loss: 0.14, Total Valid Loss: 0.15, Learning Rate: 1.0000000000000004e-08
Epoch: 101, Total Train Loss: 0.14, Total Valid Loss: 0.15, Learning Rate: 1.0000000000000004e-08
Epoch: 102, Total Train Loss: 0.14, Total Valid Loss: 0.15, Learning Rate: 1.0000000000000004e-08
Epoch: 103, Total Train Loss: 0.14, Total Valid Loss: 0.15, Learning Rate: 1.0000000000000004e-08
Epoch: 104, Total Train Loss: 0.14, Total Valid Loss: 0.15, Learning Rate: 1.0000000000000004e-08
Epoch: 105, Total Train Loss: 0.14, Total Valid Loss: 0.15, Learning Rate: 1.0000000000000004e-08
Epoch: 106, Total Train Loss: 0.14, Total Valid Loss: 0.15, Learning Rate: 1.0000000000000004e-08
Epoch: 107, Total Train Loss: 0.14, Total Valid Loss: 0.15, Learning Rate: 1.0000000000000004e-08
Epoch: 108, Total Train Loss: 0.14, Total Valid Loss: 0.15, Learning Rate: 1.0000000000000004e-08
Epoch: 109, Total Train Loss: 0.14, Total Valid Loss: 0.15, Learning Rate: 1.0000000000000004e-08
Epoch: 110, Total Train Loss: 0.14, Total Valid Loss: 0.15, Learning Rate: 1.0000000000000004e-08
Epoch: 111, Total Train Loss: 0.14, Total Valid Loss: 0.15, Learning Rate: 1.0000000000000004e-08
Epoch: 112, Total Train Loss: 0.14, Total Valid Loss: 0.15, Learning Rate: 1.0000000000000004e-08
Epoch: 113, Total Train Loss: 0.14, Total Valid Loss: 0.15, Learning Rate: 1.0000000000000004e-08
Epoch: 114, Total Train Loss: 0.14, Total Valid Loss: 0.15, Learning Rate: 1.0000000000000004e-08
Epoch: 115, Total Train Loss: 0.14, Total Valid Loss: 0.15, Learning Rate: 1.0000000000000004e-08
Epoch: 116, Total Train Loss: 0.14, Total Valid Loss: 0.15, Learning Rate: 1.0000000000000004e-08
Epoch: 117, Total Train Loss: 0.14, Total Valid Loss: 0.15, Learning Rate: 1.0000000000000004e-08
Epoch: 118, Total Train Loss: 0.14, Total Valid Loss: 0.15, Learning Rate: 1.0000000000000004e-08
Epoch: 119, Total Train Loss: 0.14, Total Valid Loss: 0.15, Learning Rate: 1.0000000000000004e-08
Epoch: 120, Total Train Loss: 0.14, Total Valid Loss: 0.15, Learning Rate: 1.0000000000000004e-08
Epoch: 121, Total Train Loss: 0.14, Total Valid Loss: 0.15, Learning Rate: 1.0000000000000004e-08
Epoch: 122, Total Train Loss: 0.14, Total Valid Loss: 0.15, Learning Rate: 1.0000000000000004e-08
Epoch: 123, Total Train Loss: 0.14, Total Valid Loss: 0.15, Learning Rate: 1.0000000000000004e-08
Epoch: 124, Total Train Loss: 0.14, Total Valid Loss: 0.15, Learning Rate: 1.0000000000000004e-08
Epoch: 125, Total Train Loss: 0.14, Total Valid Loss: 0.15, Learning Rate: 1.0000000000000004e-08
Epoch: 126, Total Train Loss: 0.14, Total Valid Loss: 0.15, Learning Rate: 1.0000000000000004e-08
Epoch: 127, Total Train Loss: 0.14, Total Valid Loss: 0.15, Learning Rate: 1.0000000000000004e-08
Epoch: 128, Total Train Loss: 0.14, Total Valid Loss: 0.15, Learning Rate: 1.0000000000000004e-08
Epoch: 129, Total Train Loss: 0.14, Total Valid Loss: 0.15, Learning Rate: 1.0000000000000004e-08
Epoch: 130, Total Train Loss: 0.14, Total Valid Loss: 0.15, Learning Rate: 1.0000000000000004e-08
Epoch: 131, Total Train Loss: 0.14, Total Valid Loss: 0.15, Learning Rate: 1.0000000000000004e-08
Epoch: 132, Total Train Loss: 0.14, Total Valid Loss: 0.15, Learning Rate: 1.0000000000000004e-08
Epoch: 133, Total Train Loss: 0.14, Total Valid Loss: 0.15, Learning Rate: 1.0000000000000004e-08
Epoch: 134, Total Train Loss: 0.14, Total Valid Loss: 0.15, Learning Rate: 1.0000000000000004e-08
Epoch: 135, Total Train Loss: 0.14, Total Valid Loss: 0.15, Learning Rate: 1.0000000000000004e-08
Epoch: 136, Total Train Loss: 0.14, Total Valid Loss: 0.15, Learning Rate: 1.0000000000000004e-08
Epoch: 137, Total Train Loss: 0.14, Total Valid Loss: 0.15, Learning Rate: 1.0000000000000004e-08
Epoch: 138, Total Train Loss: 0.14, Total Valid Loss: 0.15, Learning Rate: 1.0000000000000004e-08
Epoch: 139, Total Train Loss: 0.14, Total Valid Loss: 0.15, Learning Rate: 1.0000000000000004e-08
Epoch: 140, Total Train Loss: 0.14, Total Valid Loss: 0.15, Learning Rate: 1.0000000000000004e-08
Epoch: 141, Total Train Loss: 0.14, Total Valid Loss: 0.15, Learning Rate: 1.0000000000000004e-08
Epoch: 142, Total Train Loss: 0.14, Total Valid Loss: 0.15, Learning Rate: 1.0000000000000004e-08
Epoch: 143, Total Train Loss: 0.14, Total Valid Loss: 0.15, Learning Rate: 1.0000000000000004e-08
Epoch: 144, Total Train Loss: 0.14, Total Valid Loss: 0.15, Learning Rate: 1.0000000000000004e-08
Epoch: 145, Total Train Loss: 0.14, Total Valid Loss: 0.15, Learning Rate: 1.0000000000000004e-08
Epoch: 146, Total Train Loss: 0.14, Total Valid Loss: 0.15, Learning Rate: 1.0000000000000004e-08
Epoch: 147, Total Train Loss: 0.14, Total Valid Loss: 0.15, Learning Rate: 1.0000000000000004e-08
Epoch: 148, Total Train Loss: 0.14, Total Valid Loss: 0.15, Learning Rate: 1.0000000000000004e-08
Epoch: 149, Total Train Loss: 0.14, Total Valid Loss: 0.15, Learning Rate: 1.0000000000000004e-08
Epoch: 150, Total Train Loss: 0.14, Total Valid Loss: 0.15, Learning Rate: 1.0000000000000004e-08
Epoch: 151, Total Train Loss: 0.14, Total Valid Loss: 0.15, Learning Rate: 1.0000000000000004e-08
Epoch: 152, Total Train Loss: 0.14, Total Valid Loss: 0.15, Learning Rate: 1.0000000000000004e-08
Epoch: 153, Total Train Loss: 0.14, Total Valid Loss: 0.15, Learning Rate: 1.0000000000000004e-08
Epoch: 154, Total Train Loss: 0.14, Total Valid Loss: 0.15, Learning Rate: 1.0000000000000004e-08
Epoch: 155, Total Train Loss: 0.14, Total Valid Loss: 0.15, Learning Rate: 1.0000000000000004e-08
Epoch: 156, Total Train Loss: 0.14, Total Valid Loss: 0.15, Learning Rate: 1.0000000000000004e-08
Epoch: 157, Total Train Loss: 0.14, Total Valid Loss: 0.15, Learning Rate: 1.0000000000000004e-08
Epoch: 158, Total Train Loss: 0.14, Total Valid Loss: 0.15, Learning Rate: 1.0000000000000004e-08
Epoch: 159, Total Train Loss: 0.14, Total Valid Loss: 0.15, Learning Rate: 1.0000000000000004e-08
Epoch: 160, Total Train Loss: 0.14, Total Valid Loss: 0.15, Learning Rate: 1.0000000000000004e-08
Epoch: 161, Total Train Loss: 0.14, Total Valid Loss: 0.15, Learning Rate: 1.0000000000000004e-08
Epoch: 162, Total Train Loss: 0.14, Total Valid Loss: 0.15, Learning Rate: 1.0000000000000004e-08
Epoch: 163, Total Train Loss: 0.14, Total Valid Loss: 0.15, Learning Rate: 1.0000000000000004e-08
Epoch: 164, Total Train Loss: 0.14, Total Valid Loss: 0.15, Learning Rate: 1.0000000000000004e-08
Epoch: 165, Total Train Loss: 0.14, Total Valid Loss: 0.15, Learning Rate: 1.0000000000000004e-08
Epoch: 166, Total Train Loss: 0.14, Total Valid Loss: 0.15, Learning Rate: 1.0000000000000004e-08
Epoch: 167, Total Train Loss: 0.14, Total Valid Loss: 0.15, Learning Rate: 1.0000000000000004e-08
Epoch: 168, Total Train Loss: 0.14, Total Valid Loss: 0.15, Learning Rate: 1.0000000000000004e-08
Epoch: 169, Total Train Loss: 0.14, Total Valid Loss: 0.15, Learning Rate: 1.0000000000000004e-08
Epoch: 170, Total Train Loss: 0.14, Total Valid Loss: 0.15, Learning Rate: 1.0000000000000004e-08
Epoch: 171, Total Train Loss: 0.14, Total Valid Loss: 0.15, Learning Rate: 1.0000000000000004e-08
Epoch: 172, Total Train Loss: 0.14, Total Valid Loss: 0.15, Learning Rate: 1.0000000000000004e-08
Epoch: 173, Total Train Loss: 0.14, Total Valid Loss: 0.15, Learning Rate: 1.0000000000000004e-08
Epoch: 174, Total Train Loss: 0.14, Total Valid Loss: 0.15, Learning Rate: 1.0000000000000004e-08
Epoch: 175, Total Train Loss: 0.14, Total Valid Loss: 0.15, Learning Rate: 1.0000000000000004e-08
Epoch: 176, Total Train Loss: 0.14, Total Valid Loss: 0.15, Learning Rate: 1.0000000000000004e-08
Epoch: 177, Total Train Loss: 0.14, Total Valid Loss: 0.15, Learning Rate: 1.0000000000000004e-08
Epoch: 178, Total Train Loss: 0.14, Total Valid Loss: 0.15, Learning Rate: 1.0000000000000004e-08
Epoch: 179, Total Train Loss: 0.14, Total Valid Loss: 0.15, Learning Rate: 1.0000000000000004e-08
Epoch: 180, Total Train Loss: 0.14, Total Valid Loss: 0.15, Learning Rate: 1.0000000000000004e-08
Epoch: 181, Total Train Loss: 0.14, Total Valid Loss: 0.15, Learning Rate: 1.0000000000000004e-08
Epoch: 182, Total Train Loss: 0.14, Total Valid Loss: 0.15, Learning Rate: 1.0000000000000004e-08
Epoch: 183, Total Train Loss: 0.14, Total Valid Loss: 0.15, Learning Rate: 1.0000000000000004e-08
Epoch: 184, Total Train Loss: 0.14, Total Valid Loss: 0.15, Learning Rate: 1.0000000000000004e-08
Epoch: 185, Total Train Loss: 0.14, Total Valid Loss: 0.15, Learning Rate: 1.0000000000000004e-08
Epoch: 186, Total Train Loss: 0.14, Total Valid Loss: 0.15, Learning Rate: 1.0000000000000004e-08
Epoch: 187, Total Train Loss: 0.14, Total Valid Loss: 0.15, Learning Rate: 1.0000000000000004e-08
Epoch: 188, Total Train Loss: 0.14, Total Valid Loss: 0.15, Learning Rate: 1.0000000000000004e-08
Epoch: 189, Total Train Loss: 0.14, Total Valid Loss: 0.15, Learning Rate: 1.0000000000000004e-08
Epoch: 190, Total Train Loss: 0.14, Total Valid Loss: 0.15, Learning Rate: 1.0000000000000004e-08
Epoch: 191, Total Train Loss: 0.14, Total Valid Loss: 0.15, Learning Rate: 1.0000000000000004e-08
Epoch: 192, Total Train Loss: 0.14, Total Valid Loss: 0.15, Learning Rate: 1.0000000000000004e-08
Epoch: 193, Total Train Loss: 0.14, Total Valid Loss: 0.15, Learning Rate: 1.0000000000000004e-08
Epoch: 194, Total Train Loss: 0.14, Total Valid Loss: 0.15, Learning Rate: 1.0000000000000004e-08
Epoch: 195, Total Train Loss: 0.14, Total Valid Loss: 0.15, Learning Rate: 1.0000000000000004e-08
Epoch: 196, Total Train Loss: 0.14, Total Valid Loss: 0.15, Learning Rate: 1.0000000000000004e-08
Epoch: 197, Total Train Loss: 0.14, Total Valid Loss: 0.15, Learning Rate: 1.0000000000000004e-08
Epoch: 198, Total Train Loss: 0.14, Total Valid Loss: 0.15, Learning Rate: 1.0000000000000004e-08
Epoch: 199, Total Train Loss: 0.14, Total Valid Loss: 0.15, Learning Rate: 1.0000000000000004e-08
Starting Latent Downstream Task
Epoch: 1, Train Loss: 0.5342, Valid Loss: 0.3681, LR: 0.001
Epoch: 2, Train Loss: 0.2118, Valid Loss: 0.1844, LR: 0.001
Epoch: 3, Train Loss: 0.1458, Valid Loss: 0.1715, LR: 0.001
Epoch: 4, Train Loss: 0.1210, Valid Loss: 0.1746, LR: 0.001
Epoch: 5, Train Loss: 0.1208, Valid Loss: 0.1736, LR: 0.001
Epoch: 6, Train Loss: 0.1015, Valid Loss: 0.1540, LR: 0.001
Epoch: 7, Train Loss: 0.0915, Valid Loss: 0.1607, LR: 0.001
Epoch: 8, Train Loss: 0.1068, Valid Loss: 0.2066, LR: 0.001
Epoch: 9, Train Loss: 0.1076, Valid Loss: 0.1531, LR: 0.001
Epoch: 10, Train Loss: 0.0922, Valid Loss: 0.1890, LR: 0.001
Epoch: 11, Train Loss: 0.1013, Valid Loss: 0.1812, LR: 0.001
Epoch: 12, Train Loss: 0.1027, Valid Loss: 0.1623, LR: 0.001
Epoch: 13, Train Loss: 0.0876, Valid Loss: 0.1816, LR: 0.001
Epoch: 14, Train Loss: 0.1075, Valid Loss: 0.1603, LR: 0.001
Epoch: 15, Train Loss: 0.0904, Valid Loss: 0.1778, LR: 0.001
Epoch: 16, Train Loss: 0.0972, Valid Loss: 0.1674, LR: 0.001
Epoch: 17, Train Loss: 0.0940, Valid Loss: 0.1831, LR: 0.001
Epoch: 18, Train Loss: 0.1031, Valid Loss: 0.1453, LR: 0.001
Epoch: 19, Train Loss: 0.0967, Valid Loss: 0.1954, LR: 0.001
Epoch: 20, Train Loss: 0.0952, Valid Loss: 0.1549, LR: 0.001
Epoch: 21, Train Loss: 0.1021, Valid Loss: 0.1791, LR: 0.001
Epoch: 22, Train Loss: 0.0980, Valid Loss: 0.1749, LR: 0.001
Epoch: 23, Train Loss: 0.0979, Valid Loss: 0.1611, LR: 0.001
Epoch: 24, Train Loss: 0.0862, Valid Loss: 0.1590, LR: 0.001
Epoch: 25, Train Loss: 0.0950, Valid Loss: 0.1674, LR: 0.001
Epoch: 26, Train Loss: 0.1107, Valid Loss: 0.1750, LR: 0.001
Epoch: 27, Train Loss: 0.0934, Valid Loss: 0.1763, LR: 0.001
Epoch: 28, Train Loss: 0.0939, Valid Loss: 0.1628, LR: 0.001
Epoch: 29, Train Loss: 0.1051, Valid Loss: 0.1584, LR: 0.0001
Epoch: 30, Train Loss: 0.0805, Valid Loss: 0.1694, LR: 0.0001
Epoch: 31, Train Loss: 0.0712, Valid Loss: 0.1650, LR: 0.0001
Epoch: 32, Train Loss: 0.0674, Valid Loss: 0.1728, LR: 0.0001
Epoch: 33, Train Loss: 0.0708, Valid Loss: 0.1611, LR: 0.0001
Epoch: 34, Train Loss: 0.0704, Valid Loss: 0.1604, LR: 0.0001
Epoch: 35, Train Loss: 0.0605, Valid Loss: 0.1606, LR: 0.0001
Epoch: 36, Train Loss: 0.0592, Valid Loss: 0.1613, LR: 0.0001
Epoch: 37, Train Loss: 0.0599, Valid Loss: 0.1712, LR: 0.0001
Epoch: 38, Train Loss: 0.0542, Valid Loss: 0.1668, LR: 0.0001
Epoch: 39, Train Loss: 0.0507, Valid Loss: 0.1656, LR: 0.0001
Epoch: 40, Train Loss: 0.0529, Valid Loss: 0.1701, LR: 1e-05
Epoch: 41, Train Loss: 0.0499, Valid Loss: 0.1674, LR: 1e-05
Epoch: 42, Train Loss: 0.0466, Valid Loss: 0.1737, LR: 1e-05
Epoch: 43, Train Loss: 0.0483, Valid Loss: 0.1605, LR: 1e-05
Epoch: 44, Train Loss: 0.0495, Valid Loss: 0.1666, LR: 1e-05
Epoch: 45, Train Loss: 0.0489, Valid Loss: 0.1663, LR: 1e-05
Epoch: 46, Train Loss: 0.0494, Valid Loss: 0.1656, LR: 1e-05
Epoch: 47, Train Loss: 0.0498, Valid Loss: 0.1660, LR: 1e-05
Epoch: 48, Train Loss: 0.0473, Valid Loss: 0.1654, LR: 1e-05
Epoch: 49, Train Loss: 0.0475, Valid Loss: 0.1687, LR: 1e-05
Epoch: 50, Train Loss: 0.0509, Valid Loss: 0.1675, LR: 1e-05
Epoch: 51, Train Loss: 0.0494, Valid Loss: 0.1662, LR: 1.0000000000000002e-06
Epoch: 52, Train Loss: 0.0510, Valid Loss: 0.1668, LR: 1.0000000000000002e-06
Epoch: 53, Train Loss: 0.0511, Valid Loss: 0.1646, LR: 1.0000000000000002e-06
Epoch: 54, Train Loss: 0.0480, Valid Loss: 0.1650, LR: 1.0000000000000002e-06
Epoch: 55, Train Loss: 0.0480, Valid Loss: 0.1668, LR: 1.0000000000000002e-06
Epoch: 56, Train Loss: 0.0510, Valid Loss: 0.1623, LR: 1.0000000000000002e-06
Epoch: 57, Train Loss: 0.0474, Valid Loss: 0.1717, LR: 1.0000000000000002e-06
Epoch: 58, Train Loss: 0.0518, Valid Loss: 0.1719, LR: 1.0000000000000002e-06
Epoch: 59, Train Loss: 0.0452, Valid Loss: 0.1700, LR: 1.0000000000000002e-06
Epoch: 60, Train Loss: 0.0453, Valid Loss: 0.1671, LR: 1.0000000000000002e-06
Epoch: 61, Train Loss: 0.0487, Valid Loss: 0.1699, LR: 1.0000000000000002e-06
Epoch: 62, Train Loss: 0.0468, Valid Loss: 0.1688, LR: 1.0000000000000002e-07
Epoch: 63, Train Loss: 0.0497, Valid Loss: 0.1640, LR: 1.0000000000000002e-07
Epoch: 64, Train Loss: 0.0494, Valid Loss: 0.1636, LR: 1.0000000000000002e-07
Epoch: 65, Train Loss: 0.0483, Valid Loss: 0.1659, LR: 1.0000000000000002e-07
Epoch: 66, Train Loss: 0.0489, Valid Loss: 0.1688, LR: 1.0000000000000002e-07
Epoch: 67, Train Loss: 0.0524, Valid Loss: 0.1656, LR: 1.0000000000000002e-07
Epoch: 68, Train Loss: 0.0491, Valid Loss: 0.1608, LR: 1.0000000000000002e-07
Epoch: 69, Train Loss: 0.0498, Valid Loss: 0.1724, LR: 1.0000000000000002e-07
Epoch: 70, Train Loss: 0.0486, Valid Loss: 0.1656, LR: 1.0000000000000002e-07
Epoch: 71, Train Loss: 0.0497, Valid Loss: 0.1665, LR: 1.0000000000000002e-07
Epoch: 72, Train Loss: 0.0513, Valid Loss: 0.1598, LR: 1.0000000000000002e-07
Epoch: 73, Train Loss: 0.0465, Valid Loss: 0.1588, LR: 1.0000000000000004e-08
Epoch: 74, Train Loss: 0.0520, Valid Loss: 0.1690, LR: 1.0000000000000004e-08
Epoch: 75, Train Loss: 0.0442, Valid Loss: 0.1644, LR: 1.0000000000000004e-08
Epoch: 76, Train Loss: 0.0472, Valid Loss: 0.1688, LR: 1.0000000000000004e-08
Epoch: 77, Train Loss: 0.0453, Valid Loss: 0.1660, LR: 1.0000000000000004e-08
Epoch: 78, Train Loss: 0.0467, Valid Loss: 0.1651, LR: 1.0000000000000004e-08
Epoch: 79, Train Loss: 0.0511, Valid Loss: 0.1649, LR: 1.0000000000000004e-08
Epoch: 80, Train Loss: 0.0482, Valid Loss: 0.1706, LR: 1.0000000000000004e-08
Epoch: 81, Train Loss: 0.0460, Valid Loss: 0.1636, LR: 1.0000000000000004e-08
Epoch: 82, Train Loss: 0.0462, Valid Loss: 0.1604, LR: 1.0000000000000004e-08
Epoch: 83, Train Loss: 0.0472, Valid Loss: 0.1700, LR: 1.0000000000000004e-08
Epoch: 84, Train Loss: 0.0463, Valid Loss: 0.1623, LR: 1.0000000000000004e-08
Epoch: 85, Train Loss: 0.0463, Valid Loss: 0.1656, LR: 1.0000000000000004e-08
Epoch: 86, Train Loss: 0.0490, Valid Loss: 0.1695, LR: 1.0000000000000004e-08
Epoch: 87, Train Loss: 0.0459, Valid Loss: 0.1650, LR: 1.0000000000000004e-08
Epoch: 88, Train Loss: 0.0488, Valid Loss: 0.1695, LR: 1.0000000000000004e-08
Epoch: 89, Train Loss: 0.0503, Valid Loss: 0.1644, LR: 1.0000000000000004e-08
Epoch: 90, Train Loss: 0.0476, Valid Loss: 0.1691, LR: 1.0000000000000004e-08
Epoch: 91, Train Loss: 0.0460, Valid Loss: 0.1607, LR: 1.0000000000000004e-08
Epoch: 92, Train Loss: 0.0497, Valid Loss: 0.1667, LR: 1.0000000000000004e-08
Epoch: 93, Train Loss: 0.0470, Valid Loss: 0.1632, LR: 1.0000000000000004e-08
Epoch: 94, Train Loss: 0.0508, Valid Loss: 0.1669, LR: 1.0000000000000004e-08
Epoch: 95, Train Loss: 0.0448, Valid Loss: 0.1725, LR: 1.0000000000000004e-08
Epoch: 96, Train Loss: 0.0474, Valid Loss: 0.1617, LR: 1.0000000000000004e-08
Epoch: 97, Train Loss: 0.0528, Valid Loss: 0.1663, LR: 1.0000000000000004e-08
Epoch: 98, Train Loss: 0.0509, Valid Loss: 0.1667, LR: 1.0000000000000004e-08
Epoch: 99, Train Loss: 0.0508, Valid Loss: 0.1677, LR: 1.0000000000000004e-08
Epoch: 100, Train Loss: 0.0493, Valid Loss: 0.1673, LR: 1.0000000000000004e-08
Test Loss: 0.1640
MSE Loss Between Generated and Conditioned: 398855.5938
Epoch: 1, Loss: 1.0089
MSE Loss Between Generated and Conditioned: 85947.2109
Epoch: 2, Loss: 0.9122
MSE Loss Between Generated and Conditioned: 52751.1680
Epoch: 3, Loss: 0.8420
MSE Loss Between Generated and Conditioned: 40339.3633
Epoch: 4, Loss: 0.7842
MSE Loss Between Generated and Conditioned: 31942.6816
Epoch: 5, Loss: 0.7355
MSE Loss Between Generated and Conditioned: 27475.8887
Epoch: 6, Loss: 0.6932
MSE Loss Between Generated and Conditioned: 24067.0293
Epoch: 7, Loss: 0.6568
MSE Loss Between Generated and Conditioned: 19723.7773
Epoch: 8, Loss: 0.6252
MSE Loss Between Generated and Conditioned: 18064.0898
Epoch: 9, Loss: 0.5978
MSE Loss Between Generated and Conditioned: 15970.8975
Epoch: 10, Loss: 0.5734
MSE Loss Between Generated and Conditioned: 12839.5430
Epoch: 11, Loss: 0.5509
MSE Loss Between Generated and Conditioned: 10343.4346
Epoch: 12, Loss: 0.5308
MSE Loss Between Generated and Conditioned: 9401.6533
Epoch: 13, Loss: 0.5125
MSE Loss Between Generated and Conditioned: 7456.2573
Epoch: 14, Loss: 0.4958
MSE Loss Between Generated and Conditioned: 7908.8149
Epoch: 15, Loss: 0.4807
MSE Loss Between Generated and Conditioned: 6296.6089
Epoch: 16, Loss: 0.4668
MSE Loss Between Generated and Conditioned: 5700.4072
Epoch: 17, Loss: 0.4540
MSE Loss Between Generated and Conditioned: 5762.1885
Epoch: 18, Loss: 0.4425
MSE Loss Between Generated and Conditioned: 4954.5146
Epoch: 19, Loss: 0.4321
MSE Loss Between Generated and Conditioned: 5484.8545
Epoch: 20, Loss: 0.4226
MSE Loss Between Generated and Conditioned: 4749.2920
Epoch: 21, Loss: 0.4135
MSE Loss Between Generated and Conditioned: 3714.0398
Epoch: 22, Loss: 0.4048
MSE Loss Between Generated and Conditioned: 3155.8997
Epoch: 23, Loss: 0.3968
MSE Loss Between Generated and Conditioned: 3961.0044
Epoch: 24, Loss: 0.3895
MSE Loss Between Generated and Conditioned: 4421.5327
Epoch: 25, Loss: 0.3827
MSE Loss Between Generated and Conditioned: 4432.4229
Epoch: 26, Loss: 0.3761
MSE Loss Between Generated and Conditioned: 3359.9119
Epoch: 27, Loss: 0.3697
MSE Loss Between Generated and Conditioned: 3445.8203
Epoch: 28, Loss: 0.3638
MSE Loss Between Generated and Conditioned: 3201.9333
Epoch: 29, Loss: 0.3581
MSE Loss Between Generated and Conditioned: 2510.9578
Epoch: 30, Loss: 0.3527
MSE Loss Between Generated and Conditioned: 2016.0586
Epoch: 31, Loss: 0.3473
MSE Loss Between Generated and Conditioned: 1400.1820
Epoch: 32, Loss: 0.3421
MSE Loss Between Generated and Conditioned: 1223.0804
Epoch: 33, Loss: 0.3374
MSE Loss Between Generated and Conditioned: 2019.0331
Epoch: 34, Loss: 0.3327
MSE Loss Between Generated and Conditioned: 2031.6477
Epoch: 35, Loss: 0.3282
MSE Loss Between Generated and Conditioned: 1266.3809
Epoch: 36, Loss: 0.3239
MSE Loss Between Generated and Conditioned: 1108.9281
Epoch: 37, Loss: 0.3199
MSE Loss Between Generated and Conditioned: 1197.3910
Epoch: 38, Loss: 0.3162
MSE Loss Between Generated and Conditioned: 1409.0864
Epoch: 39, Loss: 0.3123
MSE Loss Between Generated and Conditioned: 1009.6657
Epoch: 40, Loss: 0.3087
MSE Loss Between Generated and Conditioned: 905.1451
Epoch: 41, Loss: 0.3053
MSE Loss Between Generated and Conditioned: 851.1015
Epoch: 42, Loss: 0.3021
MSE Loss Between Generated and Conditioned: 643.0715
Epoch: 43, Loss: 0.2989
MSE Loss Between Generated and Conditioned: 471.4392
Epoch: 44, Loss: 0.2959
MSE Loss Between Generated and Conditioned: 462.5197
Epoch: 45, Loss: 0.2930
MSE Loss Between Generated and Conditioned: 432.3604
Epoch: 46, Loss: 0.2902
MSE Loss Between Generated and Conditioned: 725.4290
Epoch: 47, Loss: 0.2873
MSE Loss Between Generated and Conditioned: 620.9710
Epoch: 48, Loss: 0.2847
MSE Loss Between Generated and Conditioned: 398.2376
Epoch: 49, Loss: 0.2822
MSE Loss Between Generated and Conditioned: 246.8232
Epoch: 50, Loss: 0.2798
MSE Loss Between Generated and Conditioned: 288.9862
Epoch: 51, Loss: 0.2774
MSE Loss Between Generated and Conditioned: 398.8735
Epoch: 52, Loss: 0.2749
MSE Loss Between Generated and Conditioned: 108.4614
Epoch: 53, Loss: 0.2727
MSE Loss Between Generated and Conditioned: 139.6593
Epoch: 54, Loss: 0.2705
MSE Loss Between Generated and Conditioned: 226.7226
Epoch: 55, Loss: 0.2683
MSE Loss Between Generated and Conditioned: 237.4471
Epoch: 56, Loss: 0.2662
MSE Loss Between Generated and Conditioned: 217.7383
Epoch: 57, Loss: 0.2642
MSE Loss Between Generated and Conditioned: 198.9766
Epoch: 58, Loss: 0.2623
MSE Loss Between Generated and Conditioned: 166.3010
Epoch: 59, Loss: 0.2603
MSE Loss Between Generated and Conditioned: 188.7937
Epoch: 60, Loss: 0.2584
MSE Loss Between Generated and Conditioned: 206.6743
Epoch: 61, Loss: 0.2564
MSE Loss Between Generated and Conditioned: 130.1215
Epoch: 62, Loss: 0.2546
MSE Loss Between Generated and Conditioned: 175.6158
Epoch: 63, Loss: 0.2528
MSE Loss Between Generated and Conditioned: 166.0619
Epoch: 64, Loss: 0.2511
MSE Loss Between Generated and Conditioned: 132.2859
Epoch: 65, Loss: 0.2495
MSE Loss Between Generated and Conditioned: 93.1555
Epoch: 66, Loss: 0.2479
MSE Loss Between Generated and Conditioned: 126.6139
Epoch: 67, Loss: 0.2464
MSE Loss Between Generated and Conditioned: 134.0833
Epoch: 68, Loss: 0.2449
MSE Loss Between Generated and Conditioned: 76.2238
Epoch: 69, Loss: 0.2435
MSE Loss Between Generated and Conditioned: 105.1181
Epoch: 70, Loss: 0.2420
MSE Loss Between Generated and Conditioned: 89.8911
Epoch: 71, Loss: 0.2406
MSE Loss Between Generated and Conditioned: 69.0637
Epoch: 72, Loss: 0.2393
MSE Loss Between Generated and Conditioned: 57.3594
Epoch: 73, Loss: 0.2380
MSE Loss Between Generated and Conditioned: 44.5751
Epoch: 74, Loss: 0.2366
MSE Loss Between Generated and Conditioned: 55.1534
Epoch: 75, Loss: 0.2353
MSE Loss Between Generated and Conditioned: 47.1014
Epoch: 76, Loss: 0.2342
MSE Loss Between Generated and Conditioned: 41.2224
Epoch: 77, Loss: 0.2330
MSE Loss Between Generated and Conditioned: 47.9602
Epoch: 78, Loss: 0.2318
MSE Loss Between Generated and Conditioned: 34.0303
Epoch: 79, Loss: 0.2306
MSE Loss Between Generated and Conditioned: 43.3250
Epoch: 80, Loss: 0.2294
MSE Loss Between Generated and Conditioned: 46.2411
Epoch: 81, Loss: 0.2283
MSE Loss Between Generated and Conditioned: 26.8545
Epoch: 82, Loss: 0.2273
MSE Loss Between Generated and Conditioned: 44.5971
Epoch: 83, Loss: 0.2262
MSE Loss Between Generated and Conditioned: 39.8157
Epoch: 84, Loss: 0.2253
MSE Loss Between Generated and Conditioned: 50.3380
Epoch: 85, Loss: 0.2244
MSE Loss Between Generated and Conditioned: 43.2666
Epoch: 86, Loss: 0.2234
MSE Loss Between Generated and Conditioned: 29.2127
Epoch: 87, Loss: 0.2225
MSE Loss Between Generated and Conditioned: 20.9149
Epoch: 88, Loss: 0.2216
MSE Loss Between Generated and Conditioned: 26.3531
Epoch: 89, Loss: 0.2207
MSE Loss Between Generated and Conditioned: 32.4804
Epoch: 90, Loss: 0.2198
MSE Loss Between Generated and Conditioned: 41.9367
Epoch: 91, Loss: 0.2189
MSE Loss Between Generated and Conditioned: 63.7236
Epoch: 92, Loss: 0.2180
MSE Loss Between Generated and Conditioned: 38.9414
Epoch: 93, Loss: 0.2171
MSE Loss Between Generated and Conditioned: 47.5351
Epoch: 94, Loss: 0.2163
MSE Loss Between Generated and Conditioned: 8.9298
Epoch: 95, Loss: 0.2154
MSE Loss Between Generated and Conditioned: 18.8362
Epoch: 96, Loss: 0.2147
MSE Loss Between Generated and Conditioned: 12.6218
Epoch: 97, Loss: 0.2139
MSE Loss Between Generated and Conditioned: 25.2756
Epoch: 98, Loss: 0.2131
MSE Loss Between Generated and Conditioned: 23.3430
Epoch: 99, Loss: 0.2124
MSE Loss Between Generated and Conditioned: 33.6330
Epoch: 100, Loss: 0.2117
MSE Loss Between Generated and Conditioned: 12.7554
Epoch: 101, Loss: 0.2109
MSE Loss Between Generated and Conditioned: 19.3401
Epoch: 102, Loss: 0.2102
MSE Loss Between Generated and Conditioned: 14.9895
Epoch: 103, Loss: 0.2095
MSE Loss Between Generated and Conditioned: 23.6192
Epoch: 104, Loss: 0.2089
MSE Loss Between Generated and Conditioned: 37.6938
Epoch: 105, Loss: 0.2082
MSE Loss Between Generated and Conditioned: 16.4740
Epoch: 106, Loss: 0.2075
MSE Loss Between Generated and Conditioned: 16.7833
Epoch: 107, Loss: 0.2069
MSE Loss Between Generated and Conditioned: 10.0562
Epoch: 108, Loss: 0.2063
MSE Loss Between Generated and Conditioned: 7.1219
Epoch: 109, Loss: 0.2057
MSE Loss Between Generated and Conditioned: 15.0171
Epoch: 110, Loss: 0.2052
MSE Loss Between Generated and Conditioned: 19.9270
Epoch: 111, Loss: 0.2045
MSE Loss Between Generated and Conditioned: 12.2819
Epoch: 112, Loss: 0.2040
MSE Loss Between Generated and Conditioned: 14.2057
Epoch: 113, Loss: 0.2034
MSE Loss Between Generated and Conditioned: 11.0436
Epoch: 114, Loss: 0.2029
MSE Loss Between Generated and Conditioned: 17.1684
Epoch: 115, Loss: 0.2023
MSE Loss Between Generated and Conditioned: 36.8020
Epoch: 116, Loss: 0.2017
MSE Loss Between Generated and Conditioned: 14.7927
Epoch: 117, Loss: 0.2012
MSE Loss Between Generated and Conditioned: 10.1748
Epoch: 118, Loss: 0.2007
MSE Loss Between Generated and Conditioned: 19.1886
Epoch: 119, Loss: 0.2002
MSE Loss Between Generated and Conditioned: 14.5659
Epoch: 120, Loss: 0.1997
MSE Loss Between Generated and Conditioned: 13.0965
Epoch: 121, Loss: 0.1992
MSE Loss Between Generated and Conditioned: 14.3224
Epoch: 122, Loss: 0.1987
MSE Loss Between Generated and Conditioned: 13.4388
Epoch: 123, Loss: 0.1982
MSE Loss Between Generated and Conditioned: 13.4073
Epoch: 124, Loss: 0.1978
MSE Loss Between Generated and Conditioned: 16.4743
Epoch: 125, Loss: 0.1973
MSE Loss Between Generated and Conditioned: 11.6930
Epoch: 126, Loss: 0.1967
MSE Loss Between Generated and Conditioned: 12.2278
Epoch: 127, Loss: 0.1964
MSE Loss Between Generated and Conditioned: 11.9880
Epoch: 128, Loss: 0.1960
MSE Loss Between Generated and Conditioned: 4.7306
Epoch: 129, Loss: 0.1956
MSE Loss Between Generated and Conditioned: 12.1620
Epoch: 130, Loss: 0.1952
MSE Loss Between Generated and Conditioned: 15.7819
Epoch: 131, Loss: 0.1948
MSE Loss Between Generated and Conditioned: 20.4698
Epoch: 132, Loss: 0.1943
MSE Loss Between Generated and Conditioned: 7.6960
Epoch: 133, Loss: 0.1939
MSE Loss Between Generated and Conditioned: 4.1649
Epoch: 134, Loss: 0.1935
MSE Loss Between Generated and Conditioned: 13.0288
Epoch: 135, Loss: 0.1932
MSE Loss Between Generated and Conditioned: 7.3079
Epoch: 136, Loss: 0.1928
MSE Loss Between Generated and Conditioned: 25.4272
Epoch: 137, Loss: 0.1924
MSE Loss Between Generated and Conditioned: 7.6170
Epoch: 138, Loss: 0.1920
MSE Loss Between Generated and Conditioned: 7.6830
Epoch: 139, Loss: 0.1916
MSE Loss Between Generated and Conditioned: 11.8668
Epoch: 140, Loss: 0.1912
MSE Loss Between Generated and Conditioned: 7.3536
Epoch: 141, Loss: 0.1908
MSE Loss Between Generated and Conditioned: 8.6979
Epoch: 142, Loss: 0.1905
MSE Loss Between Generated and Conditioned: 5.6293
Epoch: 143, Loss: 0.1901
MSE Loss Between Generated and Conditioned: 5.3352
Epoch: 144, Loss: 0.1898
MSE Loss Between Generated and Conditioned: 15.0052
Epoch: 145, Loss: 0.1894
MSE Loss Between Generated and Conditioned: 5.9352
Epoch: 146, Loss: 0.1891
MSE Loss Between Generated and Conditioned: 7.0503
Epoch: 147, Loss: 0.1887
MSE Loss Between Generated and Conditioned: 6.2507
Epoch: 148, Loss: 0.1883
MSE Loss Between Generated and Conditioned: 5.7268
Epoch: 149, Loss: 0.1880
MSE Loss Between Generated and Conditioned: 10.1868
Epoch: 150, Loss: 0.1877
MSE Loss Between Generated and Conditioned: 9.6174
Epoch: 151, Loss: 0.1873
MSE Loss Between Generated and Conditioned: 8.0037
Epoch: 152, Loss: 0.1870
MSE Loss Between Generated and Conditioned: 4.0365
Epoch: 153, Loss: 0.1867
MSE Loss Between Generated and Conditioned: 3.8871
Epoch: 154, Loss: 0.1863
MSE Loss Between Generated and Conditioned: 11.0429
Epoch: 155, Loss: 0.1860
MSE Loss Between Generated and Conditioned: 5.8064
Epoch: 156, Loss: 0.1857
MSE Loss Between Generated and Conditioned: 5.1375
Epoch: 157, Loss: 0.1854
MSE Loss Between Generated and Conditioned: 3.2311
Epoch: 158, Loss: 0.1851
MSE Loss Between Generated and Conditioned: 3.6710
Epoch: 159, Loss: 0.1848
MSE Loss Between Generated and Conditioned: 6.8210
Epoch: 160, Loss: 0.1846
MSE Loss Between Generated and Conditioned: 5.1460
Epoch: 161, Loss: 0.1843
MSE Loss Between Generated and Conditioned: 2.6072
Epoch: 162, Loss: 0.1840
MSE Loss Between Generated and Conditioned: 6.4494
Epoch: 163, Loss: 0.1837
MSE Loss Between Generated and Conditioned: 5.0541
Epoch: 164, Loss: 0.1834
MSE Loss Between Generated and Conditioned: 3.1382
Epoch: 165, Loss: 0.1831
MSE Loss Between Generated and Conditioned: 2.5580
Epoch: 166, Loss: 0.1829
MSE Loss Between Generated and Conditioned: 3.7205
Epoch: 167, Loss: 0.1826
MSE Loss Between Generated and Conditioned: 5.1564
Epoch: 168, Loss: 0.1824
MSE Loss Between Generated and Conditioned: 8.0944
Epoch: 169, Loss: 0.1821
MSE Loss Between Generated and Conditioned: 3.6365
Epoch: 170, Loss: 0.1819
MSE Loss Between Generated and Conditioned: 4.9146
Epoch: 171, Loss: 0.1816
MSE Loss Between Generated and Conditioned: 5.3511
Epoch: 172, Loss: 0.1814
MSE Loss Between Generated and Conditioned: 4.9057
Epoch: 173, Loss: 0.1811
MSE Loss Between Generated and Conditioned: 2.9998
Epoch: 174, Loss: 0.1809
MSE Loss Between Generated and Conditioned: 2.3628
Epoch: 175, Loss: 0.1806
MSE Loss Between Generated and Conditioned: 2.4485
Epoch: 176, Loss: 0.1803
MSE Loss Between Generated and Conditioned: 5.9550
Epoch: 177, Loss: 0.1801
MSE Loss Between Generated and Conditioned: 2.9066
Epoch: 178, Loss: 0.1799
MSE Loss Between Generated and Conditioned: 3.0074
Epoch: 179, Loss: 0.1797
MSE Loss Between Generated and Conditioned: 2.5247
Epoch: 180, Loss: 0.1794
MSE Loss Between Generated and Conditioned: 2.5430
Epoch: 181, Loss: 0.1792
MSE Loss Between Generated and Conditioned: 1.7700
Epoch: 182, Loss: 0.1789
MSE Loss Between Generated and Conditioned: 3.2591
Epoch: 183, Loss: 0.1787
MSE Loss Between Generated and Conditioned: 3.3088
Epoch: 184, Loss: 0.1784
MSE Loss Between Generated and Conditioned: 3.5940
Epoch: 185, Loss: 0.1782
MSE Loss Between Generated and Conditioned: 2.3834
Epoch: 186, Loss: 0.1779
MSE Loss Between Generated and Conditioned: 1.9494
Epoch: 187, Loss: 0.1777
MSE Loss Between Generated and Conditioned: 2.2425
Epoch: 188, Loss: 0.1775
MSE Loss Between Generated and Conditioned: 3.3718
Epoch: 189, Loss: 0.1773
MSE Loss Between Generated and Conditioned: 2.2548
Epoch: 190, Loss: 0.1770
MSE Loss Between Generated and Conditioned: 1.7779
Epoch: 191, Loss: 0.1768
MSE Loss Between Generated and Conditioned: 2.2588
Epoch: 192, Loss: 0.1766
MSE Loss Between Generated and Conditioned: 2.7108
Epoch: 193, Loss: 0.1764
MSE Loss Between Generated and Conditioned: 2.3839
Epoch: 194, Loss: 0.1762
MSE Loss Between Generated and Conditioned: 2.6161
Epoch: 195, Loss: 0.1761
MSE Loss Between Generated and Conditioned: 1.5668
Epoch: 196, Loss: 0.1759
MSE Loss Between Generated and Conditioned: 3.3728
Epoch: 197, Loss: 0.1756
MSE Loss Between Generated and Conditioned: 1.8235
Epoch: 198, Loss: 0.1754
MSE Loss Between Generated and Conditioned: 2.6820
Epoch: 199, Loss: 0.1753
MSE Loss Between Generated and Conditioned: 3.4779
Epoch: 200, Loss: 0.1751
MSE Loss Between Generated and Conditioned: 2.7545
Epoch: 201, Loss: 0.1749
MSE Loss Between Generated and Conditioned: 2.3733
Epoch: 202, Loss: 0.1747
MSE Loss Between Generated and Conditioned: 1.4301
Epoch: 203, Loss: 0.1745
MSE Loss Between Generated and Conditioned: 4.7362
Epoch: 204, Loss: 0.1744
MSE Loss Between Generated and Conditioned: 2.0193
Epoch: 205, Loss: 0.1742
MSE Loss Between Generated and Conditioned: 1.9737
Epoch: 206, Loss: 0.1740
MSE Loss Between Generated and Conditioned: 5.9158
Epoch: 207, Loss: 0.1738
MSE Loss Between Generated and Conditioned: 1.5090
Epoch: 208, Loss: 0.1736
MSE Loss Between Generated and Conditioned: 4.3673
Epoch: 209, Loss: 0.1734
MSE Loss Between Generated and Conditioned: 3.0367
Epoch: 210, Loss: 0.1732
MSE Loss Between Generated and Conditioned: 2.9911
Epoch: 211, Loss: 0.1730
MSE Loss Between Generated and Conditioned: 1.4420
Epoch: 212, Loss: 0.1729
MSE Loss Between Generated and Conditioned: 4.7422
Epoch: 213, Loss: 0.1727
MSE Loss Between Generated and Conditioned: 3.1812
Epoch: 214, Loss: 0.1725
MSE Loss Between Generated and Conditioned: 1.5233
Epoch: 215, Loss: 0.1723
MSE Loss Between Generated and Conditioned: 1.5003
Epoch: 216, Loss: 0.1721
MSE Loss Between Generated and Conditioned: 2.0209
Epoch: 217, Loss: 0.1720
MSE Loss Between Generated and Conditioned: 1.6833
Epoch: 218, Loss: 0.1718
MSE Loss Between Generated and Conditioned: 1.2929
Epoch: 219, Loss: 0.1716
MSE Loss Between Generated and Conditioned: 2.7119
Epoch: 220, Loss: 0.1715
MSE Loss Between Generated and Conditioned: 2.5960
Epoch: 221, Loss: 0.1713
MSE Loss Between Generated and Conditioned: 3.7677
Epoch: 222, Loss: 0.1711
MSE Loss Between Generated and Conditioned: 1.6345
Epoch: 223, Loss: 0.1710
MSE Loss Between Generated and Conditioned: 1.3347
Epoch: 224, Loss: 0.1708
MSE Loss Between Generated and Conditioned: 1.5453
Epoch: 225, Loss: 0.1707
MSE Loss Between Generated and Conditioned: 1.5339
Epoch: 226, Loss: 0.1705
MSE Loss Between Generated and Conditioned: 2.3553
Epoch: 227, Loss: 0.1704
MSE Loss Between Generated and Conditioned: 1.4468
Epoch: 228, Loss: 0.1702
MSE Loss Between Generated and Conditioned: 1.3440
Epoch: 229, Loss: 0.1701
MSE Loss Between Generated and Conditioned: 2.2898
Epoch: 230, Loss: 0.1700
MSE Loss Between Generated and Conditioned: 1.5656
Epoch: 231, Loss: 0.1698
MSE Loss Between Generated and Conditioned: 1.5087
Epoch: 232, Loss: 0.1697
MSE Loss Between Generated and Conditioned: 1.3532
Epoch: 233, Loss: 0.1695
MSE Loss Between Generated and Conditioned: 1.1741
Epoch: 234, Loss: 0.1694
MSE Loss Between Generated and Conditioned: 1.4778
Epoch: 235, Loss: 0.1692
MSE Loss Between Generated and Conditioned: 1.5409
Epoch: 236, Loss: 0.1691
MSE Loss Between Generated and Conditioned: 1.2136
Epoch: 237, Loss: 0.1689
MSE Loss Between Generated and Conditioned: 1.9714
Epoch: 238, Loss: 0.1688
MSE Loss Between Generated and Conditioned: 1.3375
Epoch: 239, Loss: 0.1686
MSE Loss Between Generated and Conditioned: 1.3133
Epoch: 240, Loss: 0.1685
MSE Loss Between Generated and Conditioned: 1.1692
Epoch: 241, Loss: 0.1684
MSE Loss Between Generated and Conditioned: 2.2547
Epoch: 242, Loss: 0.1682
MSE Loss Between Generated and Conditioned: 2.6679
Epoch: 243, Loss: 0.1681
MSE Loss Between Generated and Conditioned: 1.6873
Epoch: 244, Loss: 0.1680
MSE Loss Between Generated and Conditioned: 1.2026
Epoch: 245, Loss: 0.1679
MSE Loss Between Generated and Conditioned: 1.2958
Epoch: 246, Loss: 0.1678
MSE Loss Between Generated and Conditioned: 1.3081
Epoch: 247, Loss: 0.1676
MSE Loss Between Generated and Conditioned: 1.4979
Epoch: 248, Loss: 0.1675
MSE Loss Between Generated and Conditioned: 2.7344
Epoch: 249, Loss: 0.1674
MSE Loss Between Generated and Conditioned: 1.2313
Epoch: 250, Loss: 0.1673
MSE Loss Between Generated and Conditioned: 1.8231
Epoch: 251, Loss: 0.1671
MSE Loss Between Generated and Conditioned: 1.7859
Epoch: 252, Loss: 0.1670
MSE Loss Between Generated and Conditioned: 1.2204
Epoch: 253, Loss: 0.1669
MSE Loss Between Generated and Conditioned: 3.8034
Epoch: 254, Loss: 0.1667
MSE Loss Between Generated and Conditioned: 1.5682
Epoch: 255, Loss: 0.1666
MSE Loss Between Generated and Conditioned: 1.6428
Epoch: 256, Loss: 0.1666
MSE Loss Between Generated and Conditioned: 1.5167
Epoch: 257, Loss: 0.1665
MSE Loss Between Generated and Conditioned: 1.2827
Epoch: 258, Loss: 0.1663
MSE Loss Between Generated and Conditioned: 1.1947
Epoch: 259, Loss: 0.1662
MSE Loss Between Generated and Conditioned: 1.2415
Epoch: 260, Loss: 0.1661
MSE Loss Between Generated and Conditioned: 1.2030
Epoch: 261, Loss: 0.1660
MSE Loss Between Generated and Conditioned: 1.3175
Epoch: 262, Loss: 0.1659
MSE Loss Between Generated and Conditioned: 1.2351
Epoch: 263, Loss: 0.1658
MSE Loss Between Generated and Conditioned: 1.3787
Epoch: 264, Loss: 0.1656
MSE Loss Between Generated and Conditioned: 1.8703
Epoch: 265, Loss: 0.1655
MSE Loss Between Generated and Conditioned: 1.5129
Epoch: 266, Loss: 0.1654
MSE Loss Between Generated and Conditioned: 3.1219
Epoch: 267, Loss: 0.1653
MSE Loss Between Generated and Conditioned: 1.4487
Epoch: 268, Loss: 0.1652
MSE Loss Between Generated and Conditioned: 1.2399
Epoch: 269, Loss: 0.1651
MSE Loss Between Generated and Conditioned: 1.2195
Epoch: 270, Loss: 0.1649
MSE Loss Between Generated and Conditioned: 1.3057
Epoch: 271, Loss: 0.1648
MSE Loss Between Generated and Conditioned: 1.1755
Epoch: 272, Loss: 0.1647
MSE Loss Between Generated and Conditioned: 1.1857
Epoch: 273, Loss: 0.1646
MSE Loss Between Generated and Conditioned: 1.3340
Epoch: 274, Loss: 0.1645
MSE Loss Between Generated and Conditioned: 1.6394
Epoch: 275, Loss: 0.1644
MSE Loss Between Generated and Conditioned: 1.2476
Epoch: 276, Loss: 0.1643
MSE Loss Between Generated and Conditioned: 1.2957
Epoch: 277, Loss: 0.1642
MSE Loss Between Generated and Conditioned: 1.2826
Epoch: 278, Loss: 0.1641
MSE Loss Between Generated and Conditioned: 1.1868
Epoch: 279, Loss: 0.1640
MSE Loss Between Generated and Conditioned: 2.3486
Epoch: 280, Loss: 0.1638
MSE Loss Between Generated and Conditioned: 1.2870
Epoch: 281, Loss: 0.1637
MSE Loss Between Generated and Conditioned: 1.1763
Epoch: 282, Loss: 0.1636
MSE Loss Between Generated and Conditioned: 1.2015
Epoch: 283, Loss: 0.1635
MSE Loss Between Generated and Conditioned: 1.1951
Epoch: 284, Loss: 0.1634
MSE Loss Between Generated and Conditioned: 1.2573
Epoch: 285, Loss: 0.1633
MSE Loss Between Generated and Conditioned: 1.1532
Epoch: 286, Loss: 0.1632
MSE Loss Between Generated and Conditioned: 1.3604
Epoch: 287, Loss: 0.1632
MSE Loss Between Generated and Conditioned: 1.3745
Epoch: 288, Loss: 0.1630
MSE Loss Between Generated and Conditioned: 1.2035
Epoch: 289, Loss: 0.1629
MSE Loss Between Generated and Conditioned: 1.1857
Epoch: 290, Loss: 0.1629
MSE Loss Between Generated and Conditioned: 1.1999
Epoch: 291, Loss: 0.1628
MSE Loss Between Generated and Conditioned: 1.4689
Epoch: 292, Loss: 0.1627
MSE Loss Between Generated and Conditioned: 1.9513
Epoch: 293, Loss: 0.1626
MSE Loss Between Generated and Conditioned: 1.1735
Epoch: 294, Loss: 0.1625
MSE Loss Between Generated and Conditioned: 1.2510
Epoch: 295, Loss: 0.1624
MSE Loss Between Generated and Conditioned: 1.5771
Epoch: 296, Loss: 0.1623
MSE Loss Between Generated and Conditioned: 1.3288
Epoch: 297, Loss: 0.1622
MSE Loss Between Generated and Conditioned: 1.1798
Epoch: 298, Loss: 0.1621
MSE Loss Between Generated and Conditioned: 1.1919
Epoch: 299, Loss: 0.1620
MSE Loss Between Generated and Conditioned: 1.2030
Epoch: 300, Loss: 0.1620
Train: torch.Size([14031, 5, 64, 32]), Valid: torch.Size([4677, 5, 64, 32]), Test: torch.Size([4678, 5, 64, 32])
Starting Downstream Task
Running context window: 5 with stride: 5 with seed: 0
Shape: (5, 144, 72)
Epoch: 0, Train Loss: 0.00667, Valid Loss: 0.00461, EPS: 0.991
Epoch: 1, Train Loss: 0.00432, Valid Loss: 0.00390, EPS: 0.982
Epoch: 2, Train Loss: 0.00365, Valid Loss: 0.00357, EPS: 0.973
Epoch: 3, Train Loss: 0.00334, Valid Loss: 0.00340, EPS: 0.964
Epoch: 4, Train Loss: 0.00322, Valid Loss: 0.00333, EPS: 0.955
Epoch: 5, Train Loss: 0.00316, Valid Loss: 0.00326, EPS: 0.946
Epoch: 6, Train Loss: 0.00313, Valid Loss: 0.00328, EPS: 0.9369999999999999
Epoch: 7, Train Loss: 0.00315, Valid Loss: 0.00331, EPS: 0.928
Epoch: 8, Train Loss: 0.00319, Valid Loss: 0.00327, EPS: 0.919
Epoch: 9, Train Loss: 0.00316, Valid Loss: 0.00328, EPS: 0.91
Epoch: 10, Train Loss: 0.00319, Valid Loss: 0.00325, EPS: 0.901
Epoch: 11, Train Loss: 0.00316, Valid Loss: 0.00327, EPS: 0.892
Epoch: 12, Train Loss: 0.00318, Valid Loss: 0.00328, EPS: 0.883
Epoch: 13, Train Loss: 0.00316, Valid Loss: 0.00324, EPS: 0.874
Epoch: 14, Train Loss: 0.00317, Valid Loss: 0.00328, EPS: 0.865
Epoch: 15, Train Loss: 0.00318, Valid Loss: 0.00328, EPS: 0.856
Epoch: 16, Train Loss: 0.00317, Valid Loss: 0.00325, EPS: 0.847
Epoch: 17, Train Loss: 0.00318, Valid Loss: 0.00331, EPS: 0.8380000000000001
Epoch: 18, Train Loss: 0.00321, Valid Loss: 0.00332, EPS: 0.8290000000000001
Epoch: 19, Train Loss: 0.00321, Valid Loss: 0.00328, EPS: 0.8200000000000001
Epoch: 20, Train Loss: 0.00317, Valid Loss: 0.00327, EPS: 0.811
Epoch: 21, Train Loss: 0.00321, Valid Loss: 0.00326, EPS: 0.802
Epoch: 22, Train Loss: 0.00320, Valid Loss: 0.00326, EPS: 0.793
Epoch: 23, Train Loss: 0.00318, Valid Loss: 0.00327, EPS: 0.784
Epoch: 24, Train Loss: 0.00317, Valid Loss: 0.00330, EPS: 0.775
Epoch: 25, Train Loss: 0.00300, Valid Loss: 0.00314, EPS: 0.766
Epoch: 26, Train Loss: 0.00285, Valid Loss: 0.00306, EPS: 0.757
Epoch: 27, Train Loss: 0.00276, Valid Loss: 0.00302, EPS: 0.748
Epoch: 28, Train Loss: 0.00272, Valid Loss: 0.00299, EPS: 0.739
Epoch: 29, Train Loss: 0.00269, Valid Loss: 0.00298, EPS: 0.73
Epoch: 30, Train Loss: 0.00268, Valid Loss: 0.00297, EPS: 0.721
Epoch: 31, Train Loss: 0.00265, Valid Loss: 0.00297, EPS: 0.712
Epoch: 32, Train Loss: 0.00265, Valid Loss: 0.00295, EPS: 0.703
Epoch: 33, Train Loss: 0.00265, Valid Loss: 0.00295, EPS: 0.694
Epoch: 34, Train Loss: 0.00264, Valid Loss: 0.00295, EPS: 0.685
Epoch: 35, Train Loss: 0.00263, Valid Loss: 0.00296, EPS: 0.676
Epoch: 36, Train Loss: 0.00264, Valid Loss: 0.00296, EPS: 0.667
Epoch: 37, Train Loss: 0.00262, Valid Loss: 0.00294, EPS: 0.658
Epoch: 38, Train Loss: 0.00263, Valid Loss: 0.00295, EPS: 0.649
Epoch: 39, Train Loss: 0.00263, Valid Loss: 0.00295, EPS: 0.64
Epoch: 40, Train Loss: 0.00260, Valid Loss: 0.00294, EPS: 0.6310000000000001
Epoch: 41, Train Loss: 0.00264, Valid Loss: 0.00294, EPS: 0.6220000000000001
Epoch: 42, Train Loss: 0.00263, Valid Loss: 0.00294, EPS: 0.6130000000000001
Epoch: 43, Train Loss: 0.00260, Valid Loss: 0.00294, EPS: 0.6040000000000001
Epoch: 44, Train Loss: 0.00262, Valid Loss: 0.00293, EPS: 0.5950000000000001
Epoch: 45, Train Loss: 0.00260, Valid Loss: 0.00295, EPS: 0.5860000000000001
Epoch: 46, Train Loss: 0.00260, Valid Loss: 0.00293, EPS: 0.5770000000000001
Epoch: 47, Train Loss: 0.00262, Valid Loss: 0.00293, EPS: 0.5680000000000001
Epoch: 48, Train Loss: 0.00261, Valid Loss: 0.00294, EPS: 0.559
Epoch: 49, Train Loss: 0.00260, Valid Loss: 0.00294, EPS: 0.55
Epoch: 50, Train Loss: 0.00260, Valid Loss: 0.00293, EPS: 0.541
Epoch: 51, Train Loss: 0.00260, Valid Loss: 0.00294, EPS: 0.532
Epoch: 52, Train Loss: 0.00260, Valid Loss: 0.00294, EPS: 0.523
Epoch: 53, Train Loss: 0.00260, Valid Loss: 0.00293, EPS: 0.514
Epoch: 54, Train Loss: 0.00260, Valid Loss: 0.00295, EPS: 0.505
Epoch: 55, Train Loss: 0.00261, Valid Loss: 0.00294, EPS: 0.496
Epoch: 56, Train Loss: 0.00259, Valid Loss: 0.00294, EPS: 0.4870000000000001
Epoch: 57, Train Loss: 0.00259, Valid Loss: 0.00295, EPS: 0.4780000000000001
Epoch: 58, Train Loss: 0.00261, Valid Loss: 0.00293, EPS: 0.4690000000000001
Epoch: 59, Train Loss: 0.00260, Valid Loss: 0.00293, EPS: 0.4600000000000001
Epoch: 60, Train Loss: 0.00260, Valid Loss: 0.00294, EPS: 0.45100000000000007
Epoch: 61, Train Loss: 0.00259, Valid Loss: 0.00291, EPS: 0.44200000000000006
Epoch: 62, Train Loss: 0.00259, Valid Loss: 0.00293, EPS: 0.43300000000000005
Epoch: 63, Train Loss: 0.00258, Valid Loss: 0.00292, EPS: 0.42400000000000004
Epoch: 64, Train Loss: 0.00259, Valid Loss: 0.00293, EPS: 0.41500000000000004
Epoch: 65, Train Loss: 0.00259, Valid Loss: 0.00294, EPS: 0.406
Epoch: 66, Train Loss: 0.00260, Valid Loss: 0.00293, EPS: 0.397
Epoch: 67, Train Loss: 0.00260, Valid Loss: 0.00292, EPS: 0.388
Epoch: 68, Train Loss: 0.00259, Valid Loss: 0.00292, EPS: 0.3790000000000001
Epoch: 69, Train Loss: 0.00260, Valid Loss: 0.00292, EPS: 0.3700000000000001
Epoch: 70, Train Loss: 0.00258, Valid Loss: 0.00292, EPS: 0.3610000000000001
Epoch: 71, Train Loss: 0.00261, Valid Loss: 0.00293, EPS: 0.3520000000000001
Epoch: 72, Train Loss: 0.00258, Valid Loss: 0.00292, EPS: 0.343
Epoch: 73, Train Loss: 0.00257, Valid Loss: 0.00292, EPS: 0.334
Epoch: 74, Train Loss: 0.00257, Valid Loss: 0.00291, EPS: 0.325
Epoch: 75, Train Loss: 0.00255, Valid Loss: 0.00291, EPS: 0.316
Epoch: 76, Train Loss: 0.00255, Valid Loss: 0.00292, EPS: 0.307
Epoch: 77, Train Loss: 0.00256, Valid Loss: 0.00292, EPS: 0.298
Epoch: 78, Train Loss: 0.00255, Valid Loss: 0.00292, EPS: 0.289
Epoch: 79, Train Loss: 0.00254, Valid Loss: 0.00292, EPS: 0.27999999999999997
Epoch: 80, Train Loss: 0.00255, Valid Loss: 0.00291, EPS: 0.27099999999999996
Epoch: 81, Train Loss: 0.00256, Valid Loss: 0.00292, EPS: 0.26200000000000007
Epoch: 82, Train Loss: 0.00253, Valid Loss: 0.00291, EPS: 0.25300000000000006
Epoch: 83, Train Loss: 0.00255, Valid Loss: 0.00291, EPS: 0.24400000000000005
Epoch: 84, Train Loss: 0.00255, Valid Loss: 0.00291, EPS: 0.23500000000000004
Epoch: 85, Train Loss: 0.00255, Valid Loss: 0.00291, EPS: 0.22600000000000003
Epoch: 86, Train Loss: 0.00255, Valid Loss: 0.00291, EPS: 0.21700000000000003
Epoch: 87, Train Loss: 0.00254, Valid Loss: 0.00292, EPS: 0.20800000000000002
Epoch: 88, Train Loss: 0.00255, Valid Loss: 0.00291, EPS: 0.199
Epoch: 89, Train Loss: 0.00255, Valid Loss: 0.00290, EPS: 0.19
Epoch: 90, Train Loss: 0.00254, Valid Loss: 0.00291, EPS: 0.181
Epoch: 91, Train Loss: 0.00254, Valid Loss: 0.00291, EPS: 0.172
Epoch: 92, Train Loss: 0.00255, Valid Loss: 0.00291, EPS: 0.16299999999999998
Epoch: 93, Train Loss: 0.00254, Valid Loss: 0.00290, EPS: 0.15400000000000005
Epoch: 94, Train Loss: 0.00255, Valid Loss: 0.00291, EPS: 0.14500000000000005
Epoch: 95, Train Loss: 0.00254, Valid Loss: 0.00291, EPS: 0.13600000000000004
Epoch: 96, Train Loss: 0.00253, Valid Loss: 0.00292, EPS: 0.12700000000000003
Epoch: 97, Train Loss: 0.00253, Valid Loss: 0.00290, EPS: 0.11800000000000002
Epoch: 98, Train Loss: 0.00255, Valid Loss: 0.00291, EPS: 0.10900000000000001
Epoch: 99, Train Loss: 0.00254, Valid Loss: 0.00291, EPS: 0.1
Test Loss: 0.00291
Test Loss: 0.00287
Running context window: 5 with stride: 10 with seed: 0
Shape: (5, 144, 72)
Epoch: 0, Train Loss: 0.00737, Valid Loss: 0.00565, EPS: 0.991
Epoch: 1, Train Loss: 0.00487, Valid Loss: 0.00444, EPS: 0.982
Epoch: 2, Train Loss: 0.00400, Valid Loss: 0.00402, EPS: 0.973
Epoch: 3, Train Loss: 0.00346, Valid Loss: 0.00380, EPS: 0.964
Epoch: 4, Train Loss: 0.00307, Valid Loss: 0.00351, EPS: 0.955
Epoch: 5, Train Loss: 0.00283, Valid Loss: 0.00340, EPS: 0.946
Epoch: 6, Train Loss: 0.00263, Valid Loss: 0.00332, EPS: 0.9369999999999999
Epoch: 7, Train Loss: 0.00252, Valid Loss: 0.00327, EPS: 0.928
Epoch: 8, Train Loss: 0.00241, Valid Loss: 0.00323, EPS: 0.919
Epoch: 9, Train Loss: 0.00238, Valid Loss: 0.00320, EPS: 0.91
Epoch: 10, Train Loss: 0.00233, Valid Loss: 0.00320, EPS: 0.901
Epoch: 11, Train Loss: 0.00231, Valid Loss: 0.00321, EPS: 0.892
Epoch: 12, Train Loss: 0.00229, Valid Loss: 0.00317, EPS: 0.883
Epoch: 13, Train Loss: 0.00226, Valid Loss: 0.00317, EPS: 0.874
Epoch: 14, Train Loss: 0.00221, Valid Loss: 0.00316, EPS: 0.865
Epoch: 15, Train Loss: 0.00222, Valid Loss: 0.00316, EPS: 0.856
Epoch: 16, Train Loss: 0.00222, Valid Loss: 0.00322, EPS: 0.847
Epoch: 17, Train Loss: 0.00218, Valid Loss: 0.00318, EPS: 0.8380000000000001
Epoch: 18, Train Loss: 0.00217, Valid Loss: 0.00315, EPS: 0.8290000000000001
Epoch: 19, Train Loss: 0.00215, Valid Loss: 0.00315, EPS: 0.8200000000000001
Epoch: 20, Train Loss: 0.00215, Valid Loss: 0.00317, EPS: 0.811
Epoch: 21, Train Loss: 0.00216, Valid Loss: 0.00313, EPS: 0.802
Epoch: 22, Train Loss: 0.00212, Valid Loss: 0.00315, EPS: 0.793
Epoch: 23, Train Loss: 0.00214, Valid Loss: 0.00311, EPS: 0.784
Epoch: 24, Train Loss: 0.00214, Valid Loss: 0.00319, EPS: 0.775
Epoch: 25, Train Loss: 0.00214, Valid Loss: 0.00317, EPS: 0.766
Epoch: 26, Train Loss: 0.00212, Valid Loss: 0.00314, EPS: 0.757
Epoch: 27, Train Loss: 0.00211, Valid Loss: 0.00316, EPS: 0.748
Epoch: 28, Train Loss: 0.00212, Valid Loss: 0.00312, EPS: 0.739
Epoch: 29, Train Loss: 0.00210, Valid Loss: 0.00314, EPS: 0.73
Epoch: 30, Train Loss: 0.00210, Valid Loss: 0.00313, EPS: 0.721
Epoch: 31, Train Loss: 0.00206, Valid Loss: 0.00313, EPS: 0.712
Epoch: 32, Train Loss: 0.00208, Valid Loss: 0.00312, EPS: 0.703
Epoch: 33, Train Loss: 0.00206, Valid Loss: 0.00311, EPS: 0.694
Epoch: 34, Train Loss: 0.00208, Valid Loss: 0.00314, EPS: 0.685
Epoch: 35, Train Loss: 0.00207, Valid Loss: 0.00316, EPS: 0.676
Epoch: 36, Train Loss: 0.00209, Valid Loss: 0.00311, EPS: 0.667
Epoch: 37, Train Loss: 0.00206, Valid Loss: 0.00313, EPS: 0.658
Epoch: 38, Train Loss: 0.00209, Valid Loss: 0.00315, EPS: 0.649
Epoch: 39, Train Loss: 0.00209, Valid Loss: 0.00315, EPS: 0.64
Epoch: 40, Train Loss: 0.00211, Valid Loss: 0.00316, EPS: 0.6310000000000001
Epoch: 41, Train Loss: 0.00211, Valid Loss: 0.00313, EPS: 0.6220000000000001
Epoch: 42, Train Loss: 0.00209, Valid Loss: 0.00315, EPS: 0.6130000000000001
Epoch: 43, Train Loss: 0.00208, Valid Loss: 0.00313, EPS: 0.6040000000000001
Epoch: 44, Train Loss: 0.00208, Valid Loss: 0.00313, EPS: 0.5950000000000001
Epoch: 45, Train Loss: 0.00191, Valid Loss: 0.00305, EPS: 0.5860000000000001
Epoch: 46, Train Loss: 0.00180, Valid Loss: 0.00299, EPS: 0.5770000000000001
Epoch: 47, Train Loss: 0.00174, Valid Loss: 0.00296, EPS: 0.5680000000000001
Epoch: 48, Train Loss: 0.00169, Valid Loss: 0.00293, EPS: 0.559
Epoch: 49, Train Loss: 0.00166, Valid Loss: 0.00293, EPS: 0.55
Epoch: 50, Train Loss: 0.00163, Valid Loss: 0.00291, EPS: 0.541
Epoch: 51, Train Loss: 0.00161, Valid Loss: 0.00290, EPS: 0.532
Epoch: 52, Train Loss: 0.00160, Valid Loss: 0.00290, EPS: 0.523
Epoch: 53, Train Loss: 0.00159, Valid Loss: 0.00290, EPS: 0.514
Epoch: 54, Train Loss: 0.00159, Valid Loss: 0.00290, EPS: 0.505
Epoch: 55, Train Loss: 0.00158, Valid Loss: 0.00290, EPS: 0.496
Epoch: 56, Train Loss: 0.00157, Valid Loss: 0.00289, EPS: 0.4870000000000001
Epoch: 57, Train Loss: 0.00156, Valid Loss: 0.00288, EPS: 0.4780000000000001
Epoch: 58, Train Loss: 0.00156, Valid Loss: 0.00290, EPS: 0.4690000000000001
Epoch: 59, Train Loss: 0.00155, Valid Loss: 0.00291, EPS: 0.4600000000000001
Epoch: 60, Train Loss: 0.00154, Valid Loss: 0.00290, EPS: 0.45100000000000007
Epoch: 61, Train Loss: 0.00153, Valid Loss: 0.00291, EPS: 0.44200000000000006
Epoch: 62, Train Loss: 0.00152, Valid Loss: 0.00293, EPS: 0.43300000000000005
Epoch: 63, Train Loss: 0.00152, Valid Loss: 0.00290, EPS: 0.42400000000000004
Epoch: 64, Train Loss: 0.00150, Valid Loss: 0.00290, EPS: 0.41500000000000004
Epoch: 65, Train Loss: 0.00149, Valid Loss: 0.00292, EPS: 0.406
Epoch: 66, Train Loss: 0.00149, Valid Loss: 0.00291, EPS: 0.397
Epoch: 67, Train Loss: 0.00147, Valid Loss: 0.00292, EPS: 0.388
Epoch: 68, Train Loss: 0.00145, Valid Loss: 0.00293, EPS: 0.3790000000000001
Epoch: 69, Train Loss: 0.00143, Valid Loss: 0.00293, EPS: 0.3700000000000001
Epoch: 70, Train Loss: 0.00143, Valid Loss: 0.00290, EPS: 0.3610000000000001
Epoch: 71, Train Loss: 0.00143, Valid Loss: 0.00290, EPS: 0.3520000000000001
Epoch: 72, Train Loss: 0.00141, Valid Loss: 0.00290, EPS: 0.343
Epoch: 73, Train Loss: 0.00142, Valid Loss: 0.00292, EPS: 0.334
Epoch: 74, Train Loss: 0.00142, Valid Loss: 0.00292, EPS: 0.325
Epoch: 75, Train Loss: 0.00140, Valid Loss: 0.00293, EPS: 0.316
Epoch: 76, Train Loss: 0.00141, Valid Loss: 0.00292, EPS: 0.307
Epoch: 77, Train Loss: 0.00140, Valid Loss: 0.00292, EPS: 0.298
Epoch: 78, Train Loss: 0.00140, Valid Loss: 0.00292, EPS: 0.289
Epoch: 79, Train Loss: 0.00139, Valid Loss: 0.00292, EPS: 0.27999999999999997
Epoch: 80, Train Loss: 0.00139, Valid Loss: 0.00292, EPS: 0.27099999999999996
Epoch: 81, Train Loss: 0.00139, Valid Loss: 0.00292, EPS: 0.26200000000000007
Epoch: 82, Train Loss: 0.00139, Valid Loss: 0.00292, EPS: 0.25300000000000006
Epoch: 83, Train Loss: 0.00139, Valid Loss: 0.00290, EPS: 0.24400000000000005
Epoch: 84, Train Loss: 0.00139, Valid Loss: 0.00290, EPS: 0.23500000000000004
Epoch: 85, Train Loss: 0.00139, Valid Loss: 0.00292, EPS: 0.22600000000000003
Epoch: 86, Train Loss: 0.00139, Valid Loss: 0.00291, EPS: 0.21700000000000003
Epoch: 87, Train Loss: 0.00139, Valid Loss: 0.00291, EPS: 0.20800000000000002
Epoch: 88, Train Loss: 0.00139, Valid Loss: 0.00292, EPS: 0.199
Epoch: 89, Train Loss: 0.00139, Valid Loss: 0.00292, EPS: 0.19
Epoch: 90, Train Loss: 0.00139, Valid Loss: 0.00292, EPS: 0.181
Epoch: 91, Train Loss: 0.00139, Valid Loss: 0.00292, EPS: 0.172
Epoch: 92, Train Loss: 0.00139, Valid Loss: 0.00292, EPS: 0.16299999999999998
Epoch: 93, Train Loss: 0.00139, Valid Loss: 0.00294, EPS: 0.15400000000000005
Epoch: 94, Train Loss: 0.00139, Valid Loss: 0.00293, EPS: 0.14500000000000005
Epoch: 95, Train Loss: 0.00138, Valid Loss: 0.00292, EPS: 0.13600000000000004
Epoch: 96, Train Loss: 0.00139, Valid Loss: 0.00291, EPS: 0.12700000000000003
Epoch: 97, Train Loss: 0.00139, Valid Loss: 0.00291, EPS: 0.11800000000000002
Epoch: 98, Train Loss: 0.00139, Valid Loss: 0.00291, EPS: 0.10900000000000001
Epoch: 99, Train Loss: 0.00139, Valid Loss: 0.00290, EPS: 0.1
Test Loss: 0.00292
Test Loss: 0.00287
Running context window: 5 with stride: 5 with seed: 42
Shape: (5, 144, 72)
Epoch: 0, Train Loss: 0.00657, Valid Loss: 0.00462, EPS: 0.991
Epoch: 1, Train Loss: 0.00433, Valid Loss: 0.00396, EPS: 0.982
Epoch: 2, Train Loss: 0.00366, Valid Loss: 0.00354, EPS: 0.973
Epoch: 3, Train Loss: 0.00335, Valid Loss: 0.00338, EPS: 0.964
Epoch: 4, Train Loss: 0.00324, Valid Loss: 0.00334, EPS: 0.955
Epoch: 5, Train Loss: 0.00317, Valid Loss: 0.00327, EPS: 0.946
Epoch: 6, Train Loss: 0.00314, Valid Loss: 0.00324, EPS: 0.9369999999999999
Epoch: 7, Train Loss: 0.00314, Valid Loss: 0.00330, EPS: 0.928
Epoch: 8, Train Loss: 0.00318, Valid Loss: 0.00327, EPS: 0.919
Epoch: 9, Train Loss: 0.00318, Valid Loss: 0.00325, EPS: 0.91
Epoch: 10, Train Loss: 0.00317, Valid Loss: 0.00328, EPS: 0.901
Epoch: 11, Train Loss: 0.00318, Valid Loss: 0.00327, EPS: 0.892
Epoch: 12, Train Loss: 0.00317, Valid Loss: 0.00326, EPS: 0.883
Epoch: 13, Train Loss: 0.00318, Valid Loss: 0.00327, EPS: 0.874
Epoch: 14, Train Loss: 0.00318, Valid Loss: 0.00329, EPS: 0.865
Epoch: 15, Train Loss: 0.00319, Valid Loss: 0.00330, EPS: 0.856
Epoch: 16, Train Loss: 0.00319, Valid Loss: 0.00327, EPS: 0.847
Epoch: 17, Train Loss: 0.00318, Valid Loss: 0.00328, EPS: 0.8380000000000001
Epoch: 18, Train Loss: 0.00298, Valid Loss: 0.00315, EPS: 0.8290000000000001
Epoch: 19, Train Loss: 0.00283, Valid Loss: 0.00307, EPS: 0.8200000000000001
Epoch: 20, Train Loss: 0.00278, Valid Loss: 0.00302, EPS: 0.811
Epoch: 21, Train Loss: 0.00271, Valid Loss: 0.00300, EPS: 0.802
Epoch: 22, Train Loss: 0.00267, Valid Loss: 0.00298, EPS: 0.793
Epoch: 23, Train Loss: 0.00267, Valid Loss: 0.00298, EPS: 0.784
Epoch: 24, Train Loss: 0.00266, Valid Loss: 0.00296, EPS: 0.775
Epoch: 25, Train Loss: 0.00265, Valid Loss: 0.00297, EPS: 0.766
Epoch: 26, Train Loss: 0.00264, Valid Loss: 0.00297, EPS: 0.757
Epoch: 27, Train Loss: 0.00263, Valid Loss: 0.00295, EPS: 0.748
Epoch: 28, Train Loss: 0.00264, Valid Loss: 0.00297, EPS: 0.739
Epoch: 29, Train Loss: 0.00265, Valid Loss: 0.00296, EPS: 0.73
Epoch: 30, Train Loss: 0.00264, Valid Loss: 0.00294, EPS: 0.721
Epoch: 31, Train Loss: 0.00263, Valid Loss: 0.00295, EPS: 0.712
Epoch: 32, Train Loss: 0.00263, Valid Loss: 0.00295, EPS: 0.703
Epoch: 33, Train Loss: 0.00261, Valid Loss: 0.00294, EPS: 0.694
Epoch: 34, Train Loss: 0.00262, Valid Loss: 0.00295, EPS: 0.685
Epoch: 35, Train Loss: 0.00262, Valid Loss: 0.00295, EPS: 0.676
Epoch: 36, Train Loss: 0.00262, Valid Loss: 0.00295, EPS: 0.667
Epoch: 37, Train Loss: 0.00260, Valid Loss: 0.00294, EPS: 0.658
Epoch: 38, Train Loss: 0.00263, Valid Loss: 0.00294, EPS: 0.649
Epoch: 39, Train Loss: 0.00261, Valid Loss: 0.00294, EPS: 0.64
Epoch: 40, Train Loss: 0.00261, Valid Loss: 0.00293, EPS: 0.6310000000000001
Epoch: 41, Train Loss: 0.00261, Valid Loss: 0.00294, EPS: 0.6220000000000001
Epoch: 42, Train Loss: 0.00260, Valid Loss: 0.00293, EPS: 0.6130000000000001
Epoch: 43, Train Loss: 0.00262, Valid Loss: 0.00294, EPS: 0.6040000000000001
Epoch: 44, Train Loss: 0.00261, Valid Loss: 0.00293, EPS: 0.5950000000000001
Epoch: 45, Train Loss: 0.00259, Valid Loss: 0.00294, EPS: 0.5860000000000001
Epoch: 46, Train Loss: 0.00262, Valid Loss: 0.00293, EPS: 0.5770000000000001
Epoch: 47, Train Loss: 0.00262, Valid Loss: 0.00294, EPS: 0.5680000000000001
Epoch: 48, Train Loss: 0.00260, Valid Loss: 0.00293, EPS: 0.559
Epoch: 49, Train Loss: 0.00260, Valid Loss: 0.00293, EPS: 0.55
Epoch: 50, Train Loss: 0.00260, Valid Loss: 0.00294, EPS: 0.541
Epoch: 51, Train Loss: 0.00261, Valid Loss: 0.00294, EPS: 0.532
Epoch: 52, Train Loss: 0.00260, Valid Loss: 0.00293, EPS: 0.523
Epoch: 53, Train Loss: 0.00260, Valid Loss: 0.00294, EPS: 0.514
Epoch: 54, Train Loss: 0.00257, Valid Loss: 0.00293, EPS: 0.505
Epoch: 55, Train Loss: 0.00257, Valid Loss: 0.00293, EPS: 0.496
Epoch: 56, Train Loss: 0.00256, Valid Loss: 0.00293, EPS: 0.4870000000000001
Epoch: 57, Train Loss: 0.00258, Valid Loss: 0.00292, EPS: 0.4780000000000001
Epoch: 58, Train Loss: 0.00255, Valid Loss: 0.00291, EPS: 0.4690000000000001
Epoch: 59, Train Loss: 0.00256, Valid Loss: 0.00292, EPS: 0.4600000000000001
Epoch: 60, Train Loss: 0.00255, Valid Loss: 0.00291, EPS: 0.45100000000000007
Epoch: 61, Train Loss: 0.00255, Valid Loss: 0.00291, EPS: 0.44200000000000006
Epoch: 62, Train Loss: 0.00254, Valid Loss: 0.00291, EPS: 0.43300000000000005
Epoch: 63, Train Loss: 0.00254, Valid Loss: 0.00291, EPS: 0.42400000000000004
Epoch: 64, Train Loss: 0.00256, Valid Loss: 0.00292, EPS: 0.41500000000000004
Epoch: 65, Train Loss: 0.00256, Valid Loss: 0.00292, EPS: 0.406
Epoch: 66, Train Loss: 0.00255, Valid Loss: 0.00291, EPS: 0.397
Epoch: 67, Train Loss: 0.00257, Valid Loss: 0.00292, EPS: 0.388
Epoch: 68, Train Loss: 0.00256, Valid Loss: 0.00291, EPS: 0.3790000000000001
Epoch: 69, Train Loss: 0.00253, Valid Loss: 0.00292, EPS: 0.3700000000000001
Epoch: 70, Train Loss: 0.00255, Valid Loss: 0.00291, EPS: 0.3610000000000001
Epoch: 71, Train Loss: 0.00255, Valid Loss: 0.00291, EPS: 0.3520000000000001
Epoch: 72, Train Loss: 0.00255, Valid Loss: 0.00291, EPS: 0.343
Epoch: 73, Train Loss: 0.00253, Valid Loss: 0.00291, EPS: 0.334
Epoch: 74, Train Loss: 0.00255, Valid Loss: 0.00291, EPS: 0.325
Epoch: 75, Train Loss: 0.00254, Valid Loss: 0.00290, EPS: 0.316
Epoch: 76, Train Loss: 0.00254, Valid Loss: 0.00291, EPS: 0.307
Epoch: 77, Train Loss: 0.00256, Valid Loss: 0.00291, EPS: 0.298
Epoch: 78, Train Loss: 0.00254, Valid Loss: 0.00291, EPS: 0.289
Epoch: 79, Train Loss: 0.00255, Valid Loss: 0.00291, EPS: 0.27999999999999997
Epoch: 80, Train Loss: 0.00255, Valid Loss: 0.00291, EPS: 0.27099999999999996
Epoch: 81, Train Loss: 0.00256, Valid Loss: 0.00292, EPS: 0.26200000000000007
Epoch: 82, Train Loss: 0.00253, Valid Loss: 0.00291, EPS: 0.25300000000000006
Epoch: 83, Train Loss: 0.00254, Valid Loss: 0.00291, EPS: 0.24400000000000005
Epoch: 84, Train Loss: 0.00255, Valid Loss: 0.00292, EPS: 0.23500000000000004
Epoch: 85, Train Loss: 0.00254, Valid Loss: 0.00291, EPS: 0.22600000000000003
Epoch: 86, Train Loss: 0.00254, Valid Loss: 0.00290, EPS: 0.21700000000000003
Epoch: 87, Train Loss: 0.00254, Valid Loss: 0.00292, EPS: 0.20800000000000002
Epoch: 88, Train Loss: 0.00254, Valid Loss: 0.00291, EPS: 0.199
Epoch: 89, Train Loss: 0.00253, Valid Loss: 0.00292, EPS: 0.19
Epoch: 90, Train Loss: 0.00254, Valid Loss: 0.00291, EPS: 0.181
Epoch: 91, Train Loss: 0.00255, Valid Loss: 0.00291, EPS: 0.172
Epoch: 92, Train Loss: 0.00254, Valid Loss: 0.00291, EPS: 0.16299999999999998
Epoch: 93, Train Loss: 0.00256, Valid Loss: 0.00291, EPS: 0.15400000000000005
Epoch: 94, Train Loss: 0.00254, Valid Loss: 0.00291, EPS: 0.14500000000000005
Epoch: 95, Train Loss: 0.00255, Valid Loss: 0.00291, EPS: 0.13600000000000004
Epoch: 96, Train Loss: 0.00254, Valid Loss: 0.00291, EPS: 0.12700000000000003
Epoch: 97, Train Loss: 0.00253, Valid Loss: 0.00291, EPS: 0.11800000000000002
Epoch: 98, Train Loss: 0.00254, Valid Loss: 0.00291, EPS: 0.10900000000000001
Epoch: 99, Train Loss: 0.00254, Valid Loss: 0.00290, EPS: 0.1
Test Loss: 0.00291
Test Loss: 0.00286
Running context window: 5 with stride: 10 with seed: 42
Shape: (5, 144, 72)
Epoch: 0, Train Loss: 0.00770, Valid Loss: 0.00545, EPS: 0.991
Epoch: 1, Train Loss: 0.00489, Valid Loss: 0.00452, EPS: 0.982
Epoch: 2, Train Loss: 0.00405, Valid Loss: 0.00406, EPS: 0.973
Epoch: 3, Train Loss: 0.00348, Valid Loss: 0.00377, EPS: 0.964
Epoch: 4, Train Loss: 0.00313, Valid Loss: 0.00358, EPS: 0.955
Epoch: 5, Train Loss: 0.00285, Valid Loss: 0.00341, EPS: 0.946
Epoch: 6, Train Loss: 0.00265, Valid Loss: 0.00332, EPS: 0.9369999999999999
Epoch: 7, Train Loss: 0.00253, Valid Loss: 0.00331, EPS: 0.928
Epoch: 8, Train Loss: 0.00246, Valid Loss: 0.00324, EPS: 0.919
Epoch: 9, Train Loss: 0.00241, Valid Loss: 0.00323, EPS: 0.91
Epoch: 10, Train Loss: 0.00235, Valid Loss: 0.00319, EPS: 0.901
Epoch: 11, Train Loss: 0.00228, Valid Loss: 0.00317, EPS: 0.892
Epoch: 12, Train Loss: 0.00225, Valid Loss: 0.00314, EPS: 0.883
Epoch: 13, Train Loss: 0.00222, Valid Loss: 0.00312, EPS: 0.874
Epoch: 14, Train Loss: 0.00220, Valid Loss: 0.00315, EPS: 0.865
Epoch: 15, Train Loss: 0.00220, Valid Loss: 0.00318, EPS: 0.856
Epoch: 16, Train Loss: 0.00222, Valid Loss: 0.00316, EPS: 0.847
Epoch: 17, Train Loss: 0.00221, Valid Loss: 0.00316, EPS: 0.8380000000000001
Epoch: 18, Train Loss: 0.00217, Valid Loss: 0.00320, EPS: 0.8290000000000001
Epoch: 19, Train Loss: 0.00218, Valid Loss: 0.00318, EPS: 0.8200000000000001
Epoch: 20, Train Loss: 0.00218, Valid Loss: 0.00318, EPS: 0.811
Epoch: 21, Train Loss: 0.00215, Valid Loss: 0.00312, EPS: 0.802
Epoch: 22, Train Loss: 0.00216, Valid Loss: 0.00320, EPS: 0.793
Epoch: 23, Train Loss: 0.00215, Valid Loss: 0.00310, EPS: 0.784
Epoch: 24, Train Loss: 0.00211, Valid Loss: 0.00310, EPS: 0.775
Epoch: 25, Train Loss: 0.00211, Valid Loss: 0.00315, EPS: 0.766
Epoch: 26, Train Loss: 0.00211, Valid Loss: 0.00314, EPS: 0.757
Epoch: 27, Train Loss: 0.00209, Valid Loss: 0.00311, EPS: 0.748
Epoch: 28, Train Loss: 0.00210, Valid Loss: 0.00314, EPS: 0.739
Epoch: 29, Train Loss: 0.00211, Valid Loss: 0.00314, EPS: 0.73
Epoch: 30, Train Loss: 0.00211, Valid Loss: 0.00315, EPS: 0.721
Epoch: 31, Train Loss: 0.00213, Valid Loss: 0.00316, EPS: 0.712
Epoch: 32, Train Loss: 0.00212, Valid Loss: 0.00314, EPS: 0.703
Epoch: 33, Train Loss: 0.00212, Valid Loss: 0.00313, EPS: 0.694
Epoch: 34, Train Loss: 0.00210, Valid Loss: 0.00316, EPS: 0.685
Epoch: 35, Train Loss: 0.00210, Valid Loss: 0.00309, EPS: 0.676
Epoch: 36, Train Loss: 0.00210, Valid Loss: 0.00310, EPS: 0.667
Epoch: 37, Train Loss: 0.00206, Valid Loss: 0.00313, EPS: 0.658
Epoch: 38, Train Loss: 0.00207, Valid Loss: 0.00312, EPS: 0.649
Epoch: 39, Train Loss: 0.00206, Valid Loss: 0.00308, EPS: 0.64
Epoch: 40, Train Loss: 0.00206, Valid Loss: 0.00311, EPS: 0.6310000000000001
Epoch: 41, Train Loss: 0.00204, Valid Loss: 0.00310, EPS: 0.6220000000000001
Epoch: 42, Train Loss: 0.00208, Valid Loss: 0.00310, EPS: 0.6130000000000001
Epoch: 43, Train Loss: 0.00207, Valid Loss: 0.00315, EPS: 0.6040000000000001
Epoch: 44, Train Loss: 0.00207, Valid Loss: 0.00312, EPS: 0.5950000000000001
Epoch: 45, Train Loss: 0.00205, Valid Loss: 0.00311, EPS: 0.5860000000000001
Epoch: 46, Train Loss: 0.00203, Valid Loss: 0.00312, EPS: 0.5770000000000001
Epoch: 47, Train Loss: 0.00201, Valid Loss: 0.00314, EPS: 0.5680000000000001
Epoch: 48, Train Loss: 0.00204, Valid Loss: 0.00314, EPS: 0.559
Epoch: 49, Train Loss: 0.00204, Valid Loss: 0.00313, EPS: 0.55
Epoch: 50, Train Loss: 0.00202, Valid Loss: 0.00313, EPS: 0.541
Epoch: 51, Train Loss: 0.00189, Valid Loss: 0.00305, EPS: 0.532
Epoch: 52, Train Loss: 0.00179, Valid Loss: 0.00299, EPS: 0.523
Epoch: 53, Train Loss: 0.00172, Valid Loss: 0.00296, EPS: 0.514
Epoch: 54, Train Loss: 0.00169, Valid Loss: 0.00296, EPS: 0.505
Epoch: 55, Train Loss: 0.00166, Valid Loss: 0.00293, EPS: 0.496
Epoch: 56, Train Loss: 0.00162, Valid Loss: 0.00291, EPS: 0.4870000000000001
Epoch: 57, Train Loss: 0.00160, Valid Loss: 0.00292, EPS: 0.4780000000000001
Epoch: 58, Train Loss: 0.00159, Valid Loss: 0.00292, EPS: 0.4690000000000001
Epoch: 59, Train Loss: 0.00159, Valid Loss: 0.00293, EPS: 0.4600000000000001
Epoch: 60, Train Loss: 0.00157, Valid Loss: 0.00291, EPS: 0.45100000000000007
Epoch: 61, Train Loss: 0.00157, Valid Loss: 0.00291, EPS: 0.44200000000000006
Epoch: 62, Train Loss: 0.00155, Valid Loss: 0.00291, EPS: 0.43300000000000005
Epoch: 63, Train Loss: 0.00156, Valid Loss: 0.00289, EPS: 0.42400000000000004
Epoch: 64, Train Loss: 0.00154, Valid Loss: 0.00291, EPS: 0.41500000000000004
Epoch: 65, Train Loss: 0.00152, Valid Loss: 0.00290, EPS: 0.406
Epoch: 66, Train Loss: 0.00152, Valid Loss: 0.00291, EPS: 0.397
Epoch: 67, Train Loss: 0.00152, Valid Loss: 0.00291, EPS: 0.388
Epoch: 68, Train Loss: 0.00150, Valid Loss: 0.00292, EPS: 0.3790000000000001
Epoch: 69, Train Loss: 0.00150, Valid Loss: 0.00293, EPS: 0.3700000000000001
Epoch: 70, Train Loss: 0.00148, Valid Loss: 0.00291, EPS: 0.3610000000000001
Epoch: 71, Train Loss: 0.00147, Valid Loss: 0.00290, EPS: 0.3520000000000001
Epoch: 72, Train Loss: 0.00146, Valid Loss: 0.00292, EPS: 0.343
Epoch: 73, Train Loss: 0.00144, Valid Loss: 0.00295, EPS: 0.334
Epoch: 74, Train Loss: 0.00143, Valid Loss: 0.00296, EPS: 0.325
Epoch: 75, Train Loss: 0.00140, Valid Loss: 0.00295, EPS: 0.316
Epoch: 76, Train Loss: 0.00140, Valid Loss: 0.00293, EPS: 0.307
Epoch: 77, Train Loss: 0.00139, Valid Loss: 0.00295, EPS: 0.298
Epoch: 78, Train Loss: 0.00138, Valid Loss: 0.00294, EPS: 0.289
Epoch: 79, Train Loss: 0.00138, Valid Loss: 0.00293, EPS: 0.27999999999999997
Epoch: 80, Train Loss: 0.00137, Valid Loss: 0.00293, EPS: 0.27099999999999996
Epoch: 81, Train Loss: 0.00137, Valid Loss: 0.00295, EPS: 0.26200000000000007
Epoch: 82, Train Loss: 0.00137, Valid Loss: 0.00296, EPS: 0.25300000000000006
Epoch: 83, Train Loss: 0.00136, Valid Loss: 0.00292, EPS: 0.24400000000000005
Epoch: 84, Train Loss: 0.00137, Valid Loss: 0.00293, EPS: 0.23500000000000004
Epoch: 85, Train Loss: 0.00136, Valid Loss: 0.00295, EPS: 0.22600000000000003
Epoch: 86, Train Loss: 0.00136, Valid Loss: 0.00294, EPS: 0.21700000000000003
Epoch: 87, Train Loss: 0.00136, Valid Loss: 0.00293, EPS: 0.20800000000000002
Epoch: 88, Train Loss: 0.00136, Valid Loss: 0.00294, EPS: 0.199
Epoch: 89, Train Loss: 0.00136, Valid Loss: 0.00294, EPS: 0.19
Epoch: 90, Train Loss: 0.00136, Valid Loss: 0.00292, EPS: 0.181
Epoch: 91, Train Loss: 0.00136, Valid Loss: 0.00295, EPS: 0.172
Epoch: 92, Train Loss: 0.00136, Valid Loss: 0.00296, EPS: 0.16299999999999998
Epoch: 93, Train Loss: 0.00136, Valid Loss: 0.00293, EPS: 0.15400000000000005
Epoch: 94, Train Loss: 0.00135, Valid Loss: 0.00294, EPS: 0.14500000000000005
Epoch: 95, Train Loss: 0.00136, Valid Loss: 0.00294, EPS: 0.13600000000000004
Epoch: 96, Train Loss: 0.00135, Valid Loss: 0.00294, EPS: 0.12700000000000003
Epoch: 97, Train Loss: 0.00136, Valid Loss: 0.00291, EPS: 0.11800000000000002
Epoch: 98, Train Loss: 0.00137, Valid Loss: 0.00295, EPS: 0.10900000000000001
Epoch: 99, Train Loss: 0.00136, Valid Loss: 0.00295, EPS: 0.1
Test Loss: 0.00294
Test Loss: 0.00289
Running context window: 5 with stride: 5 with seed: 123
Shape: (5, 144, 72)
Epoch: 0, Train Loss: 0.00657, Valid Loss: 0.00462, EPS: 0.991
Epoch: 1, Train Loss: 0.00431, Valid Loss: 0.00396, EPS: 0.982
Epoch: 2, Train Loss: 0.00364, Valid Loss: 0.00358, EPS: 0.973
Epoch: 3, Train Loss: 0.00335, Valid Loss: 0.00339, EPS: 0.964
Epoch: 4, Train Loss: 0.00325, Valid Loss: 0.00333, EPS: 0.955
Epoch: 5, Train Loss: 0.00318, Valid Loss: 0.00328, EPS: 0.946
Epoch: 6, Train Loss: 0.00315, Valid Loss: 0.00327, EPS: 0.9369999999999999
Epoch: 7, Train Loss: 0.00315, Valid Loss: 0.00330, EPS: 0.928
Epoch: 8, Train Loss: 0.00315, Valid Loss: 0.00325, EPS: 0.919
Epoch: 9, Train Loss: 0.00315, Valid Loss: 0.00326, EPS: 0.91
Epoch: 10, Train Loss: 0.00316, Valid Loss: 0.00328, EPS: 0.901
Epoch: 11, Train Loss: 0.00317, Valid Loss: 0.00323, EPS: 0.892
Epoch: 12, Train Loss: 0.00318, Valid Loss: 0.00327, EPS: 0.883
Epoch: 13, Train Loss: 0.00316, Valid Loss: 0.00327, EPS: 0.874
Epoch: 14, Train Loss: 0.00317, Valid Loss: 0.00330, EPS: 0.865
Epoch: 15, Train Loss: 0.00318, Valid Loss: 0.00329, EPS: 0.856
Epoch: 16, Train Loss: 0.00318, Valid Loss: 0.00326, EPS: 0.847
Epoch: 17, Train Loss: 0.00318, Valid Loss: 0.00325, EPS: 0.8380000000000001
Epoch: 18, Train Loss: 0.00319, Valid Loss: 0.00329, EPS: 0.8290000000000001
Epoch: 19, Train Loss: 0.00321, Valid Loss: 0.00326, EPS: 0.8200000000000001
Epoch: 20, Train Loss: 0.00320, Valid Loss: 0.00329, EPS: 0.811
Epoch: 21, Train Loss: 0.00319, Valid Loss: 0.00329, EPS: 0.802
Epoch: 22, Train Loss: 0.00322, Valid Loss: 0.00326, EPS: 0.793
Epoch: 23, Train Loss: 0.00297, Valid Loss: 0.00313, EPS: 0.784
Epoch: 24, Train Loss: 0.00284, Valid Loss: 0.00307, EPS: 0.775
Epoch: 25, Train Loss: 0.00275, Valid Loss: 0.00303, EPS: 0.766
Epoch: 26, Train Loss: 0.00271, Valid Loss: 0.00299, EPS: 0.757
Epoch: 27, Train Loss: 0.00267, Valid Loss: 0.00298, EPS: 0.748
Epoch: 28, Train Loss: 0.00267, Valid Loss: 0.00298, EPS: 0.739
Epoch: 29, Train Loss: 0.00265, Valid Loss: 0.00297, EPS: 0.73
Epoch: 30, Train Loss: 0.00266, Valid Loss: 0.00297, EPS: 0.721
Epoch: 31, Train Loss: 0.00265, Valid Loss: 0.00296, EPS: 0.712
Epoch: 32, Train Loss: 0.00264, Valid Loss: 0.00296, EPS: 0.703
Epoch: 33, Train Loss: 0.00263, Valid Loss: 0.00295, EPS: 0.694
Epoch: 34, Train Loss: 0.00263, Valid Loss: 0.00296, EPS: 0.685
Epoch: 35, Train Loss: 0.00263, Valid Loss: 0.00294, EPS: 0.676
Epoch: 36, Train Loss: 0.00262, Valid Loss: 0.00294, EPS: 0.667
Epoch: 37, Train Loss: 0.00261, Valid Loss: 0.00294, EPS: 0.658
Epoch: 38, Train Loss: 0.00263, Valid Loss: 0.00293, EPS: 0.649
Epoch: 39, Train Loss: 0.00261, Valid Loss: 0.00294, EPS: 0.64
Epoch: 40, Train Loss: 0.00263, Valid Loss: 0.00294, EPS: 0.6310000000000001
Epoch: 41, Train Loss: 0.00262, Valid Loss: 0.00292, EPS: 0.6220000000000001
Epoch: 42, Train Loss: 0.00261, Valid Loss: 0.00293, EPS: 0.6130000000000001
Epoch: 43, Train Loss: 0.00259, Valid Loss: 0.00294, EPS: 0.6040000000000001
Epoch: 44, Train Loss: 0.00261, Valid Loss: 0.00294, EPS: 0.5950000000000001
Epoch: 45, Train Loss: 0.00261, Valid Loss: 0.00294, EPS: 0.5860000000000001
Epoch: 46, Train Loss: 0.00261, Valid Loss: 0.00294, EPS: 0.5770000000000001
Epoch: 47, Train Loss: 0.00261, Valid Loss: 0.00294, EPS: 0.5680000000000001
Epoch: 48, Train Loss: 0.00262, Valid Loss: 0.00293, EPS: 0.559
Epoch: 49, Train Loss: 0.00261, Valid Loss: 0.00293, EPS: 0.55
Epoch: 50, Train Loss: 0.00262, Valid Loss: 0.00292, EPS: 0.541
Epoch: 51, Train Loss: 0.00259, Valid Loss: 0.00293, EPS: 0.532
Epoch: 52, Train Loss: 0.00260, Valid Loss: 0.00293, EPS: 0.523
Epoch: 53, Train Loss: 0.00256, Valid Loss: 0.00294, EPS: 0.514
Epoch: 54, Train Loss: 0.00257, Valid Loss: 0.00292, EPS: 0.505
Epoch: 55, Train Loss: 0.00257, Valid Loss: 0.00292, EPS: 0.496
Epoch: 56, Train Loss: 0.00256, Valid Loss: 0.00292, EPS: 0.4870000000000001
Epoch: 57, Train Loss: 0.00257, Valid Loss: 0.00292, EPS: 0.4780000000000001
Epoch: 58, Train Loss: 0.00256, Valid Loss: 0.00292, EPS: 0.4690000000000001
Epoch: 59, Train Loss: 0.00257, Valid Loss: 0.00292, EPS: 0.4600000000000001
Epoch: 60, Train Loss: 0.00256, Valid Loss: 0.00292, EPS: 0.45100000000000007
Epoch: 61, Train Loss: 0.00255, Valid Loss: 0.00292, EPS: 0.44200000000000006
Epoch: 62, Train Loss: 0.00255, Valid Loss: 0.00291, EPS: 0.43300000000000005
Epoch: 63, Train Loss: 0.00255, Valid Loss: 0.00292, EPS: 0.42400000000000004
Epoch: 64, Train Loss: 0.00255, Valid Loss: 0.00291, EPS: 0.41500000000000004
Epoch: 65, Train Loss: 0.00256, Valid Loss: 0.00291, EPS: 0.406
Epoch: 66, Train Loss: 0.00256, Valid Loss: 0.00292, EPS: 0.397
Epoch: 67, Train Loss: 0.00255, Valid Loss: 0.00292, EPS: 0.388
Epoch: 68, Train Loss: 0.00256, Valid Loss: 0.00292, EPS: 0.3790000000000001
Epoch: 69, Train Loss: 0.00256, Valid Loss: 0.00291, EPS: 0.3700000000000001
Epoch: 70, Train Loss: 0.00254, Valid Loss: 0.00291, EPS: 0.3610000000000001
Epoch: 71, Train Loss: 0.00255, Valid Loss: 0.00291, EPS: 0.3520000000000001
Epoch: 72, Train Loss: 0.00255, Valid Loss: 0.00292, EPS: 0.343
Epoch: 73, Train Loss: 0.00256, Valid Loss: 0.00291, EPS: 0.334
Epoch: 74, Train Loss: 0.00256, Valid Loss: 0.00292, EPS: 0.325
Epoch: 75, Train Loss: 0.00256, Valid Loss: 0.00291, EPS: 0.316
Epoch: 76, Train Loss: 0.00254, Valid Loss: 0.00292, EPS: 0.307
Epoch: 77, Train Loss: 0.00254, Valid Loss: 0.00292, EPS: 0.298
Epoch: 78, Train Loss: 0.00254, Valid Loss: 0.00292, EPS: 0.289
Epoch: 79, Train Loss: 0.00254, Valid Loss: 0.00291, EPS: 0.27999999999999997
Epoch: 80, Train Loss: 0.00256, Valid Loss: 0.00291, EPS: 0.27099999999999996
Epoch: 81, Train Loss: 0.00255, Valid Loss: 0.00291, EPS: 0.26200000000000007
Epoch: 82, Train Loss: 0.00255, Valid Loss: 0.00291, EPS: 0.25300000000000006
Epoch: 83, Train Loss: 0.00255, Valid Loss: 0.00292, EPS: 0.24400000000000005
Epoch: 84, Train Loss: 0.00255, Valid Loss: 0.00291, EPS: 0.23500000000000004
Epoch: 85, Train Loss: 0.00255, Valid Loss: 0.00292, EPS: 0.22600000000000003
Epoch: 86, Train Loss: 0.00255, Valid Loss: 0.00292, EPS: 0.21700000000000003
Epoch: 87, Train Loss: 0.00255, Valid Loss: 0.00290, EPS: 0.20800000000000002
Epoch: 88, Train Loss: 0.00255, Valid Loss: 0.00291, EPS: 0.199
Epoch: 89, Train Loss: 0.00254, Valid Loss: 0.00291, EPS: 0.19
Epoch: 90, Train Loss: 0.00254, Valid Loss: 0.00291, EPS: 0.181
Epoch: 91, Train Loss: 0.00255, Valid Loss: 0.00292, EPS: 0.172
Epoch: 92, Train Loss: 0.00254, Valid Loss: 0.00292, EPS: 0.16299999999999998
Epoch: 93, Train Loss: 0.00256, Valid Loss: 0.00291, EPS: 0.15400000000000005
Epoch: 94, Train Loss: 0.00255, Valid Loss: 0.00292, EPS: 0.14500000000000005
Epoch: 95, Train Loss: 0.00255, Valid Loss: 0.00290, EPS: 0.13600000000000004
Epoch: 96, Train Loss: 0.00255, Valid Loss: 0.00291, EPS: 0.12700000000000003
Epoch: 97, Train Loss: 0.00255, Valid Loss: 0.00291, EPS: 0.11800000000000002
Epoch: 98, Train Loss: 0.00254, Valid Loss: 0.00291, EPS: 0.10900000000000001
Epoch: 99, Train Loss: 0.00254, Valid Loss: 0.00292, EPS: 0.1
Test Loss: 0.00292
Test Loss: 0.00286
Running context window: 5 with stride: 10 with seed: 123
Shape: (5, 144, 72)
Epoch: 0, Train Loss: 0.00730, Valid Loss: 0.00533, EPS: 0.991
Epoch: 1, Train Loss: 0.00476, Valid Loss: 0.00440, EPS: 0.982
Epoch: 2, Train Loss: 0.00390, Valid Loss: 0.00396, EPS: 0.973
Epoch: 3, Train Loss: 0.00339, Valid Loss: 0.00370, EPS: 0.964
Epoch: 4, Train Loss: 0.00300, Valid Loss: 0.00349, EPS: 0.955
Epoch: 5, Train Loss: 0.00279, Valid Loss: 0.00340, EPS: 0.946
Epoch: 6, Train Loss: 0.00262, Valid Loss: 0.00333, EPS: 0.9369999999999999
Epoch: 7, Train Loss: 0.00250, Valid Loss: 0.00328, EPS: 0.928
Epoch: 8, Train Loss: 0.00243, Valid Loss: 0.00326, EPS: 0.919
Epoch: 9, Train Loss: 0.00238, Valid Loss: 0.00322, EPS: 0.91
Epoch: 10, Train Loss: 0.00233, Valid Loss: 0.00318, EPS: 0.901
Epoch: 11, Train Loss: 0.00229, Valid Loss: 0.00319, EPS: 0.892
Epoch: 12, Train Loss: 0.00225, Valid Loss: 0.00318, EPS: 0.883
Epoch: 13, Train Loss: 0.00224, Valid Loss: 0.00319, EPS: 0.874
Epoch: 14, Train Loss: 0.00224, Valid Loss: 0.00319, EPS: 0.865
Epoch: 15, Train Loss: 0.00224, Valid Loss: 0.00320, EPS: 0.856
Epoch: 16, Train Loss: 0.00222, Valid Loss: 0.00312, EPS: 0.847
Epoch: 17, Train Loss: 0.00220, Valid Loss: 0.00316, EPS: 0.8380000000000001
Epoch: 18, Train Loss: 0.00221, Valid Loss: 0.00315, EPS: 0.8290000000000001
Epoch: 19, Train Loss: 0.00217, Valid Loss: 0.00316, EPS: 0.8200000000000001
Epoch: 20, Train Loss: 0.00216, Valid Loss: 0.00315, EPS: 0.811
Epoch: 21, Train Loss: 0.00218, Valid Loss: 0.00318, EPS: 0.802
Epoch: 22, Train Loss: 0.00216, Valid Loss: 0.00312, EPS: 0.793
Epoch: 23, Train Loss: 0.00215, Valid Loss: 0.00316, EPS: 0.784
Epoch: 24, Train Loss: 0.00216, Valid Loss: 0.00317, EPS: 0.775
Epoch: 25, Train Loss: 0.00217, Valid Loss: 0.00314, EPS: 0.766
Epoch: 26, Train Loss: 0.00213, Valid Loss: 0.00311, EPS: 0.757
Epoch: 27, Train Loss: 0.00212, Valid Loss: 0.00313, EPS: 0.748
Epoch: 28, Train Loss: 0.00213, Valid Loss: 0.00315, EPS: 0.739
Epoch: 29, Train Loss: 0.00211, Valid Loss: 0.00309, EPS: 0.73
Epoch: 30, Train Loss: 0.00211, Valid Loss: 0.00313, EPS: 0.721
Epoch: 31, Train Loss: 0.00211, Valid Loss: 0.00314, EPS: 0.712
Epoch: 32, Train Loss: 0.00207, Valid Loss: 0.00310, EPS: 0.703
Epoch: 33, Train Loss: 0.00210, Valid Loss: 0.00314, EPS: 0.694
Epoch: 34, Train Loss: 0.00208, Valid Loss: 0.00310, EPS: 0.685
Epoch: 35, Train Loss: 0.00208, Valid Loss: 0.00312, EPS: 0.676
Epoch: 36, Train Loss: 0.00208, Valid Loss: 0.00309, EPS: 0.667
Epoch: 37, Train Loss: 0.00206, Valid Loss: 0.00310, EPS: 0.658
Epoch: 38, Train Loss: 0.00204, Valid Loss: 0.00312, EPS: 0.649
Epoch: 39, Train Loss: 0.00207, Valid Loss: 0.00310, EPS: 0.64
Epoch: 40, Train Loss: 0.00206, Valid Loss: 0.00314, EPS: 0.6310000000000001
Epoch: 41, Train Loss: 0.00191, Valid Loss: 0.00305, EPS: 0.6220000000000001
Epoch: 42, Train Loss: 0.00180, Valid Loss: 0.00298, EPS: 0.6130000000000001
Epoch: 43, Train Loss: 0.00174, Valid Loss: 0.00295, EPS: 0.6040000000000001
Epoch: 44, Train Loss: 0.00171, Valid Loss: 0.00294, EPS: 0.5950000000000001
Epoch: 45, Train Loss: 0.00167, Valid Loss: 0.00292, EPS: 0.5860000000000001
Epoch: 46, Train Loss: 0.00164, Valid Loss: 0.00292, EPS: 0.5770000000000001
Epoch: 47, Train Loss: 0.00163, Valid Loss: 0.00289, EPS: 0.5680000000000001
Epoch: 48, Train Loss: 0.00161, Valid Loss: 0.00289, EPS: 0.559
Epoch: 49, Train Loss: 0.00159, Valid Loss: 0.00289, EPS: 0.55
Epoch: 50, Train Loss: 0.00159, Valid Loss: 0.00288, EPS: 0.541
Epoch: 51, Train Loss: 0.00158, Valid Loss: 0.00289, EPS: 0.532
Epoch: 52, Train Loss: 0.00157, Valid Loss: 0.00288, EPS: 0.523
Epoch: 53, Train Loss: 0.00157, Valid Loss: 0.00288, EPS: 0.514
Epoch: 54, Train Loss: 0.00156, Valid Loss: 0.00289, EPS: 0.505
Epoch: 55, Train Loss: 0.00155, Valid Loss: 0.00291, EPS: 0.496
Epoch: 56, Train Loss: 0.00154, Valid Loss: 0.00287, EPS: 0.4870000000000001
Epoch: 57, Train Loss: 0.00154, Valid Loss: 0.00289, EPS: 0.4780000000000001
Epoch: 58, Train Loss: 0.00152, Valid Loss: 0.00289, EPS: 0.4690000000000001
Epoch: 59, Train Loss: 0.00152, Valid Loss: 0.00290, EPS: 0.4600000000000001
Epoch: 60, Train Loss: 0.00150, Valid Loss: 0.00288, EPS: 0.45100000000000007
Epoch: 61, Train Loss: 0.00150, Valid Loss: 0.00291, EPS: 0.44200000000000006
Epoch: 62, Train Loss: 0.00149, Valid Loss: 0.00289, EPS: 0.43300000000000005
Epoch: 63, Train Loss: 0.00148, Valid Loss: 0.00290, EPS: 0.42400000000000004
Epoch: 64, Train Loss: 0.00146, Valid Loss: 0.00292, EPS: 0.41500000000000004
Epoch: 65, Train Loss: 0.00144, Valid Loss: 0.00293, EPS: 0.406
Epoch: 66, Train Loss: 0.00143, Valid Loss: 0.00293, EPS: 0.397
Epoch: 67, Train Loss: 0.00141, Valid Loss: 0.00295, EPS: 0.388
Epoch: 68, Train Loss: 0.00138, Valid Loss: 0.00292, EPS: 0.3790000000000001
Epoch: 69, Train Loss: 0.00136, Valid Loss: 0.00292, EPS: 0.3700000000000001
Epoch: 70, Train Loss: 0.00135, Valid Loss: 0.00293, EPS: 0.3610000000000001
Epoch: 71, Train Loss: 0.00135, Valid Loss: 0.00293, EPS: 0.3520000000000001
Epoch: 72, Train Loss: 0.00134, Valid Loss: 0.00294, EPS: 0.343
Epoch: 73, Train Loss: 0.00135, Valid Loss: 0.00293, EPS: 0.334
Epoch: 74, Train Loss: 0.00134, Valid Loss: 0.00294, EPS: 0.325
Epoch: 75, Train Loss: 0.00133, Valid Loss: 0.00292, EPS: 0.316
Epoch: 76, Train Loss: 0.00133, Valid Loss: 0.00293, EPS: 0.307
Epoch: 77, Train Loss: 0.00133, Valid Loss: 0.00292, EPS: 0.298
Epoch: 78, Train Loss: 0.00133, Valid Loss: 0.00293, EPS: 0.289
Epoch: 79, Train Loss: 0.00132, Valid Loss: 0.00292, EPS: 0.27999999999999997
Epoch: 80, Train Loss: 0.00132, Valid Loss: 0.00292, EPS: 0.27099999999999996
Epoch: 81, Train Loss: 0.00132, Valid Loss: 0.00293, EPS: 0.26200000000000007
Epoch: 82, Train Loss: 0.00132, Valid Loss: 0.00294, EPS: 0.25300000000000006
Epoch: 83, Train Loss: 0.00132, Valid Loss: 0.00293, EPS: 0.24400000000000005
Epoch: 84, Train Loss: 0.00132, Valid Loss: 0.00292, EPS: 0.23500000000000004
Epoch: 85, Train Loss: 0.00132, Valid Loss: 0.00292, EPS: 0.22600000000000003
Epoch: 86, Train Loss: 0.00131, Valid Loss: 0.00292, EPS: 0.21700000000000003
Epoch: 87, Train Loss: 0.00132, Valid Loss: 0.00293, EPS: 0.20800000000000002
Epoch: 88, Train Loss: 0.00132, Valid Loss: 0.00293, EPS: 0.199
Epoch: 89, Train Loss: 0.00132, Valid Loss: 0.00292, EPS: 0.19
Epoch: 90, Train Loss: 0.00132, Valid Loss: 0.00292, EPS: 0.181
Epoch: 91, Train Loss: 0.00133, Valid Loss: 0.00293, EPS: 0.172
Epoch: 92, Train Loss: 0.00130, Valid Loss: 0.00292, EPS: 0.16299999999999998
Epoch: 93, Train Loss: 0.00131, Valid Loss: 0.00294, EPS: 0.15400000000000005
Epoch: 94, Train Loss: 0.00132, Valid Loss: 0.00292, EPS: 0.14500000000000005
Epoch: 95, Train Loss: 0.00132, Valid Loss: 0.00295, EPS: 0.13600000000000004
Epoch: 96, Train Loss: 0.00131, Valid Loss: 0.00293, EPS: 0.12700000000000003
Epoch: 97, Train Loss: 0.00131, Valid Loss: 0.00293, EPS: 0.11800000000000002
Epoch: 98, Train Loss: 0.00131, Valid Loss: 0.00294, EPS: 0.10900000000000001
Epoch: 99, Train Loss: 0.00133, Valid Loss: 0.00293, EPS: 0.1
Test Loss: 0.00292
Test Loss: 0.00289
